  4.8058850e+005  8.2884479e+006  1.4646170e+003  9.4061078e+002
  4.8055991e+005  8.2884680e+006  1.4675120e+003  9.4391617e+002
  4.8053123e+005  8.2884881e+006  1.4701420e+003  9.4619760e+002
  4.8050247e+005  8.2885081e+006  1.4731800e+003  9.0924551e+002
  4.8047359e+005  8.2885280e+006  1.4759040e+003  9.1164072e+002
  4.8044460e+005  8.2885478e+006  1.4789790e+003  9.1521557e+002
  4.8041544e+005  8.2885674e+006  1.4818310e+003  8.3713772e+002
  4.8038609e+005  8.2885868e+006  1.4847170e+003  8.4025150e+002
  4.8035652e+005  8.2886058e+006  1.4876230e+003  8.4356886e+002
  4.8032671e+005  8.2886245e+006  1.4904810e+003  7.6595210e+002
  4.8029668e+005  8.2886429e+006  1.4928760e+003  7.6780838e+002
  4.8026645e+005  8.2886611e+006  1.4950030e+003  7.6877246e+002
  4.8023605e+005  8.2886789e+006  1.4966690e+003  7.6807186e+002
  4.8020554e+005  8.2886967e+006  1.4977710e+003  7.6540719e+002
  4.8017497e+005  8.2887143e+006  1.4984570e+003  7.2079042e+002
  4.8014439e+005  8.2887320e+006  1.4985030e+003  7.1447904e+002
  4.8011385e+005  8.2887499e+006  1.4982010e+003  7.0700000e+002
  4.8008339e+005  8.2887680e+006  1.4978510e+003  6.9941317e+002
  4.8005308e+005  8.2887865e+006  1.4974790e+003  6.9180838e+002
  4.8002294e+005  8.2888054e+006  1.4971290e+003  6.8432934e+002
  4.7999301e+005  8.2888247e+006  1.4967100e+003  6.7665269e+002
  4.7996332e+005  8.2888446e+006  1.4963020e+003  7.0942515e+002
  4.7993388e+005  8.2888649e+006  1.4961460e+003  7.0247904e+002
  4.7990470e+005  8.2888857e+006  1.4962590e+003  6.5582635e+002
  4.7987574e+005  8.2889069e+006  1.4963780e+003  6.9004192e+002
  4.7984698e+005  8.2889284e+006  1.4967010e+003  6.4388024e+002
  4.7981837e+005  8.2889502e+006  1.4965170e+003  6.7680240e+002
  4.7978987e+005  8.2889721e+006  1.4965410e+003  6.2928144e+002
  4.7976191e+005  8.2889939e+006  1.4966960e+003  6.6309581e+002
  4.7973354e+005  8.2890160e+006  1.4967420e+003  6.5583234e+002
  4.7970519e+005  8.2890382e+006  1.4964390e+003  6.4730539e+002
  4.7967682e+005  8.2890604e+006  1.4964480e+003  6.8025150e+002
  4.7964841e+005  8.2890825e+006  1.4964530e+003  6.3208982e+002
  4.7961996e+005  8.2891045e+006  1.4966020e+003  6.6522754e+002
  4.7959146e+005  8.2891264e+006  1.4969230e+003  6.5831138e+002
  4.7956292e+005  8.2891483e+006  1.4975120e+003  6.9264671e+002
  4.7953433e+005  8.2891700e+006  1.4984220e+003  6.4700599e+002
  4.7950571e+005  8.2891917e+006  1.4994440e+003  6.8266467e+002
  4.7947705e+005  8.2892133e+006  1.5004530e+003  6.7779042e+002
  4.7944836e+005  8.2892348e+006  1.5017700e+003  7.1447904e+002
  4.7941964e+005  8.2892562e+006  1.5031940e+003  7.5172455e+002
  4.7939086e+005  8.2892776e+006  1.5045560e+003  8.2999401e+002
  4.7936198e+005  8.2892991e+006  1.5057670e+003  8.2798802e+002
  4.7933296e+005  8.2893205e+006  1.5067550e+003  7.4612575e+002
  4.7930375e+005  8.2893421e+006  1.5075080e+003  7.4641317e+002
  4.7927432e+005  8.2893637e+006  1.5081190e+003  7.4846108e+002
  4.7924462e+005  8.2893855e+006  1.5085080e+003  7.5135329e+002
  4.7921465e+005  8.2894075e+006  1.5087010e+003  7.1435928e+002
  4.7918442e+005  8.2894296e+006  1.5078700e+003  6.7456287e+002
  4.7915392e+005  8.2894520e+006  1.5066120e+003  7.1453293e+002
  4.7912316e+005  8.2894746e+006  1.5048000e+003  7.1220958e+002
  4.7909217e+005  8.2894975e+006  1.5019300e+003  7.0611976e+002
  4.7906096e+005  8.2895205e+006  1.4982260e+003  6.5649102e+002
  4.7902954e+005  8.2895437e+006  1.4935490e+003  6.0323952e+002
  4.7899792e+005  8.2895672e+006  1.4878360e+003  5.0561078e+002
  4.7896614e+005  8.2895908e+006  1.4812200e+003  4.8554491e+002
  4.7893419e+005  8.2896146e+006  1.4751830e+003  4.2668263e+002
  4.7890210e+005  8.2896385e+006  1.4681640e+003  4.8568263e+002
  4.7886987e+005  8.2896626e+006  1.4610740e+003  4.2279641e+002
  4.7883750e+005  8.2896869e+006  1.4533100e+003  4.3844311e+002
  4.7880500e+005  8.2897113e+006  1.4443960e+003  4.0965269e+002
  4.7877237e+005  8.2897357e+006  1.4356500e+003  3.8136527e+002
  4.7873961e+005  8.2897603e+006  1.4261510e+003  3.5044910e+002
  4.7870673e+005  8.2897850e+006  1.4157640e+003  3.5704790e+002
  4.7867373e+005  8.2898097e+006  1.4055520e+003  3.6431737e+002
  4.7864062e+005  8.2898346e+006  1.3938500e+003  3.6663473e+002
  4.7860740e+005  8.2898596e+006  1.3805210e+003  3.2308982e+002
  4.7735038e+005  8.2898397e+006  1.2853580e+003  7.9293413e+001
  4.7739474e+005  8.2898268e+006  1.2987070e+003  1.2658084e+002
  4.7743910e+005  8.2898140e+006  1.3187880e+003  2.7667665e+002
  4.7748345e+005  8.2898012e+006  1.3384150e+003  3.4309581e+002
  4.7752775e+005  8.2897886e+006  1.3565820e+003  3.6264671e+002
  4.7757197e+005  8.2897760e+006  1.3733780e+003  4.5736527e+002
  4.7761607e+005  8.2897636e+006  1.3889040e+003  5.4667665e+002
  4.7766004e+005  8.2897512e+006  1.4002020e+003  7.0163473e+002
  4.7770384e+005  8.2897390e+006  1.4060250e+003  6.7497006e+002
  4.7774743e+005  8.2897269e+006  1.4052020e+003  7.0557485e+002
  4.7779080e+005  8.2897149e+006  1.4024780e+003  7.2848503e+002
  4.7783390e+005  8.2897030e+006  1.3971950e+003  7.0098204e+002
  4.7787671e+005  8.2896913e+006  1.3934140e+003  7.1771856e+002
  4.7791919e+005  8.2896798e+006  1.3914860e+003  7.7981437e+002
  4.7796130e+005  8.2896684e+006  1.3906450e+003  8.0389222e+002
  4.7800302e+005  8.2896571e+006  1.3901840e+003  7.8769461e+002
  4.7804436e+005  8.2896460e+006  1.3901090e+003  7.7234132e+002
  4.7808533e+005  8.2896350e+006  1.3907640e+003  7.9983832e+002
  4.7812596e+005  8.2896242e+006  1.3917280e+003  7.4764671e+002
  4.7816630e+005  8.2896134e+006  1.3929210e+003  6.9736527e+002
  4.7820642e+005  8.2896028e+006  1.3947570e+003  6.5080838e+002
  4.7824636e+005  8.2895922e+006  1.3962390e+003  6.4577844e+002
  4.7828618e+005  8.2895816e+006  1.3982230e+003  6.4446108e+002
  4.7832588e+005  8.2895710e+006  1.4012540e+003  5.6756287e+002
  4.7836548e+005  8.2895601e+006  1.4053870e+003  5.3622754e+002
  4.7840497e+005  8.2895491e+006  1.4108350e+003  4.6979042e+002
  4.7844435e+005  8.2895378e+006  1.4174290e+003  4.0794611e+002
  4.7848361e+005  8.2895261e+006  1.4252350e+003  4.3158683e+002
  4.7852276e+005  8.2895141e+006  1.4331540e+003  4.1582036e+002
  4.7856180e+005  8.2895015e+006  1.4408990e+003  5.2174850e+002
  4.7860072e+005  8.2894886e+006  1.4488210e+003  5.0746707e+002
  4.7863951e+005  8.2894750e+006  1.4554470e+003  5.2971257e+002
  4.7867816e+005  8.2894610e+006  1.4624950e+003  5.5364072e+002
  4.7871661e+005  8.2894463e+006  1.4685380e+003  5.7346108e+002
  4.7875480e+005  8.2894311e+006  1.4749320e+003  5.9336527e+002
  4.7879266e+005  8.2894152e+006  1.4802150e+003  6.0771856e+002
  4.7883011e+005  8.2893988e+006  1.4847270e+003  6.1743713e+002
  4.7886711e+005  8.2893819e+006  1.4892160e+003  6.2507186e+002
  4.7890364e+005  8.2893646e+006  1.4926990e+003  7.0881437e+002
  4.7893970e+005  8.2893469e+006  1.4956970e+003  6.2765868e+002
  4.7897529e+005  8.2893291e+006  1.4977540e+003  6.2304192e+002
  4.7901042e+005  8.2893112e+006  1.4990870e+003  5.7414371e+002
  4.7904513e+005  8.2892933e+006  1.5002540e+003  6.4486228e+002
  4.7907943e+005  8.2892755e+006  1.5007110e+003  6.3103593e+002
  4.7911337e+005  8.2892580e+006  1.5005550e+003  6.1419162e+002
  4.7914696e+005  8.2892409e+006  1.5001010e+003  6.7663473e+002
  4.7918027e+005  8.2892241e+006  1.4993330e+003  7.3774850e+002
  4.7921334e+005  8.2892078e+006  1.4981710e+003  7.1677246e+002
  4.7924619e+005  8.2891920e+006  1.4967440e+003  6.9523353e+002
  4.7927888e+005  8.2891767e+006  1.4955150e+003  7.1534132e+002
  4.7931140e+005  8.2891618e+006  1.4947390e+003  6.9711377e+002
  4.7934379e+005  8.2891475e+006  1.4933420e+003  7.1794611e+002
  4.7937607e+005  8.2891337e+006  1.4926020e+003  7.0108383e+002
  4.7940826e+005  8.2891204e+006  1.4923350e+003  7.2730539e+002
  4.7944039e+005  8.2891075e+006  1.4925550e+003  6.7551497e+002
  4.7947254e+005  8.2890949e+006  1.4928270e+003  6.6633533e+002
  4.7950473e+005  8.2890826e+006  1.4934000e+003  7.0073653e+002
  4.7953699e+005  8.2890705e+006  1.4939070e+003  6.9676647e+002
  4.7956935e+005  8.2890586e+006  1.4945660e+003  6.9520958e+002
  4.7960184e+005  8.2890467e+006  1.4951850e+003  6.9510180e+002
  4.7963444e+005  8.2890348e+006  1.4959620e+003  6.9648503e+002
  4.7966718e+005  8.2890228e+006  1.4967270e+003  6.5828144e+002
  4.7970004e+005  8.2890108e+006  1.4973110e+003  6.6085629e+002
  4.7973306e+005  8.2889985e+006  1.4979980e+003  7.0535329e+002
  4.7976624e+005  8.2889861e+006  1.4985900e+003  6.6920958e+002
  4.7979956e+005  8.2889735e+006  1.4993010e+003  6.7434731e+002
  4.7983303e+005  8.2889606e+006  1.4999510e+003  6.3887425e+002
  4.7986665e+005  8.2889475e+006  1.5005440e+003  6.4364671e+002
  4.7990040e+005  8.2889341e+006  1.5013440e+003  6.4894012e+002
  4.7993426e+005  8.2889206e+006  1.5022940e+003  6.5447305e+002
  4.7996823e+005  8.2889068e+006  1.5029100e+003  6.1812575e+002
  4.8000230e+005  8.2888928e+006  1.5034230e+003  6.2166467e+002
  4.8003647e+005  8.2888787e+006  1.5036810e+003  6.2401796e+002
  4.8007073e+005  8.2888645e+006  1.5038480e+003  6.6620958e+002
  4.8010510e+005  8.2888501e+006  1.5035930e+003  6.2572455e+002
  4.8013956e+005  8.2888357e+006  1.5031450e+003  5.8430539e+002
  4.8017412e+005  8.2888211e+006  1.5021790e+003  5.8137126e+002
  4.8020880e+005  8.2888066e+006  1.5007830e+003  5.7706587e+002
  4.8024361e+005  8.2887919e+006  1.4990610e+003  5.7214371e+002
  4.8027857e+005  8.2887772e+006  1.4969990e+003  5.6685629e+002
  4.8031372e+005  8.2887625e+006  1.4947360e+003  6.0269461e+002
  4.8034909e+005  8.2887477e+006  1.4917940e+003  6.3733533e+002
  4.8038471e+005  8.2887328e+006  1.4887500e+003  6.3204192e+002
  4.8042061e+005  8.2887180e+006  1.4852980e+003  5.4492216e+002
  4.8045680e+005  8.2887032e+006  1.4820010e+003  4.9920359e+002
  4.8049329e+005  8.2886884e+006  1.4786060e+003  5.7480240e+002
  4.8053008e+005  8.2886736e+006  1.4748220e+003  5.2774850e+002
  4.8056716e+005  8.2886589e+006  1.4710850e+003  5.2137725e+002
  4.7773596e+005  8.2860212e+006  1.3109950e+003  1.2929820e+003
  4.7769505e+005  8.2860114e+006  1.3091990e+003  1.2884371e+003
  4.7765407e+005  8.2860018e+006  1.3067220e+003  1.2815509e+003
  4.7761302e+005  8.2859922e+006  1.3045270e+003  1.2351138e+003
  4.7757191e+005  8.2859826e+006  1.3019520e+003  1.2278383e+003
  4.7753073e+005  8.2859732e+006  1.2992500e+003  1.2200958e+003
  4.7748949e+005  8.2859638e+006  1.2964200e+003  1.2523054e+003
  4.7744818e+005  8.2859544e+006  1.2937280e+003  1.2042814e+003
  4.7740682e+005  8.2859451e+006  1.2910900e+003  1.2378204e+003
  4.7736538e+005  8.2859358e+006  1.2883860e+003  1.2314910e+003
  4.7732385e+005  8.2859265e+006  1.2856430e+003  1.1446287e+003
  4.7728222e+005  8.2859172e+006  1.2828340e+003  1.1389461e+003
  4.7724049e+005  8.2859079e+006  1.2799930e+003  1.0524551e+003
  4.7719864e+005  8.2858986e+006  1.2769510e+003  1.0464431e+003
  4.7715669e+005  8.2858892e+006  1.2738520e+003  9.9989222e+002
  4.7711464e+005  8.2858798e+006  1.2708180e+003  9.9408383e+002
  4.7707248e+005  8.2858704e+006  1.2668530e+003  9.4462874e+002
  4.7703024e+005  8.2858610e+006  1.2628380e+003  9.3536527e+002
  4.7698789e+005  8.2858515e+006  1.2578830e+003  8.8235329e+002
  4.7694546e+005  8.2858420e+006  1.2528570e+003  8.2900599e+002
  4.7690293e+005  8.2858326e+006  1.2475500e+003  8.1511976e+002
  4.7686032e+005  8.2858231e+006  1.2424180e+003  7.6128144e+002
  4.7681763e+005  8.2858136e+006  1.2362680e+003  7.4432335e+002
  4.7677487e+005  8.2858042e+006  1.2292020e+003  6.8302395e+002
  4.7673206e+005  8.2857947e+006  1.2210030e+003  6.5768862e+002
  4.7668921e+005  8.2857854e+006  1.2127870e+003  6.3161078e+002
  4.7664634e+005  8.2857761e+006  1.2050870e+003  6.0680240e+002
  4.7660345e+005  8.2857668e+006  1.1982200e+003  5.0343713e+002
  4.7656056e+005  8.2857576e+006  1.1931460e+003  4.8672455e+002
  4.7651767e+005  8.2857485e+006  1.1882830e+003  5.1105389e+002
  4.7647478e+005  8.2857395e+006  1.1814530e+003  4.8814371e+002
  4.7433946e+005  8.2853251e+006  1.2417890e+003  1.6096886e+003
  4.7429702e+005  8.2853170e+006  1.2426900e+003  1.6121018e+003
  4.7425460e+005  8.2853088e+006  1.2441340e+003  1.6163533e+003
  4.7421220e+005  8.2853007e+006  1.2454870e+003  1.6607605e+003
  4.7416982e+005  8.2852925e+006  1.2467820e+003  1.6240120e+003
  4.7412745e+005  8.2852843e+006  1.2479410e+003  1.6272994e+003
  4.7408510e+005  8.2852761e+006  1.2500510e+003  1.5933413e+003
  4.7404277e+005  8.2852679e+006  1.2532110e+003  1.6034371e+003
  4.7391585e+005  8.2852432e+006  1.2711820e+003  6.5062275e+002
  4.7387358e+005  8.2852349e+006  1.2787160e+003  6.3515569e+002
  4.7383133e+005  8.2852266e+006  1.2866410e+003  6.2102395e+002
  4.7378911e+005  8.2852182e+006  1.2938870e+003  6.4509581e+002
  4.7374692e+005  8.2852098e+006  1.3004460e+003  5.8590419e+002
  4.7370476e+005  8.2852012e+006  1.3065420e+003  5.6563473e+002
  4.7366265e+005  8.2851924e+006  1.3121820e+003  5.0331138e+002
  4.7362058e+005  8.2851836e+006  1.3182670e+003  5.2340719e+002
  4.7357856e+005  8.2851746e+006  1.3250220e+003  4.6479641e+002
  4.7353659e+005  8.2851654e+006  1.3324100e+003  4.8924551e+002
  4.7349466e+005  8.2851561e+006  1.3410120e+003  4.7726946e+002
  4.7345277e+005  8.2851466e+006  1.3502230e+003  4.2685030e+002
  4.7341093e+005  8.2851370e+006  1.3601070e+003  4.5962275e+002
  4.7336914e+005  8.2851273e+006  1.3703890e+003  4.1273054e+002
  4.7332739e+005  8.2851175e+006  1.3804610e+003  4.0553293e+002
  4.7328568e+005  8.2851075e+006  1.3897640e+003  4.3615569e+002
  4.7324400e+005  8.2850975e+006  1.3982960e+003  4.6414371e+002
  4.7320235e+005  8.2850874e+006  1.4058570e+003  4.8882036e+002
  4.7316074e+005  8.2850772e+006  1.4125960e+003  5.5115569e+002
  4.7311916e+005  8.2850670e+006  1.4186940e+003  6.1130539e+002
  4.7307762e+005  8.2850566e+006  1.4232180e+003  6.6608383e+002
  4.7303611e+005  8.2850462e+006  1.4278220e+003  6.8060479e+002
  4.7299464e+005  8.2850358e+006  1.4320550e+003  7.3432934e+002
  4.7295320e+005  8.2850253e+006  1.4357700e+003  7.8630539e+002
  4.7291180e+005  8.2850148e+006  1.4392350e+003  7.9698204e+002
  4.7287043e+005  8.2850042e+006  1.4422420e+003  8.0608982e+002
  4.7282909e+005  8.2849935e+006  1.4455820e+003  8.5692216e+002
  4.7278777e+005  8.2849829e+006  1.4481420e+003  9.0544311e+002
  4.7274646e+005  8.2849721e+006  1.4504490e+003  9.1299401e+002
  4.7270516e+005  8.2849614e+006  1.4523120e+003  9.5973653e+002
  4.7266386e+005  8.2849506e+006  1.4546380e+003  9.2700000e+002
  4.7262260e+005  8.2849398e+006  1.4567020e+003  9.3294611e+002
  4.7258140e+005  8.2849289e+006  1.4586200e+003  9.3726347e+002
  4.7254027e+005  8.2849181e+006  1.4606330e+003  9.4094611e+002
  4.7249926e+005  8.2849072e+006  1.4624880e+003  9.4343114e+002
  4.7245835e+005  8.2848964e+006  1.4643590e+003  9.4549102e+002
  4.7241757e+005  8.2848855e+006  1.4657530e+003  9.4543713e+002
  4.7237694e+005  8.2848747e+006  1.4669830e+003  9.8471257e+002
  4.7233646e+005  8.2848639e+006  1.4676590e+003  9.8091018e+002
  4.7229616e+005  8.2848530e+006  1.4673680e+003  1.0949401e+003
  4.7225602e+005  8.2848422e+006  1.4672870e+003  1.0880240e+003
  4.7221605e+005  8.2848315e+006  1.4665510e+003  1.1598144e+003
  4.7217624e+005  8.2848207e+006  1.4655740e+003  1.1903713e+003
  4.7213658e+005  8.2848100e+006  1.4642850e+003  1.2199701e+003
  4.7209705e+005  8.2847994e+006  1.4629160e+003  1.2089401e+003
  4.7205764e+005  8.2847888e+006  1.4613980e+003  1.1975329e+003
  4.7201835e+005  8.2847784e+006  1.4600700e+003  1.2273772e+003
  4.7197916e+005  8.2847681e+006  1.4585090e+003  1.2160958e+003
  4.7194005e+005  8.2847579e+006  1.4567590e+003  1.2447964e+003
  4.7190103e+005  8.2847479e+006  1.4552780e+003  1.2745210e+003
  4.7186205e+005  8.2847381e+006  1.4539220e+003  1.3053054e+003
  4.7182310e+005  8.2847284e+006  1.4526100e+003  1.2965569e+003
  4.7178414e+005  8.2847188e+006  1.4512500e+003  1.3291737e+003
  4.7174514e+005  8.2847094e+006  1.4497980e+003  1.3219461e+003
  4.7170609e+005  8.2847002e+006  1.4486990e+003  1.3167844e+003
  4.7166695e+005  8.2846911e+006  1.4475350e+003  1.3121257e+003
  4.7162773e+005  8.2846821e+006  1.4462460e+003  1.3482036e+003
  4.7158840e+005  8.2846732e+006  1.4449870e+003  1.3445150e+003
  4.7154897e+005  8.2846644e+006  1.4436330e+003  1.3814790e+003
  4.7150941e+005  8.2846556e+006  1.4424820e+003  1.3790838e+003
  4.7146973e+005  8.2846469e+006  1.4411350e+003  1.3764251e+003
  4.7142993e+005  8.2846382e+006  1.4398800e+003  1.4147784e+003
  4.7139003e+005  8.2846295e+006  1.4384890e+003  1.4123293e+003
  4.7135001e+005  8.2846207e+006  1.4371760e+003  1.4506467e+003
  4.7130991e+005  8.2846118e+006  1.4359310e+003  1.4487365e+003
  4.7126971e+005  8.2846029e+006  1.4344970e+003  1.4461617e+003
  4.7122942e+005  8.2845939e+006  1.4330270e+003  1.4838323e+003
  4.7118906e+005  8.2845848e+006  1.4314200e+003  1.5209461e+003
  4.7114862e+005  8.2845757e+006  1.4301430e+003  1.5185928e+003
  4.7110811e+005  8.2845664e+006  1.4287640e+003  1.5563293e+003
  4.7106753e+005  8.2845571e+006  1.4272170e+003  1.5529461e+003
  4.7102689e+005  8.2845477e+006  1.4257400e+003  1.5902096e+003
  4.7098618e+005  8.2845382e+006  1.4242730e+003  1.6274491e+003
  4.7094541e+005  8.2845286e+006  1.4226660e+003  1.6641796e+003
  4.7090459e+005  8.2845190e+006  1.4211460e+003  1.7011677e+003
  4.7086371e+005  8.2845093e+006  1.4195040e+003  1.6972934e+003
  4.7082279e+005  8.2844995e+006  1.4179300e+003  1.7341617e+003
  4.7078180e+005  8.2844897e+006  1.4163800e+003  1.7711557e+003
  4.7074077e+005  8.2844798e+006  1.4149410e+003  1.7680778e+003
  4.7069969e+005  8.2844698e+006  1.4133390e+003  1.8049461e+003
  4.7065855e+005  8.2844598e+006  1.4118120e+003  1.8420659e+003
  4.7061737e+005  8.2844497e+006  1.4100980e+003  1.8785629e+003
  4.7057613e+005  8.2844395e+006  1.4086130e+003  1.8753593e+003
  4.7053485e+005  8.2844293e+006  1.4070300e+003  1.8718862e+003
  4.7049351e+005  8.2844189e+006  1.4055250e+003  1.8282455e+003
  4.7045213e+005  8.2844085e+006  1.4040560e+003  1.7847844e+003
  4.7041068e+005  8.2843981e+006  1.4023670e+003  1.7811856e+003
  4.7036919e+005  8.2843876e+006  1.4009670e+003  1.7784431e+003
  4.7032766e+005  8.2843770e+006  1.3994650e+003  1.6940838e+003
  4.7028613e+005  8.2843663e+006  1.3981420e+003  1.6094072e+003
  4.7024458e+005  8.2843556e+006  1.3962890e+003  1.5625808e+003
  4.7020306e+005  8.2843449e+006  1.3947450e+003  1.5566587e+003
  4.7016158e+005  8.2843341e+006  1.3932580e+003  1.5099940e+003
  4.7012014e+005  8.2843233e+006  1.3914250e+003  1.5022695e+003
  4.7007874e+005  8.2843125e+006  1.3898030e+003  1.4949820e+003
  4.7003740e+005  8.2843016e+006  1.3879260e+003  1.4461497e+003
  4.6999610e+005  8.2842907e+006  1.3860090e+003  1.3970359e+003
  4.6995486e+005  8.2842798e+006  1.3841510e+003  1.3885030e+003
  4.6991367e+005  8.2842689e+006  1.3823190e+003  1.3799940e+003
  4.6987252e+005  8.2842579e+006  1.3803600e+003  1.3305150e+003
  4.6983144e+005  8.2842470e+006  1.3784320e+003  1.3215749e+003
  4.6979040e+005  8.2842360e+006  1.3764500e+003  1.3124431e+003
  4.6974943e+005  8.2842249e+006  1.3744800e+003  1.3033892e+003
  4.6970850e+005  8.2842139e+006  1.3722730e+003  1.2935509e+003
  4.6966762e+005  8.2842029e+006  1.3697760e+003  1.3232455e+003
  4.6962679e+005  8.2841918e+006  1.3672760e+003  1.3124850e+003
  4.6958601e+005  8.2841807e+006  1.3650380e+003  1.3431856e+003
  4.6954528e+005  8.2841696e+006  1.3630280e+003  1.4152335e+003
  4.6950458e+005  8.2841585e+006  1.3621700e+003  1.4508503e+003
  4.6946394e+005  8.2841474e+006  1.3614460e+003  1.4868443e+003
  4.6942333e+005  8.2841363e+006  1.3603280e+003  1.4808144e+003
  4.6938280e+005  8.2841252e+006  1.3593190e+003  1.5149162e+003
  4.6934235e+005  8.2841140e+006  1.3578490e+003  1.4659521e+003
  4.6930199e+005  8.2841029e+006  1.3569580e+003  1.3375449e+003
  4.6926174e+005  8.2840917e+006  1.3562410e+003  1.2499940e+003
  4.6922157e+005  8.2840806e+006  1.3552920e+003  1.1614611e+003
  4.6918151e+005  8.2840695e+006  1.3543550e+003  1.1132335e+003
  4.6914154e+005  8.2840584e+006  1.3533480e+003  1.0646467e+003
  4.6910165e+005  8.2840474e+006  1.3525250e+003  9.7610778e+002
  4.6906184e+005  8.2840364e+006  1.3512110e+003  9.6676048e+002
  4.6902211e+005  8.2840254e+006  1.3500000e+003  9.1734132e+002
  4.6898244e+005  8.2840146e+006  1.3487370e+003  8.6791018e+002
  4.6894280e+005  8.2840038e+006  1.3468820e+003  8.1714371e+002
  4.6890318e+005  8.2839930e+006  1.3449900e+003  7.6679641e+002
  4.6886355e+005  8.2839824e+006  1.3429860e+003  7.5705988e+002
  4.6882392e+005  8.2839718e+006  1.3406270e+003  7.0599401e+002
  4.6878427e+005  8.2839614e+006  1.3381230e+003  6.9518563e+002
  4.6874458e+005  8.2839510e+006  1.3353030e+003  6.4298802e+002
  4.6870487e+005  8.2839407e+006  1.3322690e+003  6.3071257e+002
  4.6866513e+005  8.2839305e+006  1.3289860e+003  6.1770659e+002
  4.6862536e+005  8.2839205e+006  1.3251220e+003  6.0272455e+002
  4.6858556e+005  8.2839105e+006  1.3208840e+003  5.4598802e+002
  4.6854573e+005  8.2839006e+006  1.3158380e+003  5.2698204e+002
  4.6850589e+005  8.2838908e+006  1.3100160e+003  5.0534132e+002
  4.6846603e+005  8.2838811e+006  1.3036570e+003  4.8184431e+002
  4.6842615e+005  8.2838714e+006  1.2968310e+003  4.5671856e+002
  4.6838627e+005  8.2838618e+006  1.2890200e+003  4.6877844e+002
  4.6834637e+005  8.2838523e+006  1.2803140e+003  4.3738922e+002
  4.6830648e+005  8.2838428e+006  1.2714180e+003  4.0543713e+002
  4.6826658e+005  8.2838333e+006  1.2613510e+003  4.1011377e+002
  4.6822668e+005  8.2838239e+006  1.2506260e+003  3.7219162e+002
  4.6818677e+005  8.2838144e+006  1.2392880e+003  3.7277844e+002
  4.6814686e+005  8.2838050e+006  1.2258670e+003  4.0685629e+002
  4.6810696e+005  8.2837956e+006  1.2117440e+003  3.5762874e+002
  4.6806704e+005  8.2837862e+006  1.1979600e+003  3.4998802e+002
  4.6802714e+005  8.2837768e+006  1.1806020e+003  2.4929341e+002
  4.6798723e+005  8.2837674e+006  1.1652050e+003  1.9564671e+002
  4.6794734e+005  8.2837579e+006  1.1521410e+003  1.4982036e+002
  4.6790746e+005  8.2837484e+006  1.1521300e+003  1.0753892e+002
  4.7134371e+005  8.2826503e+006  1.3320990e+003  1.2874551e+003
  4.7134645e+005  8.2826978e+006  1.3353410e+003  1.2611018e+003
  4.7134918e+005  8.2827451e+006  1.3389660e+003  1.2767425e+003
  4.7135194e+005  8.2827923e+006  1.3419560e+003  1.2498683e+003
  4.7135473e+005  8.2828394e+006  1.3450930e+003  1.2639521e+003
  4.7135760e+005  8.2828863e+006  1.3481800e+003  1.2769880e+003
  4.7136059e+005  8.2829330e+006  1.3513910e+003  1.2888084e+003
  4.7136374e+005  8.2829795e+006  1.3543800e+003  1.3380419e+003
  4.7136702e+005  8.2830257e+006  1.3573370e+003  1.3444431e+003
  4.7137041e+005  8.2830716e+006  1.3603330e+003  1.3084012e+003
  4.7137387e+005  8.2831170e+006  1.3635660e+003  1.3115389e+003
  4.7137738e+005  8.2831620e+006  1.3663240e+003  1.3110240e+003
  4.7138092e+005  8.2832063e+006  1.3696150e+003  1.2697725e+003
  4.7138446e+005  8.2832502e+006  1.3726180e+003  1.2665689e+003
  4.7138798e+005  8.2832934e+006  1.3758020e+003  1.2223713e+003
  4.7139146e+005  8.2833361e+006  1.3786020e+003  1.2172754e+003
  4.7139490e+005  8.2833782e+006  1.3815590e+003  1.1722575e+003
  4.7139831e+005  8.2834198e+006  1.3845780e+003  1.1681138e+003
  4.7140167e+005  8.2834607e+006  1.3875110e+003  1.1227425e+003
  4.7140500e+005  8.2835011e+006  1.3903390e+003  1.1170838e+003
  4.7140830e+005  8.2835409e+006  1.3930090e+003  1.1509102e+003
  4.7141156e+005  8.2835802e+006  1.3954740e+003  1.1436766e+003
  4.7141477e+005  8.2836188e+006  1.3979320e+003  1.1366707e+003
  4.7141793e+005  8.2836570e+006  1.4002440e+003  1.1701018e+003
  4.7142101e+005  8.2836946e+006  1.4023140e+003  1.1222695e+003
  4.7142402e+005  8.2837318e+006  1.4044390e+003  1.1561437e+003
  4.7142696e+005  8.2837685e+006  1.4064820e+003  1.1904551e+003
  4.7142980e+005  8.2838048e+006  1.4084940e+003  1.1443413e+003
  4.7143256e+005  8.2838407e+006  1.4104300e+003  1.1795569e+003
  4.7143520e+005  8.2838762e+006  1.4122910e+003  1.1746527e+003
  4.7143770e+005  8.2839114e+006  1.4141960e+003  1.1705150e+003
  4.7144003e+005  8.2839462e+006  1.4160920e+003  1.1669820e+003
  4.7144218e+005  8.2839807e+006  1.4179410e+003  1.1638383e+003
  4.7144413e+005  8.2840148e+006  1.4197820e+003  1.1612096e+003
  4.7144587e+005  8.2840487e+006  1.4213560e+003  1.1581497e+003
  4.7144738e+005  8.2840823e+006  1.4228700e+003  1.1557246e+003
  4.7144866e+005  8.2841157e+006  1.4244050e+003  1.1543353e+003
  4.7144973e+005  8.2841489e+006  1.4258730e+003  1.1540120e+003
  4.7145056e+005  8.2841820e+006  1.4273040e+003  1.1140719e+003
  4.7145115e+005  8.2842150e+006  1.4287890e+003  1.1156347e+003
  4.7145150e+005  8.2842479e+006  1.4301770e+003  1.1579102e+003
  4.7145162e+005  8.2842807e+006  1.4314790e+003  1.1193533e+003
  4.7145152e+005  8.2843134e+006  1.4325900e+003  1.2018922e+003
  4.7145120e+005  8.2843461e+006  1.4336700e+003  1.2033174e+003
  4.7145066e+005  8.2843789e+006  1.4347870e+003  1.2047126e+003
  4.7144993e+005  8.2844116e+006  1.4355490e+003  1.2450659e+003
  4.7144905e+005  8.2844443e+006  1.4364250e+003  1.2451437e+003
  4.7144806e+005  8.2844769e+006  1.4370880e+003  1.2848263e+003
  4.7144700e+005  8.2845096e+006  1.4378120e+003  1.3245928e+003
  4.7144592e+005  8.2845422e+006  1.4384620e+003  1.3235150e+003
  4.7144484e+005  8.2845748e+006  1.4392280e+003  1.3631976e+003
  4.7144380e+005  8.2846074e+006  1.4398740e+003  1.3619042e+003
  4.7144282e+005  8.2846399e+006  1.4405720e+003  1.4011976e+003
  4.7144191e+005  8.2846725e+006  1.4413500e+003  1.4406826e+003
  4.7144108e+005  8.2847050e+006  1.4422020e+003  1.4804790e+003
  4.7144032e+005  8.2847374e+006  1.4429730e+003  1.5200599e+003
  4.7143963e+005  8.2847699e+006  1.4434940e+003  1.5184132e+003
  4.7143897e+005  8.2848023e+006  1.4440460e+003  1.5169940e+003
  4.7143834e+005  8.2848347e+006  1.4449020e+003  1.5572515e+003
  4.7143771e+005  8.2848670e+006  1.4457700e+003  1.5573293e+003
  4.7143707e+005  8.2848994e+006  1.4463960e+003  1.5569641e+003
  4.7143642e+005  8.2849318e+006  1.4472200e+003  1.5981018e+003
  4.7143576e+005  8.2849642e+006  1.4480420e+003  1.5990240e+003
  4.7143510e+005  8.2849967e+006  1.4487410e+003  1.5996826e+003
  4.7143443e+005  8.2850292e+006  1.4496690e+003  1.6416766e+003
  4.7143376e+005  8.2850617e+006  1.4504380e+003  1.6426048e+003
  4.7143309e+005  8.2850943e+006  1.4512700e+003  1.6437066e+003
  4.7143243e+005  8.2851268e+006  1.4521000e+003  1.6852156e+003
  4.7143178e+005  8.2851594e+006  1.4529860e+003  1.6864072e+003
  4.7143117e+005  8.2851921e+006  1.4538080e+003  1.6873533e+003
  4.7143057e+005  8.2852247e+006  1.4545800e+003  1.7286048e+003
  4.7143001e+005  8.2852574e+006  1.4556020e+003  1.7302335e+003
  4.7142947e+005  8.2852901e+006  1.4563130e+003  1.7308383e+003
  4.7142896e+005  8.2853228e+006  1.4572210e+003  1.7727904e+003
  4.7142849e+005  8.2853555e+006  1.4582090e+003  1.8146168e+003
  4.7142807e+005  8.2853882e+006  1.4591210e+003  1.8555389e+003
  4.7142773e+005  8.2854208e+006  1.4599990e+003  1.8951437e+003
  4.7142751e+005  8.2854532e+006  1.4609690e+003  1.9338743e+003
  4.7142742e+005  8.2854855e+006  1.4618420e+003  1.9710539e+003
  4.7142746e+005  8.2855176e+006  1.4628060e+003  2.0075150e+003
  4.7142763e+005  8.2855494e+006  1.4639030e+003  2.0435389e+003
  4.7142791e+005  8.2855810e+006  1.4649160e+003  2.0380120e+003
  4.7142826e+005  8.2856123e+006  1.4658920e+003  2.0321078e+003
  4.7142864e+005  8.2856434e+006  1.4668120e+003  2.0258563e+003
  4.7142901e+005  8.2856741e+006  1.4679290e+003  2.0202695e+003
  4.7142935e+005  8.2857047e+006  1.4687780e+003  2.0139940e+003
  4.7142961e+005  8.2857350e+006  1.4698480e+003  1.9682994e+003
  4.7142978e+005  8.2857651e+006  1.4709720e+003  1.9637605e+003
  4.7142985e+005  8.2857950e+006  1.4718870e+003  1.9589760e+003
  4.7142979e+005  8.2858247e+006  1.4729660e+003  1.9147365e+003
  4.7142961e+005  8.2858543e+006  1.4739940e+003  1.9112695e+003
  4.7142932e+005  8.2858837e+006  1.4748130e+003  1.9078683e+003
  4.7142892e+005  8.2859130e+006  1.4755360e+003  1.9051198e+003
  4.7142843e+005  8.2859424e+006  1.4765740e+003  1.8643533e+003
  4.7142786e+005  8.2859717e+006  1.4775970e+003  1.8250120e+003
  4.7142721e+005  8.2860011e+006  1.4783780e+003  1.8269281e+003
  4.7142651e+005  8.2860308e+006  1.4791570e+003  1.8710359e+003
  4.7142577e+005  8.2860606e+006  1.4801410e+003  1.7961018e+003
  4.7142501e+005  8.2860907e+006  1.4809970e+003  1.8035030e+003
  4.7142424e+005  8.2861211e+006  1.4821810e+003  1.8130958e+003
  4.7142348e+005  8.2861519e+006  1.4833200e+003  1.8233353e+003
  4.7142274e+005  8.2861830e+006  1.4844170e+003  1.8337425e+003
  4.7142202e+005  8.2862147e+006  1.4855350e+003  1.8036347e+003
  4.7142133e+005  8.2862467e+006  1.4866760e+003  1.8541856e+003
  4.7142068e+005  8.2862792e+006  1.4879510e+003  1.8639820e+003
  4.7142007e+005  8.2863121e+006  1.4889410e+003  1.8721198e+003
  4.7141952e+005  8.2863453e+006  1.4901460e+003  1.8802635e+003
  4.7141901e+005  8.2863789e+006  1.4910410e+003  1.8865988e+003
  4.7141853e+005  8.2864128e+006  1.4921000e+003  1.9332515e+003
  4.7141808e+005  8.2864470e+006  1.4930960e+003  1.9385868e+003
  4.7141767e+005  8.2864815e+006  1.4941560e+003  1.9435988e+003
  4.7141731e+005  8.2865162e+006  1.4950480e+003  1.9475689e+003
  4.7141698e+005  8.2865512e+006  1.4958060e+003  1.9912156e+003
  4.7141671e+005  8.2865865e+006  1.4967510e+003  1.9542695e+003
  4.7141650e+005  8.2866219e+006  1.4974830e+003  1.9973473e+003
  4.7141634e+005  8.2866576e+006  1.4983570e+003  2.0002216e+003
  4.7141624e+005  8.2866935e+006  1.4988330e+003  2.0015928e+003
  4.7141620e+005  8.2867296e+006  1.4993730e+003  1.9625749e+003
  4.7141623e+005  8.2867659e+006  1.4998580e+003  1.9636707e+003
  4.7141630e+005  8.2868025e+006  1.5000620e+003  1.9636467e+003
  4.7141643e+005  8.2868392e+006  1.5003940e+003  1.9638922e+003
  4.7141660e+005  8.2868761e+006  1.5005530e+003  2.0039701e+003
  4.7141682e+005  8.2869132e+006  1.5007390e+003  1.9226707e+003
  4.7141711e+005  8.2869504e+006  1.5005990e+003  1.9212695e+003
  4.7141744e+005  8.2869879e+006  1.5005600e+003  1.9202754e+003
  4.7141783e+005  8.2870255e+006  1.5002710e+003  1.9589940e+003
  4.7141827e+005  8.2870632e+006  1.4998710e+003  1.9569461e+003
  4.7141878e+005  8.2871012e+006  1.4994360e+003  1.9548144e+003
  4.7141936e+005  8.2871393e+006  1.4989120e+003  1.9928743e+003
  4.7142002e+005  8.2871775e+006  1.4982900e+003  1.9900778e+003
  4.7142077e+005  8.2872160e+006  1.4977250e+003  1.9469222e+003
  4.7142158e+005  8.2872545e+006  1.4970080e+003  1.9841018e+003
  4.7142247e+005  8.2872933e+006  1.4961600e+003  1.9802216e+003
  4.7142341e+005  8.2873321e+006  1.4953680e+003  1.9760599e+003
  4.7142441e+005  8.2873711e+006  1.4944900e+003  1.9706168e+003
  4.7142548e+005  8.2874101e+006  1.4938280e+003  1.9647485e+003
  4.7142661e+005  8.2874491e+006  1.4930930e+003  1.9980359e+003
  4.7142778e+005  8.2874882e+006  1.4923000e+003  1.9494371e+003
  4.7142901e+005  8.2875272e+006  1.4918270e+003  1.9419581e+003
  4.7143032e+005  8.2875662e+006  1.4911510e+003  1.9739940e+003
  4.7143177e+005  8.2876051e+006  1.4907390e+003  1.9663413e+003
  4.7143346e+005  8.2876440e+006  1.4901580e+003  1.9581497e+003
  4.7143545e+005  8.2876829e+006  1.4898780e+003  1.9511198e+003
  4.7143789e+005  8.2877218e+006  1.4894740e+003  1.9035269e+003
  4.7144090e+005  8.2877606e+006  1.4890350e+003  1.8966946e+003
  4.7144458e+005  8.2877993e+006  1.4886720e+003  1.9311257e+003
  4.7144905e+005  8.2878380e+006  1.4879420e+003  1.9241617e+003
  4.7145435e+005  8.2878766e+006  1.4874960e+003  1.8779281e+003
  4.7146056e+005  8.2879152e+006  1.4869800e+003  1.8720419e+003
  4.7146770e+005  8.2879536e+006  1.4865200e+003  1.8663353e+003
  4.7147578e+005  8.2879918e+006  1.4859750e+003  1.8602814e+003
  4.7148482e+005  8.2880299e+006  1.4852080e+003  1.8533713e+003
  4.7149461e+005  8.2880671e+006  1.4847610e+003  1.8474431e+003
  4.7150547e+005  8.2881047e+006  1.4840920e+003  1.8404910e+003
  4.7151717e+005  8.2881421e+006  1.4835120e+003  1.8336826e+003
  4.7152964e+005  8.2881792e+006  1.4828100e+003  1.8262515e+003
  4.7154284e+005  8.2882161e+006  1.4819850e+003  1.8180898e+003
  4.7155660e+005  8.2882527e+006  1.4812600e+003  1.7699880e+003
  4.7157090e+005  8.2882893e+006  1.4805860e+003  1.7632216e+003
  4.7158563e+005  8.2883258e+006  1.4799880e+003  1.7581916e+003
  4.7160076e+005  8.2883623e+006  1.4793990e+003  1.7550240e+003
  4.7161625e+005  8.2883988e+006  1.4786910e+003  1.7532515e+003
  4.7163210e+005  8.2884354e+006  1.4781160e+003  1.7533593e+003
  4.7164830e+005  8.2884722e+006  1.4773130e+003  1.7538503e+003
  4.7166484e+005  8.2885091e+006  1.4767390e+003  1.7560659e+003
  4.7168172e+005  8.2885461e+006  1.4759750e+003  1.7580479e+003
  4.7169893e+005  8.2885833e+006  1.4752850e+003  1.7603952e+003
  4.7171648e+005  8.2886206e+006  1.4746520e+003  1.7222934e+003
  4.7173437e+005  8.2886580e+006  1.4738830e+003  1.7237844e+003
  4.7175259e+005  8.2886956e+006  1.4733580e+003  1.7255689e+003
  4.7177114e+005  8.2887331e+006  1.4727170e+003  1.7262874e+003
  4.7179003e+005  8.2887707e+006  1.4720330e+003  1.6857006e+003
  4.7180925e+005  8.2888083e+006  1.4716990e+003  1.7266108e+003
  4.7182881e+005  8.2888459e+006  1.4712060e+003  1.7259581e+003
  4.7184871e+005  8.2888834e+006  1.4706680e+003  1.6841617e+003
  4.7186893e+005  8.2889208e+006  1.4701540e+003  1.6824611e+003
  4.7188944e+005  8.2889582e+006  1.4696060e+003  1.6802874e+003
  4.7191021e+005  8.2889956e+006  1.4690140e+003  1.6372216e+003
  4.7193121e+005  8.2890329e+006  1.4685920e+003  1.6350000e+003
  4.7195239e+005  8.2890702e+006  1.4681590e+003  1.5921078e+003
  4.7197373e+005  8.2891074e+006  1.4674820e+003  1.5482754e+003
  4.7199520e+005  8.2891447e+006  1.4672540e+003  1.5463593e+003
  4.7201679e+005  8.2891820e+006  1.4669830e+003  1.5442216e+003
  4.7203849e+005  8.2892192e+006  1.4669470e+003  1.5023054e+003
  4.7206026e+005  8.2892565e+006  1.4665120e+003  1.4994251e+003
  4.7208213e+005  8.2892938e+006  1.4666940e+003  1.4580659e+003
  4.7210408e+005  8.2893311e+006  1.4665270e+003  1.4964132e+003
  4.7212613e+005  8.2893685e+006  1.4662150e+003  1.4533234e+003
  4.7214829e+005  8.2894058e+006  1.4667670e+003  1.4131557e+003
  4.7217056e+005  8.2894431e+006  1.4670620e+003  1.4126048e+003
  4.7219296e+005  8.2894804e+006  1.4675090e+003  1.3721198e+003
  4.7221549e+005  8.2895177e+006  1.4679460e+003  1.3721437e+003
  4.7223816e+005  8.2895550e+006  1.4682790e+003  1.3314251e+003
  4.7226097e+005  8.2895923e+006  1.4687830e+003  1.3723653e+003
  4.7228390e+005  8.2896296e+006  1.4692750e+003  1.3324192e+003
  4.7230693e+005  8.2896669e+006  1.4697520e+003  1.3329880e+003
  4.7233007e+005  8.2897042e+006  1.4703950e+003  1.2937545e+003
  4.7235331e+005  8.2897416e+006  1.4707340e+003  1.2940659e+003
  4.7237666e+005  8.2897789e+006  1.4709730e+003  1.2535928e+003
  4.7240010e+005  8.2898162e+006  1.4711260e+003  1.2532874e+003
  4.7242364e+005  8.2898536e+006  1.4712990e+003  1.2530120e+003
  4.7244726e+005  8.2898909e+006  1.4710330e+003  1.1702216e+003
  4.7247094e+005  8.2899283e+006  1.4704140e+003  1.1671138e+003
  4.7249466e+005  8.2899657e+006  1.4701460e+003  1.1650898e+003
  4.7251837e+005  8.2900031e+006  1.4696630e+003  1.1217964e+003
  4.7254205e+005  8.2900406e+006  1.4689240e+003  1.1180958e+003
  4.7256566e+005  8.2900782e+006  1.4679930e+003  1.0733234e+003
  4.7258914e+005  8.2901158e+006  1.4671100e+003  1.0692635e+003
  4.7261248e+005  8.2901536e+006  1.4660050e+003  1.0645269e+003
  4.7263562e+005  8.2901915e+006  1.4645650e+003  1.0587066e+003
  4.7265855e+005  8.2902295e+006  1.4630220e+003  1.0525449e+003
  4.7268126e+005  8.2902676e+006  1.4612900e+003  1.0457485e+003
  4.7270374e+005  8.2903059e+006  1.4595190e+003  1.0388623e+003
  4.7272601e+005  8.2903442e+006  1.4574220e+003  1.0308683e+003
  4.7274807e+005  8.2903827e+006  1.4549480e+003  1.0215928e+003
  4.7276993e+005  8.2904212e+006  1.4524650e+003  1.0122994e+003
  4.7279158e+005  8.2904599e+006  1.4495910e+003  1.0017126e+003
  4.7281304e+005  8.2904987e+006  1.4465040e+003  9.9042515e+002
  4.7283428e+005  8.2905375e+006  1.4428170e+003  9.7711377e+002
  4.7285525e+005  8.2905765e+006  1.4392690e+003  9.6428144e+002
  4.7287594e+005  8.2906157e+006  1.4349690e+003  9.0844311e+002
  4.7289627e+005  8.2906550e+006  1.4304940e+003  9.3300599e+002
  4.7291622e+005  8.2906946e+006  1.4261590e+003  8.7711976e+002
  4.7293577e+005  8.2907343e+006  1.4217030e+003  9.0183832e+002
  4.7295494e+005  8.2907743e+006  1.4170700e+003  8.4507784e+002
  4.7297373e+005  8.2908145e+006  1.4124220e+003  8.2882635e+002
  4.7299215e+005  8.2908549e+006  1.4070030e+003  8.1002994e+002
  4.7301021e+005  8.2908955e+006  1.4020290e+003  7.9283234e+002
  4.7302790e+005  8.2909362e+006  1.3972850e+003  7.7652096e+002
  4.7304523e+005  8.2909772e+006  1.3929310e+003  8.0213772e+002
  4.7306218e+005  8.2910183e+006  1.3887700e+003  7.4753892e+002
  4.7307874e+005  8.2910597e+006  1.3839620e+003  7.3128144e+002
  4.7309491e+005  8.2911012e+006  1.3793080e+003  6.7513174e+002
  4.7311068e+005  8.2911429e+006  1.3750640e+003  6.6090419e+002
  4.7312604e+005  8.2911848e+006  1.3696010e+003  6.4259281e+002
  4.7314101e+005  8.2912269e+006  1.3639170e+003  5.8311976e+002
  4.7315558e+005  8.2912692e+006  1.3560080e+003  5.5670060e+002
  4.7316978e+005  8.2913116e+006  1.3469490e+003  4.4559880e+002
  4.7318361e+005  8.2913541e+006  1.3357760e+003  4.0840719e+002
  4.7319710e+005  8.2913968e+006  1.3240330e+003  3.6935329e+002
  4.7321027e+005  8.2914396e+006  1.3135180e+003  3.7494012e+002
  4.7322313e+005  8.2914825e+006  1.3054540e+003  3.4826946e+002
  4.7323568e+005  8.2915254e+006  1.2953470e+003  3.9552695e+002
  4.7324795e+005  8.2915685e+006  1.2840230e+003  3.5751497e+002
  4.7325996e+005  8.2916117e+006  1.2708510e+003  3.5357485e+002
  4.7327176e+005  8.2916549e+006  1.2574570e+003  3.0829341e+002
  4.7328339e+005  8.2916981e+006  1.2478030e+003  3.1595808e+002
  4.7329490e+005  8.2917414e+006  1.2344760e+003  3.1107186e+002
  4.7330631e+005  8.2917847e+006  1.2259820e+003  3.2240719e+002
  4.7331765e+005  8.2918280e+006  1.2190110e+003  3.3886228e+002
  4.7332891e+005  8.2918713e+006  1.2010450e+003  3.1820359e+002
  4.7334009e+005  8.2919147e+006  1.1978890e+003  3.0702994e+002
  4.7335122e+005  8.2919580e+006  1.1785600e+003  2.8182036e+002
  4.7336230e+005  8.2920014e+006  1.1683590e+003  2.0659281e+002
  4.7337334e+005  8.2920448e+006  1.1738340e+003  1.8437725e+002
  4.6871667e+005  8.2913036e+006  1.1655300e+003  1.1874251e+001
  4.6871610e+005  8.2912615e+006  1.1885620e+003  1.3004790e+002
  4.6871554e+005  8.2912193e+006  1.2095830e+003  2.0092814e+002
  4.6871498e+005  8.2911771e+006  1.2272630e+003  2.6050898e+002
  4.6871441e+005  8.2911349e+006  1.2437350e+003  3.1602395e+002
  4.6871384e+005  8.2910927e+006  1.2585490e+003  3.2549701e+002
  4.6871328e+005  8.2910505e+006  1.2732030e+003  4.1538323e+002
  4.6871271e+005  8.2910083e+006  1.2869660e+003  4.2132934e+002
  4.6871214e+005  8.2909661e+006  1.2986100e+003  4.6066467e+002
  4.6871160e+005  8.2909240e+006  1.3094590e+003  4.5688024e+002
  4.6871110e+005  8.2908818e+006  1.3195850e+003  4.9117365e+002
  4.6871067e+005  8.2908396e+006  1.3281510e+003  5.2021557e+002
  4.6871033e+005  8.2907974e+006  1.3366250e+003  5.4888024e+002
  4.6871010e+005  8.2907552e+006  1.3435670e+003  5.7229940e+002
  4.6870999e+005  8.2907130e+006  1.3501820e+003  5.5405389e+002
  4.6871002e+005  8.2906708e+006  1.3562950e+003  5.7453892e+002
  4.6871019e+005  8.2906287e+006  1.3625740e+003  5.9554491e+002
  4.6871053e+005  8.2905865e+006  1.3680750e+003  6.1386826e+002
  4.6871101e+005  8.2905444e+006  1.3731200e+003  6.3062275e+002
  4.6871163e+005  8.2905022e+006  1.3783200e+003  6.4789820e+002
  4.6871237e+005  8.2904601e+006  1.3832580e+003  6.2382635e+002
  4.6871321e+005  8.2904180e+006  1.3880910e+003  6.3993413e+002
  4.6871412e+005  8.2903759e+006  1.3930970e+003  6.5673653e+002
  4.6871511e+005  8.2903339e+006  1.3977740e+003  6.7252096e+002
  4.6871615e+005  8.2902918e+006  1.4023690e+003  6.8811976e+002
  4.6871722e+005  8.2902497e+006  1.4069250e+003  6.6322156e+002
  4.6871829e+005  8.2902077e+006  1.4113150e+003  6.7828144e+002
  4.6871934e+005  8.2901656e+006  1.4154680e+003  6.9256287e+002
  4.6872034e+005  8.2901236e+006  1.4197260e+003  7.0712575e+002
  4.6872127e+005  8.2900815e+006  1.4238740e+003  7.6174251e+002
  4.6872209e+005  8.2900395e+006  1.4280060e+003  7.3529341e+002
  4.6872279e+005  8.2899974e+006  1.4316950e+003  7.4780838e+002
  4.6872334e+005  8.2899554e+006  1.4353170e+003  7.6007784e+002
  4.6872375e+005  8.2899134e+006  1.4387590e+003  7.3124551e+002
  4.6872401e+005  8.2898713e+006  1.4418690e+003  7.4176048e+002
  4.6872412e+005  8.2898293e+006  1.4450790e+003  7.5259281e+002
  4.6872411e+005  8.2897872e+006  1.4480800e+003  7.2221557e+002
  4.6872399e+005  8.2897452e+006  1.4505960e+003  7.3067665e+002
  4.6872376e+005  8.2897032e+006  1.4531750e+003  7.3934731e+002
  4.6872343e+005  8.2896611e+006  1.4554520e+003  7.4702395e+002
  4.6872302e+005  8.2896191e+006  1.4575790e+003  7.1371856e+002
  4.6872254e+005  8.2895770e+006  1.4590390e+003  7.1862874e+002
  4.6872201e+005  8.2895350e+006  1.4602160e+003  7.2257485e+002
  4.6872143e+005  8.2894930e+006  1.4612290e+003  7.2595808e+002
  4.6872083e+005  8.2894510e+006  1.4618140e+003  7.2790419e+002
  4.6872020e+005  8.2894089e+006  1.4619980e+003  6.8798204e+002
  4.6871955e+005  8.2893669e+006  1.4613470e+003  6.8567066e+002
  4.6871888e+005  8.2893249e+006  1.4606940e+003  6.8329341e+002
  4.6871820e+005  8.2892829e+006  1.4589930e+003  6.3689222e+002
  4.6871750e+005  8.2892409e+006  1.4570180e+003  6.3003593e+002
  4.6871681e+005  8.2891989e+006  1.4541830e+003  6.2026347e+002
  4.6871610e+005  8.2891569e+006  1.4508060e+003  6.0867665e+002
  4.6871539e+005  8.2891149e+006  1.4464840e+003  5.9391617e+002
  4.6871466e+005  8.2890729e+006  1.4416360e+003  4.9641317e+002
  4.6871393e+005  8.2890309e+006  1.4363410e+003  5.1887425e+002
  4.6871319e+005  8.2889890e+006  1.4301690e+003  4.9794012e+002
  4.6871244e+005  8.2889470e+006  1.4236860e+003  5.5696407e+002
  4.6871170e+005  8.2889050e+006  1.4167480e+003  4.9308383e+002
  4.6871094e+005  8.2888630e+006  1.4095670e+003  5.4991617e+002
  4.6871019e+005  8.2888210e+006  1.4022250e+003  5.2526946e+002
  4.6870944e+005  8.2887791e+006  1.3948870e+003  5.8159880e+002
  4.6870869e+005  8.2887371e+006  1.3878900e+003  7.6049701e+002
  4.6870796e+005  8.2886951e+006  1.3812490e+003  8.5964072e+002
  4.6870723e+005  8.2886532e+006  1.3756620e+003  9.6234731e+002
  4.6870651e+005  8.2886112e+006  1.3709170e+003  9.8689820e+002
  4.6870579e+005  8.2885692e+006  1.3677360e+003  1.0976467e+003
  4.6870508e+005  8.2885272e+006  1.3648110e+003  1.0472814e+003
  4.6870438e+005  8.2884852e+006  1.3622670e+003  1.0791198e+003
  4.6870367e+005  8.2884433e+006  1.3599890e+003  1.1118024e+003
  4.6870298e+005  8.2884013e+006  1.3582290e+003  1.1057186e+003
  4.6870229e+005  8.2883593e+006  1.3564900e+003  1.0996946e+003
  4.6870160e+005  8.2883174e+006  1.3547190e+003  1.0935569e+003
  4.6870091e+005  8.2882754e+006  1.3527950e+003  1.0868743e+003
  4.6870022e+005  8.2882335e+006  1.3501600e+003  1.0778263e+003
  4.6869954e+005  8.2881915e+006  1.3477630e+003  1.0291497e+003
  4.6869888e+005  8.2881496e+006  1.3449010e+003  1.0599581e+003
  4.6869824e+005  8.2881077e+006  1.3420560e+003  9.6944910e+002
  4.6869762e+005  8.2880658e+006  1.3392690e+003  9.6013174e+002
  4.6869702e+005  8.2880238e+006  1.3365140e+003  8.7002395e+002
  4.6869648e+005  8.2879819e+006  1.3337840e+003  8.6098204e+002
  4.6869600e+005  8.2879400e+006  1.3312410e+003  8.5259281e+002
  4.6869563e+005  8.2878980e+006  1.3290860e+003  8.0500599e+002
  4.6869540e+005  8.2878560e+006  1.3268100e+003  8.3791617e+002
  4.6869536e+005  8.2878141e+006  1.3248490e+003  8.3132335e+002
  4.6869553e+005  8.2877721e+006  1.3235460e+003  7.8641916e+002
  4.6869594e+005  8.2877301e+006  1.3225620e+003  8.2353293e+002
  4.6869661e+005  8.2876881e+006  1.3226390e+003  8.2382036e+002
  4.6869753e+005  8.2876462e+006  1.3240040e+003  8.2849102e+002
  4.6869871e+005  8.2876042e+006  1.3264570e+003  8.3683832e+002
  4.6870013e+005  8.2875623e+006  1.3294870e+003  8.8750898e+002
  4.6870175e+005  8.2875203e+006  1.3327760e+003  8.9854491e+002
  4.6870356e+005  8.2874784e+006  1.3357070e+003  9.0837126e+002
  4.6870551e+005  8.2874365e+006  1.3385790e+003  9.5850299e+002
  4.6870758e+005  8.2873946e+006  1.3409590e+003  9.6654491e+002
  4.6870974e+005  8.2873528e+006  1.3427970e+003  1.0132874e+003
  4.6871194e+005  8.2873109e+006  1.3446730e+003  1.0197964e+003
  4.6871415e+005  8.2872690e+006  1.3457300e+003  1.0236347e+003
  4.6871633e+005  8.2872271e+006  1.3469480e+003  1.0280898e+003
  4.6871846e+005  8.2871852e+006  1.3482890e+003  1.0329461e+003
  4.6872052e+005  8.2871433e+006  1.3498230e+003  9.9794012e+002
  4.6872249e+005  8.2871014e+006  1.3518080e+003  1.0048144e+003
  4.6872435e+005  8.2870594e+006  1.3539860e+003  9.7176647e+002
  4.6872610e+005  8.2870175e+006  1.3565650e+003  9.3998802e+002
  4.6872776e+005  8.2869755e+006  1.3593090e+003  8.6822754e+002
  4.6872931e+005  8.2869335e+006  1.3627080e+003  8.3913772e+002
  4.6873077e+005  8.2868915e+006  1.3660830e+003  8.0998204e+002
  4.6873213e+005  8.2868494e+006  1.3693130e+003  7.3986228e+002
  4.6873340e+005  8.2868074e+006  1.3724450e+003  7.5039521e+002
  4.6873461e+005  8.2867653e+006  1.3752270e+003  7.5978443e+002
  4.6873576e+005  8.2867232e+006  1.3783540e+003  7.7035329e+002
  4.6873688e+005  8.2866812e+006  1.3800240e+003  7.7601198e+002
  4.6873795e+005  8.2866391e+006  1.3825630e+003  7.4414970e+002
  4.6873900e+005  8.2865969e+006  1.3848950e+003  6.7113174e+002
  4.6874003e+005  8.2865548e+006  1.3867070e+003  6.7732934e+002
  4.6874104e+005  8.2865127e+006  1.3886660e+003  7.2453892e+002
  4.6874205e+005  8.2864706e+006  1.3905500e+003  6.9052096e+002
  4.6874306e+005  8.2864284e+006  1.3921110e+003  7.3634132e+002
  4.6874408e+005  8.2863862e+006  1.3932270e+003  6.9970060e+002
  4.6874510e+005  8.2863440e+006  1.3947880e+003  7.0501796e+002
  4.6874614e+005  8.2863019e+006  1.3957500e+003  7.0829341e+002
  4.6874719e+005  8.2862597e+006  1.3963360e+003  7.5076048e+002
  4.6874826e+005  8.2862175e+006  1.3970310e+003  7.5314371e+002
  4.6874936e+005  8.2861752e+006  1.3976110e+003  7.5519760e+002
  4.6875045e+005  8.2861330e+006  1.3977560e+003  7.5585030e+002
  4.6875151e+005  8.2860908e+006  1.3971690e+003  7.9458683e+002
  4.6875250e+005  8.2860485e+006  1.3966630e+003  7.9316168e+002
  4.6875342e+005  8.2860062e+006  1.3955500e+003  7.8965269e+002
  4.6875426e+005  8.2859640e+006  1.3943810e+003  8.2637126e+002
  4.6875504e+005  8.2859217e+006  1.3923270e+003  8.1962874e+002
  4.6875575e+005  8.2858794e+006  1.3903640e+003  8.1312575e+002
  4.6875637e+005  8.2858371e+006  1.3879150e+003  8.0489222e+002
  4.6875688e+005  8.2857948e+006  1.3853750e+003  8.3673653e+002
  4.6875727e+005  8.2857525e+006  1.3824080e+003  8.2658683e+002
  4.6875753e+005  8.2857102e+006  1.3791570e+003  8.1541317e+002
  4.6875765e+005  8.2856679e+006  1.3759090e+003  8.0418563e+002
  4.6875761e+005  8.2856256e+006  1.3725240e+003  7.9241916e+002
  4.6875740e+005  8.2855833e+006  1.3692480e+003  7.8092216e+002
  4.6875704e+005  8.2855410e+006  1.3655840e+003  7.6809581e+002
  4.6875652e+005  8.2854986e+006  1.3618220e+003  7.1444311e+002
  4.6875585e+005  8.2854563e+006  1.3583460e+003  7.0217964e+002
  4.6875504e+005  8.2854140e+006  1.3550230e+003  6.9040120e+002
  4.6875410e+005  8.2853716e+006  1.3510650e+003  6.7646108e+002
  4.6875308e+005  8.2853293e+006  1.3473270e+003  6.2283234e+002
  4.6875197e+005  8.2852870e+006  1.3431850e+003  5.6792216e+002
  4.6875081e+005  8.2852447e+006  1.3392540e+003  5.5431737e+002
  4.6874960e+005  8.2852023e+006  1.3351870e+003  5.8088024e+002
  4.6874836e+005  8.2851600e+006  1.3309820e+003  5.6663473e+002
  4.6874709e+005  8.2851177e+006  1.3262760e+003  5.5080838e+002
  4.6873160e+005  8.2843099e+006  1.3003060e+003  5.0789222e+002
  4.6873147e+005  8.2842673e+006  1.3056780e+003  5.2589820e+002
  4.6873139e+005  8.2842247e+006  1.3104470e+003  5.0131737e+002
  4.6873134e+005  8.2841821e+006  1.3147910e+003  5.1570060e+002
  4.6873133e+005  8.2841395e+006  1.3185500e+003  5.6860479e+002
  4.6873135e+005  8.2840969e+006  1.3221960e+003  5.8072455e+002
  4.6873139e+005  8.2840543e+006  1.3256720e+003  5.9243114e+002
  4.6873144e+005  8.2840116e+006  1.3290970e+003  6.0410180e+002
  4.6873152e+005  8.2839690e+006  1.3322570e+003  6.5547904e+002
  4.6873162e+005  8.2839264e+006  1.3351770e+003  6.6568862e+002
  4.6873173e+005  8.2838838e+006  1.3379170e+003  6.7528144e+002
  4.6873187e+005  8.2838412e+006  1.3405370e+003  6.8440120e+002
  4.6873198e+005  8.2837986e+006  1.3428080e+003  7.3265269e+002
  4.6873207e+005  8.2837560e+006  1.3451340e+003  7.4047904e+002
  4.6873213e+005  8.2837134e+006  1.3472370e+003  7.8794611e+002
  4.6873217e+005  8.2836708e+006  1.3491430e+003  7.9416766e+002
  4.6873219e+005  8.2836283e+006  1.3507110e+003  7.9918563e+002
  4.6873223e+005  8.2835857e+006  1.3518700e+003  8.0280240e+002
  4.6873225e+005  8.2835431e+006  1.3531420e+003  8.4728144e+002
  4.6873227e+005  8.2835005e+006  1.3539100e+003  8.9007186e+002
  4.6873227e+005  8.2834579e+006  1.3545840e+003  8.9211377e+002
  4.6873223e+005  8.2834154e+006  1.3548360e+003  9.3326946e+002
  4.6873216e+005  8.2833728e+006  1.3550820e+003  9.3398204e+002
  4.6873207e+005  8.2833302e+006  1.3555210e+003  9.3537126e+002
  4.6873196e+005  8.2832877e+006  1.3553310e+003  9.3466467e+002
  4.6873185e+005  8.2832451e+006  1.3551350e+003  9.3395808e+002
  4.6873174e+005  8.2832025e+006  1.3547970e+003  9.3280240e+002
  4.6873164e+005  8.2831600e+006  1.3540390e+003  9.7078443e+002
  4.6873154e+005  8.2831174e+006  1.3536700e+003  9.2925749e+002
  4.6873143e+005  8.2830748e+006  1.3526010e+003  8.8538323e+002
  4.6873132e+005  8.2830323e+006  1.3512810e+003  8.8116766e+002
  4.6873120e+005  8.2829897e+006  1.3496390e+003  8.7591617e+002
  4.6873108e+005  8.2829471e+006  1.3480250e+003  8.7078443e+002
  4.6873096e+005  8.2829045e+006  1.3456520e+003  8.2260479e+002
  4.6873084e+005  8.2828620e+006  1.3430910e+003  8.1418563e+002
  4.6873073e+005  8.2828194e+006  1.3400640e+003  7.6361677e+002
  4.6873062e+005  8.2827768e+006  1.3366210e+003  7.5203593e+002
  4.6873052e+005  8.2827342e+006  1.3323840e+003  6.9721557e+002
  4.6873043e+005  8.2826916e+006  1.3278930e+003  6.0101796e+002
  4.6873034e+005  8.2826491e+006  1.3224900e+003  5.4219760e+002
  4.6873028e+005  8.2826065e+006  1.3163820e+003  5.2149701e+002
  4.6873022e+005  8.2825639e+006  1.3093880e+003  4.9782635e+002
  4.6873018e+005  8.2825213e+006  1.3015320e+003  5.1175449e+002
  4.6873015e+005  8.2824787e+006  1.2924990e+003  4.0035928e+002
  4.6873014e+005  8.2824361e+006  1.2824960e+003  3.2625150e+002
  4.6873014e+005  8.2823935e+006  1.2708790e+003  2.8722156e+002
  4.6873015e+005  8.2823509e+006  1.2570720e+003  2.4079641e+002
  4.6873016e+005  8.2823082e+006  1.2424410e+003  1.9155689e+002
  4.6817270e+005  8.2833243e+006  1.2683900e+003  2.8335329e+002
  4.6819765e+005  8.2833596e+006  1.2679900e+003  2.8335329e+002
  4.6822269e+005  8.2833948e+006  1.2795980e+003  3.6431138e+002
  4.6824782e+005  8.2834299e+006  1.2792440e+003  3.2383234e+002
  4.6827302e+005  8.2834651e+006  1.2789160e+003  3.6431138e+002
  4.6829827e+005  8.2835003e+006  1.2905970e+003  4.0479042e+002
  4.6832356e+005  8.2835354e+006  1.2903090e+003  4.0479042e+002
  4.6834889e+005  8.2835706e+006  1.2900460e+003  4.0479042e+002
  4.6837425e+005  8.2836057e+006  1.2898080e+003  4.4526946e+002
  4.6839969e+005  8.2836408e+006  1.3015900e+003  5.2622754e+002
  4.6842523e+005  8.2836758e+006  1.3014080e+003  4.8574850e+002
  4.6845095e+005  8.2837107e+006  1.3012180e+003  4.8574850e+002
  4.6847695e+005  8.2837454e+006  1.3010270e+003  4.8574850e+002
  4.6850328e+005  8.2837798e+006  1.3008410e+003  4.8574850e+002
  4.6853008e+005  8.2838138e+006  1.3126370e+003  5.2622754e+002
  4.6855738e+005  8.2838475e+006  1.3124350e+003  5.2622754e+002
  4.6858527e+005  8.2838806e+006  1.3122240e+003  4.8574850e+002
  4.6861378e+005  8.2839132e+006  1.3120310e+003  5.2622754e+002
  4.6864293e+005  8.2839452e+006  1.3118680e+003  4.8574850e+002
  4.6867271e+005  8.2839765e+006  1.3117590e+003  5.2622754e+002
  4.6870311e+005  8.2840073e+006  1.3117340e+003  5.2622754e+002
  4.6873410e+005  8.2840373e+006  1.3118080e+003  5.2622754e+002
  4.6876564e+005  8.2840668e+006  1.3119960e+003  5.6670659e+002
  4.6879768e+005  8.2840956e+006  1.3122710e+003  5.6670659e+002
  4.6883018e+005  8.2841239e+006  1.3126170e+003  6.4766467e+002
  4.6886311e+005  8.2841516e+006  1.3130000e+003  6.4766467e+002
  4.6889645e+005  8.2841787e+006  1.3134020e+003  6.8814371e+002
  4.6893019e+005  8.2842052e+006  1.3138000e+003  7.6910180e+002
  4.6896432e+005  8.2842312e+006  1.3141630e+003  8.0958084e+002
  4.6899883e+005  8.2842565e+006  1.3264700e+003  8.5005988e+002
  4.6903371e+005  8.2842812e+006  1.3267260e+003  9.7149701e+002
  4.6906892e+005  8.2843053e+006  1.3149230e+003  1.0119760e+003
  4.6910445e+005  8.2843288e+006  1.3270350e+003  1.0929341e+003
  4.6914027e+005  8.2843517e+006  1.3270940e+003  1.0929341e+003
  4.6917637e+005  8.2843739e+006  1.3271090e+003  1.0929341e+003
  4.6921272e+005  8.2843955e+006  1.3270910e+003  1.2548503e+003
  4.6924932e+005  8.2844165e+006  1.3270530e+003  1.3358084e+003
  4.6928614e+005  8.2844369e+006  1.3270080e+003  1.3762874e+003
  4.6932319e+005  8.2844566e+006  1.3269670e+003  1.2953293e+003
  4.6936042e+005  8.2844757e+006  1.3269510e+003  1.2548503e+003
  4.6939780e+005  8.2844943e+006  1.3269640e+003  1.2143713e+003
  4.6943531e+005  8.2845125e+006  1.3390020e+003  1.1738922e+003
  4.6947288e+005  8.2845302e+006  1.3390770e+003  1.1738922e+003
  4.6951049e+005  8.2845477e+006  1.3391700e+003  1.0929341e+003
  4.6954810e+005  8.2845649e+006  1.3392410e+003  1.0929341e+003
  4.6958566e+005  8.2845820e+006  1.3512970e+003  1.0524551e+003
  4.6962317e+005  8.2845990e+006  1.3513580e+003  1.0524551e+003
  4.6966057e+005  8.2846161e+006  1.3513750e+003  1.0119760e+003
  4.6969787e+005  8.2846333e+006  1.3633550e+003  1.0524551e+003
  4.6973506e+005  8.2846506e+006  1.3633230e+003  1.0524551e+003
  4.6977213e+005  8.2846681e+006  1.3632670e+003  1.0929341e+003
  4.6980909e+005  8.2846857e+006  1.3751820e+003  1.0524551e+003
  4.6984594e+005  8.2847036e+006  1.3750910e+003  1.0524551e+003
  4.6988270e+005  8.2847217e+006  1.3750110e+003  1.0119760e+003
  4.6991939e+005  8.2847399e+006  1.3749430e+003  9.7149701e+002
  4.6995602e+005  8.2847583e+006  1.3868710e+003  1.0524551e+003
  4.6999261e+005  8.2847769e+006  1.3868360e+003  1.0524551e+003
  4.7002919e+005  8.2847955e+006  1.3868380e+003  1.0524551e+003
  4.7006577e+005  8.2848143e+006  1.3868770e+003  1.0524551e+003
  4.7010237e+005  8.2848330e+006  1.3869400e+003  1.0929341e+003
  4.7013901e+005  8.2848518e+006  1.3990090e+003  1.0929341e+003
  4.7017570e+005  8.2848706e+006  1.3991030e+003  1.1334132e+003
  4.7021245e+005  8.2848895e+006  1.3992020e+003  1.1334132e+003
  4.7024926e+005  8.2849083e+006  1.3992920e+003  1.1334132e+003
  4.7028615e+005  8.2849271e+006  1.4113550e+003  1.2143713e+003
  4.7032313e+005  8.2849459e+006  1.4114080e+003  1.2143713e+003
  4.7036019e+005  8.2849647e+006  1.4114470e+003  1.2143713e+003
  4.7039734e+005  8.2849834e+006  1.4114530e+003  1.2143713e+003
  4.7043459e+005  8.2850022e+006  1.4114260e+003  1.2143713e+003
  4.7047194e+005  8.2850209e+006  1.4113750e+003  1.2548503e+003
  4.7050938e+005  8.2850396e+006  1.4113030e+003  1.2548503e+003
  4.7054693e+005  8.2850582e+006  1.4232080e+003  1.3358084e+003
  4.7058459e+005  8.2850768e+006  1.4111290e+003  1.2953293e+003
  4.7062235e+005  8.2850953e+006  1.4230290e+003  1.3762874e+003
  4.7066022e+005  8.2851138e+006  1.4229310e+003  1.3762874e+003
  4.7069821e+005  8.2851322e+006  1.4228270e+003  1.3762874e+003
  4.7073631e+005  8.2851505e+006  1.4227220e+003  1.3762874e+003
  4.7077454e+005  8.2851687e+006  1.4226230e+003  1.4167665e+003
  4.7081291e+005  8.2851867e+006  1.4225360e+003  1.4167665e+003
  4.7085141e+005  8.2852046e+006  1.4224610e+003  1.4167665e+003
  4.7089003e+005  8.2852223e+006  1.4343950e+003  1.4977246e+003
  4.7092879e+005  8.2852399e+006  1.4343390e+003  1.4977246e+003
  4.7096767e+005  8.2852574e+006  1.4342810e+003  1.5382036e+003
  4.7100665e+005  8.2852746e+006  1.4342080e+003  1.5382036e+003
  4.7104575e+005  8.2852918e+006  1.4341290e+003  1.5786826e+003
  4.7108493e+005  8.2853089e+006  1.4340510e+003  1.6191617e+003
  4.7112420e+005  8.2853260e+006  1.4339780e+003  1.6596407e+003
  4.7116354e+005  8.2853430e+006  1.4339150e+003  1.7001198e+003
  4.7120297e+005  8.2853599e+006  1.4338660e+003  1.7001198e+003
  4.7124249e+005  8.2853767e+006  1.4458290e+003  1.9025150e+003
  4.7128213e+005  8.2853934e+006  1.4338190e+003  1.9025150e+003
  4.7132191e+005  8.2854097e+006  1.4457850e+003  1.9834731e+003
  4.7136189e+005  8.2854257e+006  1.4457530e+003  1.9834731e+003
  4.7140209e+005  8.2854412e+006  1.4457090e+003  1.9429940e+003
  4.7144256e+005  8.2854560e+006  1.4456230e+003  1.8620359e+003
  4.7148332e+005  8.2854702e+006  1.4455080e+003  1.8215569e+003
  4.7152438e+005  8.2854835e+006  1.4453730e+003  1.7810778e+003
  4.7156574e+005  8.2854959e+006  1.4452540e+003  1.7405988e+003
  4.7160740e+005  8.2855075e+006  1.4571590e+003  1.7810778e+003
  4.7164933e+005  8.2855181e+006  1.4451250e+003  1.6596407e+003
  4.7169149e+005  8.2855279e+006  1.4571570e+003  1.6596407e+003
  4.7173385e+005  8.2855368e+006  1.4572840e+003  1.6191617e+003
  4.7177636e+005  8.2855450e+006  1.4575050e+003  1.5786826e+003
  4.7181897e+005  8.2855526e+006  1.4577920e+003  1.5382036e+003
  4.7186167e+005  8.2855598e+006  1.4581320e+003  1.5382036e+003
  4.7190440e+005  8.2855667e+006  1.4585040e+003  1.4572455e+003
  4.7194715e+005  8.2855736e+006  1.4588760e+003  1.4167665e+003
  4.7198990e+005  8.2855804e+006  1.4592330e+003  1.4167665e+003
  4.7203264e+005  8.2855875e+006  1.4595420e+003  1.3762874e+003
  4.7207537e+005  8.2855947e+006  1.4598310e+003  1.2953293e+003
  4.7211806e+005  8.2856022e+006  1.4601140e+003  1.2953293e+003
  4.7216072e+005  8.2856100e+006  1.4604550e+003  1.2143713e+003
  4.7220335e+005  8.2856181e+006  1.4488360e+003  1.1334132e+003
  4.7224595e+005  8.2856265e+006  1.4492210e+003  1.0929341e+003
  4.7228852e+005  8.2856351e+006  1.4495410e+003  1.0929341e+003
  4.7233106e+005  8.2856440e+006  1.4498020e+003  1.0524551e+003
  4.7237357e+005  8.2856531e+006  1.4380350e+003  9.7149701e+002
  4.7241607e+005  8.2856623e+006  1.4382370e+003  9.3101796e+002
  4.7245857e+005  8.2856717e+006  1.4384140e+003  9.3101796e+002
  4.7250110e+005  8.2856811e+006  1.4385530e+003  9.3101796e+002
  4.7254364e+005  8.2856906e+006  1.4266750e+003  8.9053892e+002
  4.7258621e+005  8.2857001e+006  1.4267660e+003  8.9053892e+002
  4.7262883e+005  8.2857096e+006  1.4148180e+003  8.0958084e+002
  4.7267147e+005  8.2857191e+006  1.4148250e+003  8.0958084e+002
  4.7271416e+005  8.2857286e+006  1.4148040e+003  8.5005988e+002
  4.7275689e+005  8.2857381e+006  1.4027390e+003  8.5005988e+002
  4.7279966e+005  8.2857475e+006  1.4026140e+003  8.5005988e+002
  4.7284247e+005  8.2857568e+006  1.4024420e+003  8.9053892e+002
  4.7288534e+005  8.2857661e+006  1.4022110e+003  8.9053892e+002
  4.7292825e+005  8.2857752e+006  1.3899310e+003  8.9053892e+002
  4.7297121e+005  8.2857843e+006  1.3895950e+003  8.9053892e+002
  4.7301421e+005  8.2857934e+006  1.3772420e+003  8.9053892e+002
  4.7305723e+005  8.2858023e+006  1.3768670e+003  9.3101796e+002
  4.7310029e+005  8.2858113e+006  1.3765050e+003  9.7149701e+002
  4.7314336e+005  8.2858202e+006  1.3642160e+003  9.7149701e+002
  4.7318645e+005  8.2858291e+006  1.3640160e+003  9.7149701e+002
  4.7322955e+005  8.2858379e+006  1.3639250e+003  1.0119760e+003
  4.7327264e+005  8.2858468e+006  1.3519370e+003  8.9053892e+002
  4.7331572e+005  8.2858556e+006  1.3520250e+003  8.5005988e+002
  4.7335878e+005  8.2858644e+006  1.3521790e+003  8.0958084e+002
  4.7340181e+005  8.2858732e+006  1.3523660e+003  8.0958084e+002
  4.7344481e+005  8.2858820e+006  1.3405380e+003  7.6910180e+002
  4.7348778e+005  8.2858908e+006  1.3406450e+003  6.8814371e+002
  4.7353073e+005  8.2858995e+006  1.3406870e+003  6.4766467e+002
  4.7357364e+005  8.2859081e+006  1.3286680e+003  6.0718563e+002
  4.7361652e+005  8.2859167e+006  1.3285810e+003  6.0718563e+002
  4.7365937e+005  8.2859252e+006  1.3284410e+003  5.6670659e+002
  4.7370220e+005  8.2859335e+006  1.3282530e+003  6.4766467e+002
  4.7374500e+005  8.2859418e+006  1.3160390e+003  5.6670659e+002
  4.7378779e+005  8.2859498e+006  1.3157910e+003  5.2622754e+002
  4.7383057e+005  8.2859578e+006  1.3035620e+003  4.4526946e+002
  4.7387333e+005  8.2859656e+006  1.3153280e+003  4.8574850e+002
  4.7391607e+005  8.2859733e+006  1.3151210e+003  5.6670659e+002
  4.7395879e+005  8.2859808e+006  1.3149170e+003  5.6670659e+002
  4.7400147e+005  8.2859883e+006  1.3147170e+003  5.2622754e+002
  4.7404414e+005  8.2859956e+006  1.3145150e+003  5.6670659e+002
  4.7408677e+005  8.2860029e+006  1.3143190e+003  5.6670659e+002
  4.7412936e+005  8.2860101e+006  1.3141350e+003  4.8574850e+002
  4.7417193e+005  8.2860172e+006  1.3139690e+003  5.2622754e+002
  4.7421446e+005  8.2860243e+006  1.3018450e+003  4.4526946e+002
  4.7425696e+005  8.2860313e+006  1.3017590e+003  4.0479042e+002
  4.7429942e+005  8.2860384e+006  1.3017250e+003  4.0479042e+002
  4.7434184e+005  8.2860455e+006  1.2897310e+003  3.6431138e+002
  4.7438422e+005  8.2860526e+006  1.2897360e+003  3.2383234e+002
  4.7442654e+005  8.2860598e+006  1.2777620e+003  2.0239521e+002
  4.7446879e+005  8.2860673e+006  1.2538080e+003  1.2143713e+002
  4.7451097e+005  8.2860749e+006  1.2298550e+003  4.0479042e+001
  4.7674796e+005  8.2866228e+006  1.1594140e+003  1.0929341e+003
  4.7679007e+005  8.2866322e+006  1.1594620e+003  1.0524551e+003
  4.7683218e+005  8.2866416e+006  1.1714910e+003  1.0929341e+003
  4.7687432e+005  8.2866511e+006  1.1715190e+003  1.0524551e+003
  4.7691648e+005  8.2866605e+006  1.1715390e+003  1.0119760e+003
  4.7695866e+005  8.2866698e+006  1.1835440e+003  1.0524551e+003
  4.7700086e+005  8.2866791e+006  1.1835480e+003  1.0119760e+003
  4.7704242e+005  8.2866883e+006  1.1835420e+003  1.0119760e+003
  4.7708466e+005  8.2866977e+006  1.1835290e+003  9.7149701e+002
  4.7712692e+005  8.2867070e+006  1.1954990e+003  9.7149701e+002
  4.7716921e+005  8.2867163e+006  1.1954660e+003  9.3101796e+002
  4.7721152e+005  8.2867256e+006  1.2074180e+003  1.0119760e+003
  4.7725385e+005  8.2867349e+006  1.2193660e+003  1.0929341e+003
  4.7729619e+005  8.2867441e+006  1.2312980e+003  1.1334132e+003
  4.7733856e+005  8.2867534e+006  1.2432240e+003  1.1738922e+003
  4.7738094e+005  8.2867627e+006  1.2431550e+003  1.1334132e+003
  4.7742333e+005  8.2867719e+006  1.2550700e+003  1.1738922e+003
  4.7746573e+005  8.2867812e+006  1.2549810e+003  1.1738922e+003
  4.7750813e+005  8.2867904e+006  1.2668690e+003  1.2548503e+003
  4.7755053e+005  8.2867997e+006  1.2787510e+003  1.2143713e+003
  4.7759293e+005  8.2868090e+006  1.2786340e+003  1.2143713e+003
  4.7763533e+005  8.2868183e+006  1.2904970e+003  1.1334132e+003
  4.7767773e+005  8.2868276e+006  1.3143480e+003  1.2143713e+003
  4.7772014e+005  8.2868369e+006  1.3262140e+003  1.1334132e+003
  4.7776257e+005  8.2868462e+006  1.3381140e+003  1.2548503e+003
  4.7780500e+005  8.2868555e+006  1.3500420e+003  1.1334132e+003
  4.8488443e+005  8.2877469e+006  1.2297210e+003  5.2622754e+002
  4.8492765e+005  8.2877471e+006  1.2296250e+003  4.4526946e+002
  4.8808652e+005  8.2878862e+006  1.2282700e+003  3.6431138e+002
  4.8812850e+005  8.2878889e+006  1.2282190e+003  4.4526946e+002
  4.8817047e+005  8.2878917e+006  1.2281360e+003  4.8574850e+002
  4.8821243e+005  8.2878944e+006  1.2160230e+003  4.0479042e+002
  4.8825438e+005  8.2878972e+006  1.2158600e+003  4.4526946e+002
  4.8829633e+005  8.2878999e+006  1.2156650e+003  4.8574850e+002
  4.8833826e+005  8.2879026e+006  1.2154480e+003  4.8574850e+002
  4.8838020e+005  8.2879054e+006  1.2032380e+003  4.8574850e+002
  4.8842147e+005  8.2879080e+006  1.2030270e+003  4.8574850e+002
  4.8846340e+005  8.2879107e+006  1.2028200e+003  5.2622754e+002
  4.8850534e+005  8.2879134e+006  1.1906410e+003  4.8574850e+002
  4.8854728e+005  8.2879160e+006  1.1904800e+003  5.2622754e+002
  4.8858922e+005  8.2879186e+006  1.1783700e+003  5.2622754e+002
  4.8863116e+005  8.2879212e+006  1.1782910e+003  5.6670659e+002
  4.8867310e+005  8.2879237e+006  1.1662630e+003  5.2622754e+002
  4.8871503e+005  8.2879262e+006  1.1662760e+003  5.2622754e+002
  4.8875695e+005  8.2879287e+006  1.1543480e+003  4.8574850e+002
  4.8879886e+005  8.2879311e+006  1.1544610e+003  5.2622754e+002
  4.8884075e+005  8.2879335e+006  1.1546140e+003  5.6670659e+002
  4.8888262e+005  8.2879358e+006  1.1547990e+003  6.0718563e+002
  4.8892446e+005  8.2879381e+006  1.1430050e+003  5.6670659e+002
  4.8896629e+005  8.2879404e+006  1.1432090e+003  6.0718563e+002
  4.8900810e+005  8.2879426e+006  1.1434110e+003  6.4766467e+002
  4.8904989e+005  8.2879448e+006  1.1435700e+003  6.4766467e+002
  4.8909167e+005  8.2879470e+006  1.1437160e+003  6.8814371e+002
  4.8913344e+005  8.2879491e+006  1.1438640e+003  6.8814371e+002
  4.8917521e+005  8.2879511e+006  1.1439820e+003  6.8814371e+002
  4.8921696e+005  8.2879531e+006  1.1321050e+003  6.8814371e+002
  4.8925871e+005  8.2879551e+006  1.1322490e+003  6.8814371e+002
  4.8930044e+005  8.2879570e+006  1.1324120e+003  6.8814371e+002
  4.8934214e+005  8.2879589e+006  1.1325990e+003  6.8814371e+002
  4.8938382e+005  8.2879608e+006  1.1328310e+003  7.2862275e+002
  4.8942547e+005  8.2879626e+006  1.1331000e+003  7.2862275e+002
  4.8946708e+005  8.2879644e+006  1.1214080e+003  6.8814371e+002
  4.8950867e+005  8.2879662e+006  1.1217030e+003  7.2862275e+002
  4.8955023e+005  8.2879679e+006  1.1219760e+003  7.2862275e+002
  4.8959176e+005  8.2879697e+006  1.1222130e+003  7.2862275e+002
  4.8963328e+005  8.2879714e+006  1.1224060e+003  6.8814371e+002
  4.8304479e+005  8.2906592e+006  1.0614280e+003  5.2622754e+002
  4.8300275e+005  8.2906600e+006  1.0733200e+003  5.2622754e+002
  4.8262444e+005  8.2906667e+006  1.1339400e+003  6.0718563e+002
  4.8258243e+005  8.2906674e+006  1.1461660e+003  6.4766467e+002
  4.8254043e+005  8.2906681e+006  1.1463950e+003  6.4766467e+002
  4.8249843e+005  8.2906688e+006  1.1466010e+003  6.0718563e+002
  4.8245643e+005  8.2906694e+006  1.1587810e+003  7.2862275e+002
  4.8241445e+005  8.2906699e+006  1.1589440e+003  6.8814371e+002
  4.8237246e+005  8.2906704e+006  1.1590690e+003  6.8814371e+002
  4.8233049e+005  8.2906708e+006  1.1711390e+003  6.8814371e+002
  4.8228853e+005  8.2906711e+006  1.1591780e+003  6.0718563e+002
  4.8224657e+005  8.2906714e+006  1.1591720e+003  6.0718563e+002
  4.8220461e+005  8.2906717e+006  1.1711020e+003  6.0718563e+002
  4.8216265e+005  8.2906719e+006  1.1709780e+003  5.2622754e+002
  4.8212069e+005  8.2906721e+006  1.1948050e+003  5.6670659e+002
  4.8207871e+005  8.2906722e+006  1.1946150e+003  5.6670659e+002
  4.8203672e+005  8.2906724e+006  1.2063770e+003  5.2622754e+002
  4.8199472e+005  8.2906724e+006  1.2181430e+003  5.6670659e+002
  4.8195270e+005  8.2906725e+006  1.2299170e+003  5.6670659e+002
  4.8191067e+005  8.2906725e+006  1.2417020e+003  6.0718563e+002
  4.8186862e+005  8.2906724e+006  1.2415280e+003  5.6670659e+002
  4.8182656e+005  8.2906723e+006  1.2533850e+003  6.4766467e+002
  4.8178450e+005  8.2906722e+006  1.2533010e+003  6.8814371e+002
  4.8174243e+005  8.2906720e+006  1.2652540e+003  6.8814371e+002
  4.8170036e+005  8.2906718e+006  1.2652550e+003  6.8814371e+002
  4.8165831e+005  8.2906716e+006  1.2772630e+003  7.6910180e+002
  4.8161627e+005  8.2906713e+006  1.2772940e+003  7.6910180e+002
  4.8157426e+005  8.2906711e+006  1.2893290e+003  8.5005988e+002
  4.8153226e+005  8.2906708e+006  1.2893800e+003  8.9053892e+002
  4.8149028e+005  8.2906705e+006  1.2894320e+003  8.5005988e+002
  4.8144833e+005  8.2906703e+006  1.3014720e+003  8.5005988e+002
  4.8140639e+005  8.2906700e+006  1.3015180e+003  8.9053892e+002
  4.8136446e+005  8.2906697e+006  1.3015580e+003  8.9053892e+002
  4.8132255e+005  8.2906694e+006  1.3135850e+003  9.3101796e+002
  4.8128065e+005  8.2906691e+006  1.3136110e+003  9.3101796e+002
  4.8123877e+005  8.2906687e+006  1.3136230e+003  9.3101796e+002
  4.8119689e+005  8.2906684e+006  1.3255960e+003  9.3101796e+002
  4.8115502e+005  8.2906681e+006  1.3255630e+003  9.3101796e+002
  4.8111316e+005  8.2906678e+006  1.3255240e+003  9.3101796e+002
  4.8107130e+005  8.2906675e+006  1.3374830e+003  9.7149701e+002
  4.8102945e+005  8.2906672e+006  1.3374540e+003  9.7149701e+002
  4.8098759e+005  8.2906670e+006  1.3374310e+003  9.7149701e+002
  4.8094574e+005  8.2906668e+006  1.3374300e+003  9.7149701e+002
  4.8090389e+005  8.2906666e+006  1.3494520e+003  1.0119760e+003
  4.8086204e+005  8.2906665e+006  1.3495270e+003  9.3101796e+002
  4.8082017e+005  8.2906665e+006  1.3496430e+003  9.3101796e+002
  4.8077830e+005  8.2906665e+006  1.3497890e+003  8.9053892e+002
  4.8073642e+005  8.2906665e+006  1.3499290e+003  8.5005988e+002
  4.8069452e+005  8.2906665e+006  1.3620420e+003  8.5005988e+002
  4.8065261e+005  8.2906667e+006  1.3621320e+003  8.0958084e+002
  4.8061067e+005  8.2906669e+006  1.3621580e+003  8.9053892e+002
  4.8056870e+005  8.2906672e+006  1.3621200e+003  8.0958084e+002
  4.8052670e+005  8.2906677e+006  1.3500220e+003  7.2862275e+002
  4.8048466e+005  8.2906682e+006  1.3618510e+003  8.0958084e+002
  4.8044258e+005  8.2906688e+006  1.3616480e+003  7.2862275e+002
  4.8040046e+005  8.2906694e+006  1.3734210e+003  6.8814371e+002
  4.8035829e+005  8.2906700e+006  1.3971850e+003  6.8814371e+002
  4.8031608e+005  8.2906706e+006  1.3969620e+003  6.0718563e+002
  4.8027381e+005  8.2906713e+006  1.4087140e+003  6.0718563e+002
  4.8023151e+005  8.2906720e+006  1.4204830e+003  6.4766467e+002
  4.8018915e+005  8.2906726e+006  1.4202880e+003  5.2622754e+002
  4.8014675e+005  8.2906733e+006  1.4321250e+003  5.2622754e+002
  4.8010431e+005  8.2906740e+006  1.4320160e+003  5.2622754e+002
  4.8006182e+005  8.2906747e+006  1.4439490e+003  6.0718563e+002
  4.8001931e+005  8.2906753e+006  1.4439320e+003  6.0718563e+002
  4.7997676e+005  8.2906758e+006  1.4319730e+003  6.0718563e+002
  4.7940167e+005  8.2906711e+006  1.4016330e+003  4.0479042e+002
  4.7935914e+005  8.2906700e+006  1.3781670e+003  3.6431138e+002
  4.7931661e+005  8.2906688e+006  1.3786050e+003  4.0479042e+002
  4.7927406e+005  8.2906677e+006  1.3669610e+003  4.0479042e+002
  4.7923149e+005  8.2906664e+006  1.3672370e+003  4.4526946e+002
  4.7918890e+005  8.2906652e+006  1.3674410e+003  4.8574850e+002
  4.7914627e+005  8.2906639e+006  1.3555750e+003  4.4526946e+002
  4.7910360e+005  8.2906626e+006  1.3436350e+003  3.2383234e+002
  4.7906088e+005  8.2906613e+006  1.3436150e+003  4.4526946e+002
  4.7901812e+005  8.2906600e+006  1.3435460e+003  4.4526946e+002
  4.7897532e+005  8.2906587e+006  1.3434210e+003  7.6910180e+002
  4.7893247e+005  8.2906574e+006  1.3312410e+003  8.0958084e+002
  4.7888958e+005  8.2906562e+006  1.3190310e+003  8.0958084e+002
  4.7884663e+005  8.2906551e+006  1.2948200e+003  7.2862275e+002
  4.7880364e+005  8.2906540e+006  1.2946200e+003  8.0958084e+002
  4.7876060e+005  8.2906530e+006  1.2824360e+003  8.0958084e+002
  4.7871751e+005  8.2906520e+006  1.2702580e+003  8.9053892e+002
  4.7867438e+005  8.2906511e+006  1.2580930e+003  9.3101796e+002
  4.7863121e+005  8.2906502e+006  1.2459250e+003  8.9053892e+002
  4.7858799e+005  8.2906495e+006  1.2457440e+003  9.3101796e+002
  4.7854474e+005  8.2906488e+006  1.2455570e+003  9.7149701e+002
  4.7850146e+005  8.2906482e+006  1.2453730e+003  9.7149701e+002
  4.7845814e+005  8.2906477e+006  1.2451960e+003  9.3101796e+002
  4.7451542e+005  8.2906401e+006  1.3332310e+003  8.8808383e+001
  4.7447141e+005  8.2906414e+006  1.3461690e+003  1.7289222e+002
  4.7442740e+005  8.2906427e+006  1.3594200e+003  2.1751497e+002
  4.7438339e+005  8.2906440e+006  1.3706680e+003  2.5526347e+002
  4.7434007e+005  8.2906454e+006  1.3792020e+003  3.2422754e+002
  4.7429607e+005  8.2906469e+006  1.3863200e+003  3.4780240e+002
  4.7425207e+005  8.2906483e+006  1.3918510e+003  4.0647904e+002
  4.7420808e+005  8.2906498e+006  1.3957420e+003  4.1916766e+002
  4.7416409e+005  8.2906513e+006  1.3984800e+003  4.6849102e+002
  4.7412011e+005  8.2906528e+006  1.3998090e+003  4.7264072e+002
  4.7407614e+005  8.2906543e+006  1.3996530e+003  4.7185030e+002
  4.7403216e+005  8.2906558e+006  1.3992300e+003  4.7029940e+002
  4.7398820e+005  8.2906573e+006  1.3980830e+003  5.0693413e+002
  4.7394424e+005  8.2906587e+006  1.3970400e+003  5.0359281e+002
  4.7390028e+005  8.2906601e+006  1.3956960e+003  4.9936527e+002
  4.7385633e+005  8.2906614e+006  1.3946250e+003  4.9616168e+002
  4.7381238e+005  8.2906627e+006  1.3931600e+003  4.9164671e+002
  4.7376842e+005  8.2906640e+006  1.3921960e+003  4.4835329e+002
  4.7372446e+005  8.2906652e+006  1.3911780e+003  4.8582635e+002
  4.7368049e+005  8.2906664e+006  1.3911890e+003  4.8628743e+002
  4.7363652e+005  8.2906675e+006  1.3922140e+003  4.9008982e+002
  4.7359255e+005  8.2906687e+006  1.3936340e+003  4.9511377e+002
  4.7354857e+005  8.2906698e+006  1.3944710e+003  5.3850898e+002
  4.7350458e+005  8.2906709e+006  1.3963230e+003  5.4479641e+002
  4.7346060e+005  8.2906720e+006  1.3973110e+003  5.4816766e+002
  4.7341661e+005  8.2906730e+006  1.3989930e+003  6.3494012e+002
  4.7337262e+005  8.2906741e+006  1.4008980e+003  6.0117964e+002
  4.7332862e+005  8.2906751e+006  1.4029800e+003  6.4918563e+002
  4.7328462e+005  8.2906761e+006  1.4056100e+003  6.9926946e+002
  4.7324062e+005  8.2906770e+006  1.4088130e+003  7.5148503e+002
  4.7319660e+005  8.2906780e+006  1.4115830e+003  8.0238323e+002
  4.7315258e+005  8.2906789e+006  1.4148370e+003  8.5498204e+002
  4.7310855e+005  8.2906799e+006  1.4173460e+003  8.6461078e+002
  4.7306451e+005  8.2906808e+006  1.4197460e+003  8.7385629e+002
  4.7302047e+005  8.2906818e+006  1.4222080e+003  9.2373653e+002
  4.7297644e+005  8.2906828e+006  1.4248600e+003  9.3370060e+002
  4.7293241e+005  8.2906838e+006  1.4276410e+003  9.0347305e+002
  4.7288838e+005  8.2906847e+006  1.4310030e+003  9.1552695e+002
  4.7284437e+005  8.2906857e+006  1.4344620e+003  8.8725150e+002
  4.7280037e+005  8.2906868e+006  1.4374290e+003  8.9755090e+002
  4.7275639e+005  8.2906878e+006  1.4395510e+003  9.4525749e+002
  4.7271243e+005  8.2906888e+006  1.4412010e+003  9.5069461e+002
  4.7266849e+005  8.2906898e+006  1.4421540e+003  9.5355090e+002
  4.7262458e+005  8.2906907e+006  1.4418110e+003  9.1132934e+002
  4.7258070e+005  8.2906917e+006  1.4408730e+003  9.0735329e+002
  4.7253684e+005  8.2906925e+006  1.4401470e+003  9.0396407e+002
  4.7249300e+005  8.2906933e+006  1.4384100e+003  8.9706587e+002
  4.7244919e+005  8.2906941e+006  1.4366470e+003  8.9011377e+002
  4.7240541e+005  8.2906947e+006  1.4350510e+003  8.8382036e+002
  4.7236164e+005  8.2906953e+006  1.4331030e+003  9.1697006e+002
  4.7231790e+005  8.2906958e+006  1.4316340e+003  8.7098204e+002
  4.7227417e+005  8.2906962e+006  1.4298920e+003  8.6474251e+002
  4.7223046e+005  8.2906966e+006  1.4285240e+003  8.5991617e+002
  4.7218676e+005  8.2906969e+006  1.4274680e+003  8.5628144e+002
  4.7214308e+005  8.2906971e+006  1.4270460e+003  8.5492814e+002
  4.7209940e+005  8.2906972e+006  1.4269720e+003  8.5496407e+002
  4.7205573e+005  8.2906973e+006  1.4269530e+003  8.5525150e+002
  4.7201207e+005  8.2906974e+006  1.4277140e+003  8.1770060e+002
  4.7196842e+005  8.2906974e+006  1.4291100e+003  8.2276647e+002
  4.7192477e+005  8.2906973e+006  1.4305500e+003  7.8745509e+002
  4.7188114e+005  8.2906973e+006  1.4322620e+003  7.9345509e+002
  4.7183750e+005  8.2906972e+006  1.4335480e+003  7.9791617e+002
  4.7179387e+005  8.2906971e+006  1.4354050e+003  8.0422754e+002
  4.7175025e+005  8.2906969e+006  1.4368890e+003  8.0922754e+002
  4.7170664e+005  8.2906968e+006  1.4384330e+003  8.1434132e+002
  4.7166305e+005  8.2906966e+006  1.4400010e+003  7.7898204e+002
  4.7161948e+005  8.2906964e+006  1.4409410e+003  7.8195210e+002
  4.7157593e+005  8.2906962e+006  1.4410730e+003  7.8217365e+002
  4.7153240e+005  8.2906959e+006  1.4400750e+003  7.7859281e+002
  4.7148890e+005  8.2906957e+006  1.4378990e+003  7.7113174e+002
  4.7144541e+005  8.2906954e+006  1.4345180e+003  7.1921557e+002
  4.7140193e+005  8.2906952e+006  1.4311520e+003  7.4838323e+002
  4.7135847e+005  8.2906949e+006  1.4266700e+003  6.9288623e+002
  4.7131501e+005  8.2906945e+006  1.4220210e+003  6.7735329e+002
  4.7127157e+005  8.2906942e+006  1.4159710e+003  6.5713772e+002
  4.7122813e+005  8.2906937e+006  1.4107000e+003  6.7997605e+002
  4.7118470e+005  8.2906932e+006  1.4041370e+003  6.1742515e+002
  4.7114128e+005  8.2906926e+006  1.3950350e+003  5.8669461e+002
  4.7109787e+005  8.2906919e+006  1.3901480e+003  6.5102395e+002
  4.7105448e+005  8.2906912e+006  1.3843350e+003  7.5260479e+002
  4.7101111e+005  8.2906905e+006  1.3811130e+003  9.4380838e+002
  4.7096774e+005  8.2906898e+006  1.3794740e+003  9.3792814e+002
  4.7092439e+005  8.2906891e+006  1.3789710e+003  9.3588024e+002
  4.7088105e+005  8.2906884e+006  1.3773190e+003  9.2998802e+002
  4.7083772e+005  8.2906877e+006  1.3750180e+003  1.0028922e+003
  4.7079440e+005  8.2906870e+006  1.3719430e+003  9.9226946e+002
  4.7075109e+005  8.2906865e+006  1.3708350e+003  9.4786228e+002
  4.7070778e+005  8.2906859e+006  1.3694410e+003  9.8352695e+002
  4.7066447e+005  8.2906854e+006  1.3675380e+003  9.7710778e+002
  4.7062117e+005  8.2906849e+006  1.3639580e+003  9.6510180e+002
  4.7057788e+005  8.2906845e+006  1.3635740e+003  9.6395808e+002
  4.7053458e+005  8.2906841e+006  1.3622830e+003  1.0003174e+003
  4.7049128e+005  8.2906837e+006  1.3602750e+003  1.0343293e+003
  4.7044797e+005  8.2906834e+006  1.3594220e+003  1.0318263e+003
  4.7040466e+005  8.2906831e+006  1.3584980e+003  1.0291138e+003
  4.7036135e+005  8.2906828e+006  1.3584030e+003  9.8872455e+002
  4.7031803e+005  8.2906826e+006  1.3596200e+003  8.7178443e+002
  4.7027471e+005  8.2906823e+006  1.3622850e+003  7.1915569e+002
  4.7023138e+005  8.2906821e+006  1.3673240e+003  5.7446707e+002
  4.7018806e+005  8.2906819e+006  1.3739490e+003  4.7555090e+002
  4.7014473e+005  8.2906816e+006  1.3805190e+003  4.9774850e+002
  4.7010140e+005  8.2906814e+006  1.3868250e+003  4.7850898e+002
  4.7005808e+005  8.2906811e+006  1.3910140e+003  4.9261078e+002
  4.7001476e+005  8.2906808e+006  1.3925720e+003  4.9777246e+002
  4.6997145e+005  8.2906804e+006  1.3920420e+003  5.3630539e+002
  4.6992814e+005  8.2906799e+006  1.3903940e+003  5.3059281e+002
  4.6988485e+005  8.2906795e+006  1.3853400e+003  5.5389820e+002
  4.6984156e+005  8.2906789e+006  1.3793500e+003  5.3359281e+002
  4.6979828e+005  8.2906783e+006  1.3743080e+003  5.1649701e+002
  4.6975501e+005  8.2906776e+006  1.3695320e+003  5.8125749e+002
  4.6971175e+005  8.2906768e+006  1.3647610e+003  6.0556287e+002
  4.6966851e+005  8.2906759e+006  1.3587060e+003  5.8509581e+002
  4.6962526e+005  8.2906750e+006  1.3527030e+003  6.0526946e+002
  4.6958203e+005  8.2906740e+006  1.3469610e+003  6.2625749e+002
  4.6953880e+005  8.2906729e+006  1.3419820e+003  6.4978443e+002
  4.6949558e+005  8.2906718e+006  1.3381600e+003  6.7718563e+002
  4.6945237e+005  8.2906706e+006  1.3347750e+003  7.4651497e+002
  4.6940916e+005  8.2906694e+006  1.3322820e+003  6.5694611e+002
  4.6936595e+005  8.2906683e+006  1.3310740e+003  7.3363473e+002
  4.6932275e+005  8.2906671e+006  1.3305300e+003  7.3159281e+002
  4.6927955e+005  8.2906661e+006  1.3311600e+003  7.3352096e+002
  4.6923635e+005  8.2906650e+006  1.3320560e+003  6.9589222e+002
  4.6919316e+005  8.2906641e+006  1.3334130e+003  6.5986228e+002
  4.6914997e+005  8.2906632e+006  1.3345030e+003  6.2295210e+002
  4.6910677e+005  8.2906624e+006  1.3363250e+003  5.8851497e+002
  4.6906358e+005  8.2906617e+006  1.3388130e+003  5.5640120e+002
  4.6902039e+005  8.2906610e+006  1.3420850e+003  5.6744910e+002
  4.6897720e+005  8.2906604e+006  1.3453850e+003  5.3808383e+002
  4.6893401e+005  8.2906599e+006  1.3486770e+003  5.8966467e+002
  4.6889082e+005  8.2906594e+006  1.3518430e+003  5.5988024e+002
  4.6884763e+005  8.2906590e+006  1.3547180e+003  5.6956287e+002
  4.6880444e+005  8.2906586e+006  1.3571730e+003  5.7779641e+002
  4.6876125e+005  8.2906583e+006  1.3590250e+003  5.8397605e+002
  4.6871806e+005  8.2906580e+006  1.3608090e+003  5.8996407e+002
  4.6867487e+005  8.2906577e+006  1.3614470e+003  5.9213772e+002
  4.6863168e+005  8.2906575e+006  1.3631810e+003  5.9805988e+002
  4.6858849e+005  8.2906573e+006  1.3642200e+003  6.4210180e+002
  4.6854529e+005  8.2906572e+006  1.3644710e+003  6.4298802e+002
  4.6850209e+005  8.2906570e+006  1.3656720e+003  6.4708982e+002
  4.6845889e+005  8.2906570e+006  1.3663300e+003  6.8984431e+002
  4.6841568e+005  8.2906569e+006  1.3659450e+003  7.2907186e+002
  4.6837247e+005  8.2906569e+006  1.3651400e+003  7.2634731e+002
  4.6832926e+005  8.2906569e+006  1.3634390e+003  7.2058084e+002
  4.6828605e+005  8.2906569e+006  1.3611310e+003  7.5323952e+002
  4.6824285e+005  8.2906569e+006  1.3578490e+003  8.2306587e+002
  4.6819964e+005  8.2906570e+006  1.3543830e+003  8.1133533e+002
  4.6815645e+005  8.2906570e+006  1.3509390e+003  8.4019760e+002
  4.6811325e+005  8.2906570e+006  1.3469030e+003  7.4568263e+002
  4.6807005e+005  8.2906570e+006  1.3431140e+003  7.7346108e+002
  4.6802686e+005  8.2906570e+006  1.3391110e+003  7.1958084e+002
  4.6798367e+005  8.2906569e+006  1.3352830e+003  7.0684431e+002
  4.6794049e+005  8.2906568e+006  1.3314430e+003  6.5364671e+002
  4.6789730e+005  8.2906567e+006  1.3282060e+003  6.4300000e+002
  4.6785412e+005  8.2906565e+006  1.3249580e+003  6.3229940e+002
  4.6781094e+005  8.2906563e+006  1.3212660e+003  5.7961078e+002
  4.6776776e+005  8.2906561e+006  1.3175400e+003  5.6729341e+002
  4.6772458e+005  8.2906558e+006  1.3139030e+003  5.1477246e+002
  4.6768141e+005  8.2906555e+006  1.3095010e+003  5.0011976e+002
  4.6763824e+005  8.2906551e+006  1.3048370e+003  4.8456886e+002
  4.6759507e+005  8.2906547e+006  1.2998040e+003  4.2727545e+002
  4.6755190e+005  8.2906542e+006  1.2938020e+003  4.0716766e+002
  4.6750873e+005  8.2906538e+006  1.2867140e+003  3.8333533e+002
  4.6746557e+005  8.2906533e+006  1.2778350e+003  3.5341916e+002
  4.6742241e+005  8.2906528e+006  1.2672790e+003  2.7734731e+002
  4.6737925e+005  8.2906523e+006  1.2554820e+003  1.9710180e+002
  4.6733609e+005  8.2906517e+006  1.2447770e+003  1.2056886e+002
  4.6895715e+005  8.2845612e+006  1.2914730e+003  9.7149701e+002
  4.6900039e+005  8.2845602e+006  1.3034640e+003  1.0524551e+003
  4.6904364e+005  8.2845592e+006  1.3034520e+003  1.0524551e+003
  4.6908688e+005  8.2845583e+006  1.3034410e+003  1.1334132e+003
  4.6913012e+005  8.2845574e+006  1.3154000e+003  1.2143713e+003
  4.6917336e+005  8.2845565e+006  1.3153480e+003  1.2953293e+003
  4.6921659e+005  8.2845557e+006  1.3152930e+003  1.2548503e+003
  4.6925982e+005  8.2845549e+006  1.3152350e+003  1.2143713e+003
  4.6930305e+005  8.2845542e+006  1.3151730e+003  1.2143713e+003
  4.6934627e+005  8.2845535e+006  1.3271070e+003  1.1738922e+003
  4.6938948e+005  8.2845528e+006  1.3270520e+003  1.1334132e+003
  4.6943268e+005  8.2845522e+006  1.3270020e+003  1.0929341e+003
  4.6947588e+005  8.2845516e+006  1.3389450e+003  1.1334132e+003
  4.6951907e+005  8.2845510e+006  1.3388880e+003  1.0929341e+003
  4.6956226e+005  8.2845505e+006  1.3388110e+003  1.0524551e+003
  4.6960544e+005  8.2845501e+006  1.3507220e+003  1.0524551e+003
  4.6964863e+005  8.2845496e+006  1.3506380e+003  1.0524551e+003
  4.6969182e+005  8.2845493e+006  1.3505390e+003  1.0524551e+003
  4.6973502e+005  8.2845490e+006  1.3624360e+003  1.0929341e+003
  4.6977821e+005  8.2845487e+006  1.3623550e+003  1.0929341e+003
  4.6982141e+005  8.2845485e+006  1.3623140e+003  1.0929341e+003
  4.6986460e+005  8.2845483e+006  1.3742990e+003  1.1334132e+003
  4.6990779e+005  8.2845482e+006  1.3743240e+003  1.1738922e+003
  4.6995097e+005  8.2845481e+006  1.3743650e+003  1.1738922e+003
  4.6999413e+005  8.2845480e+006  1.3744170e+003  1.2143713e+003
  4.7003728e+005  8.2845479e+006  1.3744730e+003  1.2143713e+003
  4.7008043e+005  8.2845478e+006  1.3865260e+003  1.2953293e+003
  4.7012356e+005  8.2845477e+006  1.3865870e+003  1.2953293e+003
  4.7016669e+005  8.2845475e+006  1.3866340e+003  1.3358084e+003
  4.7020982e+005  8.2845473e+006  1.3866670e+003  1.3358084e+003
  4.7025295e+005  8.2845469e+006  1.3866860e+003  1.3762874e+003
  4.7029608e+005  8.2845466e+006  1.3866870e+003  1.4167665e+003
  4.7033921e+005  8.2845461e+006  1.3986740e+003  1.4977246e+003
  4.7038233e+005  8.2845456e+006  1.3866760e+003  1.4572455e+003
  4.7042545e+005  8.2845451e+006  1.3986610e+003  1.5382036e+003
  4.7046855e+005  8.2845445e+006  1.3986530e+003  1.5786826e+003
  4.7051165e+005  8.2845439e+006  1.3986450e+003  1.6596407e+003
  4.7055474e+005  8.2845432e+006  1.3986050e+003  1.7405988e+003
  4.7059784e+005  8.2845426e+006  1.3985370e+003  1.8215569e+003
  4.7064093e+005  8.2845419e+006  1.3984400e+003  1.8620359e+003
  4.7068403e+005  8.2845412e+006  1.3983290e+003  1.8620359e+003
  4.7072714e+005  8.2845406e+006  1.3982140e+003  1.8215569e+003
  4.7077025e+005  8.2845400e+006  1.4101070e+003  1.8215569e+003
  4.7081337e+005  8.2845394e+006  1.3980130e+003  1.7405988e+003
  4.7085649e+005  8.2845388e+006  1.4098980e+003  1.7405988e+003
  4.7089961e+005  8.2845383e+006  1.4098030e+003  1.7001198e+003
  4.7094272e+005  8.2845379e+006  1.4097300e+003  1.6596407e+003
  4.7098584e+005  8.2845374e+006  1.4096830e+003  1.6191617e+003
  4.7102895e+005  8.2845369e+006  1.4096340e+003  1.5786826e+003
  4.7107206e+005  8.2845364e+006  1.4095880e+003  1.4977246e+003
  4.7111516e+005  8.2845360e+006  1.4095470e+003  1.4977246e+003
  4.7115826e+005  8.2845356e+006  1.4214980e+003  1.4977246e+003
  4.7120136e+005  8.2845352e+006  1.4214610e+003  1.4572455e+003
  4.7124444e+005  8.2845348e+006  1.4214350e+003  1.4167665e+003
  4.7128752e+005  8.2845344e+006  1.4213950e+003  1.4167665e+003
  4.7133060e+005  8.2845340e+006  1.4213380e+003  1.3358084e+003
  4.7137367e+005  8.2845337e+006  1.4212740e+003  1.2953293e+003
  4.7141674e+005  8.2845333e+006  1.4211980e+003  1.2548503e+003
  4.7145981e+005  8.2845330e+006  1.4211090e+003  1.2548503e+003
  4.7150287e+005  8.2845327e+006  1.4210260e+003  1.2143713e+003
  4.7154594e+005  8.2845325e+006  1.4329430e+003  1.2143713e+003
  4.7158902e+005  8.2845323e+006  1.4208860e+003  1.1738922e+003
  4.7163210e+005  8.2845321e+006  1.4328330e+003  1.2143713e+003
  4.7167519e+005  8.2845320e+006  1.4328110e+003  1.1738922e+003
  4.7171828e+005  8.2845320e+006  1.4328190e+003  1.1738922e+003
  4.7176137e+005  8.2845320e+006  1.4328360e+003  1.1738922e+003
  4.7180446e+005  8.2845321e+006  1.4328620e+003  1.1738922e+003
  4.7184755e+005  8.2845322e+006  1.4328940e+003  1.1738922e+003
  4.7189062e+005  8.2845324e+006  1.4329220e+003  1.1738922e+003
  4.7193370e+005  8.2845325e+006  1.4329440e+003  1.1738922e+003
  4.7197676e+005  8.2845328e+006  1.4329710e+003  1.1334132e+003
  4.7201982e+005  8.2845330e+006  1.4330020e+003  1.1334132e+003
  4.7206219e+005  8.2845333e+006  1.4330350e+003  1.1334132e+003
  4.7210522e+005  8.2845336e+006  1.4330770e+003  1.1334132e+003
  4.7214825e+005  8.2845339e+006  1.4451210e+003  1.1738922e+003
  4.7219127e+005  8.2845342e+006  1.4451890e+003  1.1738922e+003
  4.7223429e+005  8.2845346e+006  1.4452810e+003  1.1334132e+003
  4.7227731e+005  8.2845349e+006  1.4453790e+003  1.1334132e+003
  4.7232032e+005  8.2845353e+006  1.4454390e+003  1.1334132e+003
  4.7236332e+005  8.2845356e+006  1.4454910e+003  1.1334132e+003
  4.7240632e+005  8.2845360e+006  1.4455350e+003  1.1334132e+003
  4.7244932e+005  8.2845363e+006  1.4455640e+003  1.1334132e+003
  4.7249230e+005  8.2845366e+006  1.4455980e+003  1.1334132e+003
  4.7253529e+005  8.2845369e+006  1.4456460e+003  1.1334132e+003
  4.7257827e+005  8.2845372e+006  1.4456970e+003  1.1334132e+003
  4.7262123e+005  8.2845374e+006  1.4457560e+003  1.0929341e+003
  4.7266419e+005  8.2845376e+006  1.4458220e+003  1.0929341e+003
  4.7270713e+005  8.2845378e+006  1.4458950e+003  1.0524551e+003
  4.7275006e+005  8.2845379e+006  1.4459670e+003  1.0524551e+003
  4.7279299e+005  8.2845380e+006  1.4460280e+003  1.0524551e+003
  4.7283592e+005  8.2845381e+006  1.4460820e+003  1.0119760e+003
  4.7287883e+005  8.2845381e+006  1.4461420e+003  9.7149701e+002
  4.7292174e+005  8.2845380e+006  1.4462420e+003  9.3101796e+002
  4.7296464e+005  8.2845379e+006  1.4343830e+003  8.9053892e+002
  4.7300753e+005  8.2845378e+006  1.4345460e+003  8.5005988e+002
  4.7305040e+005  8.2845375e+006  1.4347240e+003  8.5005988e+002
  4.7309327e+005  8.2845371e+006  1.4348880e+003  8.0958084e+002
  4.7313612e+005  8.2845366e+006  1.4350240e+003  8.0958084e+002
  4.7317895e+005  8.2845360e+006  1.4231300e+003  6.4766467e+002
  4.7322176e+005  8.2845353e+006  1.4232090e+003  6.0718563e+002
  4.7326457e+005  8.2845344e+006  1.4112970e+003  5.6670659e+002
  4.7330738e+005  8.2845336e+006  1.4113630e+003  5.6670659e+002
  4.7335019e+005  8.2845326e+006  1.3994160e+003  4.8574850e+002
  4.7339302e+005  8.2845317e+006  1.3994300e+003  4.8574850e+002
  4.7343587e+005  8.2845308e+006  1.3874230e+003  4.0479042e+002
  4.7347874e+005  8.2845300e+006  1.3873770e+003  4.0479042e+002
  4.7352164e+005  8.2845292e+006  1.3752970e+003  4.0479042e+002
  4.7356455e+005  8.2845285e+006  1.3632030e+003  4.0479042e+002
  4.7360750e+005  8.2845279e+006  1.3511050e+003  3.6431138e+002
  4.7365046e+005  8.2845274e+006  1.3510120e+003  4.0479042e+002
  4.7369345e+005  8.2845270e+006  1.3389370e+003  4.0479042e+002
  4.7373645e+005  8.2845266e+006  1.3388620e+003  4.0479042e+002
  4.7377946e+005  8.2845264e+006  1.3388190e+003  4.4526946e+002
  4.7382246e+005  8.2845263e+006  1.3268080e+003  4.0479042e+002
  4.7386547e+005  8.2845263e+006  1.3148080e+003  4.0479042e+002
  4.7390848e+005  8.2845264e+006  1.3148310e+003  4.4526946e+002
  4.7395148e+005  8.2845265e+006  1.3148690e+003  4.8574850e+002
  4.7399447e+005  8.2845267e+006  1.3028900e+003  4.8574850e+002
  4.7403746e+005  8.2845269e+006  1.3028610e+003  4.8574850e+002
  4.7408044e+005  8.2845271e+006  1.3027850e+003  5.2622754e+002
  4.7412341e+005  8.2845274e+006  1.2906580e+003  5.2622754e+002
  4.7416638e+005  8.2845276e+006  1.2905080e+003  5.2622754e+002
  4.7420934e+005  8.2845279e+006  1.2903660e+003  5.2622754e+002
  4.7425230e+005  8.2845282e+006  1.2782760e+003  4.8574850e+002
  4.7429525e+005  8.2845285e+006  1.2782120e+003  5.2622754e+002
  4.7433820e+005  8.2845288e+006  1.2781750e+003  5.2622754e+002
  4.7438116e+005  8.2845292e+006  1.2661410e+003  4.4526946e+002
  4.7442413e+005  8.2845296e+006  1.2660960e+003  4.8574850e+002
  4.7446710e+005  8.2845300e+006  1.2540580e+003  4.0479042e+002
  4.7451008e+005  8.2845305e+006  1.2540270e+003  4.4526946e+002
  4.7455307e+005  8.2845309e+006  1.2420140e+003  3.6431138e+002
  4.7459606e+005  8.2845314e+006  1.2299950e+003  3.2383234e+002
  4.7463904e+005  8.2845318e+006  1.2059640e+003  2.4287425e+002
  4.7468202e+005  8.2845323e+006  1.2058920e+003  2.4287425e+002
  4.7739669e+005  8.2845321e+006  1.3142560e+003  1.6191617e+002
  4.7743995e+005  8.2845321e+006  1.3262150e+003  2.4287425e+002
  4.7748322e+005  8.2845321e+006  1.3381710e+003  3.6431138e+002
  4.7752649e+005  8.2845322e+006  1.3381430e+003  3.6431138e+002
  4.7756975e+005  8.2845323e+006  1.3501280e+003  4.4526946e+002
  4.7761300e+005  8.2845323e+006  1.3501360e+003  5.2622754e+002
  4.7765625e+005  8.2845323e+006  1.3621540e+003  6.0718563e+002
  4.7769948e+005  8.2845323e+006  1.3622030e+003  6.8814371e+002
  4.7774270e+005  8.2845322e+006  1.3622700e+003  8.0958084e+002
  4.7778591e+005  8.2845320e+006  1.3623500e+003  8.5005988e+002
  4.7782910e+005  8.2845317e+006  1.3624280e+003  8.5005988e+002
  4.7787227e+005  8.2845312e+006  1.3624930e+003  9.7149701e+002
  4.7791542e+005  8.2845304e+006  1.3625360e+003  1.0119760e+003
  4.7795856e+005  8.2845292e+006  1.3625330e+003  1.0119760e+003
  4.7800168e+005  8.2845278e+006  1.3744820e+003  1.0929341e+003
  4.7804479e+005  8.2845259e+006  1.3744010e+003  1.0524551e+003
  4.7808790e+005  8.2845237e+006  1.3623140e+003  9.7149701e+002
  4.7813099e+005  8.2845211e+006  1.3742120e+003  9.7149701e+002
  4.7817407e+005  8.2845180e+006  1.3741430e+003  9.3101796e+002
  4.7821714e+005  8.2845147e+006  1.3740990e+003  8.5005988e+002
  4.7826020e+005  8.2845111e+006  1.3740780e+003  8.5005988e+002
  4.7830325e+005  8.2845072e+006  1.3740710e+003  8.5005988e+002
  4.7834629e+005  8.2845031e+006  1.3860630e+003  8.9053892e+002
  4.7838931e+005  8.2844988e+006  1.3860700e+003  8.5005988e+002
  4.7843231e+005  8.2844942e+006  1.3861010e+003  8.5005988e+002
  4.7847529e+005  8.2844895e+006  1.3861460e+003  8.5005988e+002
  4.7851825e+005  8.2844845e+006  1.3862020e+003  8.0958084e+002
  4.7856118e+005  8.2844792e+006  1.3862830e+003  8.0958084e+002
  4.7860408e+005  8.2844737e+006  1.3983790e+003  8.0958084e+002
  4.7864693e+005  8.2844680e+006  1.3865140e+003  7.2862275e+002
  4.7868973e+005  8.2844619e+006  1.3986630e+003  8.0958084e+002
  4.7873248e+005  8.2844556e+006  1.3988370e+003  7.2862275e+002
  4.7877517e+005  8.2844490e+006  1.3990030e+003  6.4766467e+002
  4.7881780e+005  8.2844421e+006  1.4111560e+003  6.0718563e+002
  4.7886039e+005  8.2844349e+006  1.4113050e+003  5.6670659e+002
  4.7890293e+005  8.2844274e+006  1.4114240e+003  5.6670659e+002
  4.7894543e+005  8.2844197e+006  1.4235020e+003  6.4766467e+002
  4.7898788e+005  8.2844117e+006  1.4235510e+003  6.4766467e+002
  4.7903030e+005  8.2844035e+006  1.4355500e+003  7.2862275e+002
  4.7907268e+005  8.2843951e+006  1.4355090e+003  7.6910180e+002
  4.7911502e+005  8.2843864e+006  1.4354160e+003  8.0958084e+002
  4.7915733e+005  8.2843776e+006  1.4352920e+003  8.5005988e+002
  4.7919960e+005  8.2843685e+006  1.4351390e+003  8.9053892e+002
  4.7924184e+005  8.2843592e+006  1.4349590e+003  8.9053892e+002
  4.8732799e+005  8.2889299e+006  1.2995240e+003  8.3541317e+002
  4.8728418e+005  8.2889280e+006  1.2935760e+003  7.7416168e+002
  4.8724039e+005  8.2889260e+006  1.2896930e+003  6.7925150e+002
  4.8719660e+005  8.2889242e+006  1.2837620e+003  6.9871856e+002
  4.8715282e+005  8.2889224e+006  1.2896570e+003  7.1747904e+002
  4.8710905e+005  8.2889207e+006  1.2911390e+003  6.8082036e+002
  4.8706530e+005  8.2889191e+006  1.2881030e+003  6.6928743e+002
  4.8702155e+005  8.2889175e+006  1.2840210e+003  6.9454491e+002
  4.8697782e+005  8.2889161e+006  1.2580700e+003  6.8650299e+002
  4.8693411e+005  8.2889147e+006  1.2517390e+003  7.4479641e+002
  4.8689042e+005  8.2889134e+006  1.2454330e+003  7.2238323e+002
  4.8684673e+005  8.2889122e+006  1.2393370e+003  7.8189222e+002
  4.8680306e+005  8.2889110e+006  1.2329550e+003  7.5976048e+002
  4.8675940e+005  8.2889099e+006  1.2328250e+003  7.5903593e+002
  4.8671573e+005  8.2889088e+006  1.2209590e+003  6.7847904e+002
  4.8667206e+005  8.2889077e+006  1.1970640e+003  5.6670659e+002
  4.8662837e+005  8.2889067e+006  1.1969060e+003  5.6670659e+002
  4.8658468e+005  8.2889056e+006  1.1972500e+003  5.9991617e+002
  4.8654099e+005  8.2889045e+006  1.1893470e+003  5.7402395e+002
  4.8649727e+005  8.2889035e+006  1.1818360e+003  5.0903593e+002
  4.8645354e+005  8.2889025e+006  1.1707500e+003  4.7246108e+002
  4.8640979e+005  8.2889014e+006  1.1649430e+003  4.5364072e+002
  4.8636603e+005  8.2889003e+006  1.1510100e+003  4.0729940e+002
  4.8632225e+005  8.2888992e+006  1.1585130e+003  4.3323353e+002
  4.8627845e+005  8.2888981e+006  1.1585100e+003  4.7420359e+002
  4.8623465e+005  8.2888969e+006  1.1231450e+003  3.2383234e+002
  4.8619084e+005  8.2888957e+006  1.1111010e+003  3.2383234e+002
  4.8564370e+005  8.2888755e+006  1.0516000e+003  8.0958084e+002
  4.8559997e+005  8.2888736e+006  1.0393950e+003  6.4766467e+002
  4.8555624e+005  8.2888717e+006  1.0391380e+003  6.4766467e+002
  4.8551251e+005  8.2888697e+006  1.0388530e+003  6.4766467e+002
  4.8546877e+005  8.2888677e+006  1.0385720e+003  6.4766467e+002
  4.8542502e+005  8.2888657e+006  1.0383190e+003  6.0718563e+002
  4.8538127e+005  8.2888637e+006  1.0381160e+003  6.0718563e+002
  4.8533751e+005  8.2888616e+006  1.0380060e+003  6.0718563e+002
  4.8529375e+005  8.2888594e+006  1.0379830e+003  5.2622754e+002
  4.8524999e+005  8.2888572e+006  1.0500320e+003  4.8574850e+002
  4.8520624e+005  8.2888550e+006  1.0621580e+003  4.8574850e+002
  4.8516250e+005  8.2888527e+006  1.0623620e+003  5.2622754e+002
  4.8511877e+005  8.2888504e+006  1.0746000e+003  6.0718563e+002
  4.8507505e+005  8.2888481e+006  1.0748790e+003  5.2622754e+002
  4.8503135e+005  8.2888456e+006  1.0871770e+003  5.6670659e+002
  4.8498767e+005  8.2888432e+006  1.0875100e+003  4.8574850e+002
  4.8494401e+005  8.2888408e+006  1.0998510e+003  5.2622754e+002
  4.8490037e+005  8.2888383e+006  1.1122020e+003  5.6670659e+002
  4.8485675e+005  8.2888358e+006  1.1125460e+003  5.6670659e+002
  4.8481316e+005  8.2888334e+006  1.1248460e+003  5.6670659e+002
  4.8476960e+005  8.2888309e+006  1.1250960e+003  5.2622754e+002
  4.8472608e+005  8.2888284e+006  1.1372450e+003  5.6670659e+002
  4.8468258e+005  8.2888260e+006  1.1373100e+003  5.2622754e+002
  4.8463911e+005  8.2888235e+006  1.1492750e+003  5.2622754e+002
  4.8459564e+005  8.2888210e+006  1.1491870e+003  4.8574850e+002
  4.8455218e+005  8.2888185e+006  1.1610380e+003  4.8574850e+002
  4.8450873e+005  8.2888160e+006  1.1608440e+003  4.8574850e+002
  4.8446526e+005  8.2888135e+006  1.1726060e+003  4.8574850e+002
  4.8442179e+005  8.2888109e+006  1.1723490e+003  4.8574850e+002
  4.8437831e+005  8.2888083e+006  1.1840380e+003  5.2622754e+002
  4.8433482e+005  8.2888056e+006  1.1837040e+003  4.4526946e+002
  4.8429133e+005  8.2888029e+006  1.1953420e+003  4.4526946e+002
  4.8424784e+005  8.2888001e+006  1.1949900e+003  4.4526946e+002
  4.8420434e+005  8.2887973e+006  1.1946480e+003  4.4526946e+002
  4.8416084e+005  8.2887943e+006  1.2063130e+003  4.8574850e+002
  4.8411735e+005  8.2887914e+006  1.2060380e+003  4.8574850e+002
  4.8407385e+005  8.2887883e+006  1.2058170e+003  4.4526946e+002
  4.8403036e+005  8.2887852e+006  1.2056320e+003  4.8574850e+002
  4.8398687e+005  8.2887820e+006  1.2054610e+003  4.4526946e+002
  4.8394341e+005  8.2887787e+006  1.2172870e+003  4.8574850e+002
  4.8389996e+005  8.2887753e+006  1.2171440e+003  4.8574850e+002
  4.8385653e+005  8.2887719e+006  1.2170170e+003  4.8574850e+002
  4.8381313e+005  8.2887684e+006  1.2169020e+003  4.8574850e+002
  4.8376976e+005  8.2887648e+006  1.2168050e+003  4.8574850e+002
  4.8372641e+005  8.2887613e+006  1.2167310e+003  4.8574850e+002
  4.8368309e+005  8.2887578e+006  1.2166870e+003  5.2622754e+002
  4.8363978e+005  8.2887544e+006  1.2166460e+003  5.2622754e+002
  4.8359716e+005  8.2887511e+006  1.2166090e+003  5.2622754e+002
  4.8355390e+005  8.2887478e+006  1.2165840e+003  4.8574850e+002
  4.8351065e+005  8.2887447e+006  1.2165580e+003  5.2622754e+002
  4.8346743e+005  8.2887417e+006  1.2165260e+003  5.2622754e+002
  4.8342422e+005  8.2887388e+006  1.2164790e+003  5.2622754e+002
  4.8338104e+005  8.2887360e+006  1.2284110e+003  5.6670659e+002
  4.8333788e+005  8.2887333e+006  1.2283400e+003  4.8574850e+002
  4.8329474e+005  8.2887307e+006  1.2282520e+003  5.2622754e+002
  4.8325161e+005  8.2887282e+006  1.2281610e+003  5.2622754e+002
  4.8320850e+005  8.2887258e+006  1.2280800e+003  5.2622754e+002
  4.8316541e+005  8.2887235e+006  1.2280380e+003  5.2622754e+002
  4.8312233e+005  8.2887214e+006  1.2650900e+003  7.2313772e+002
  4.8307927e+005  8.2887193e+006  1.2650900e+003  7.2298204e+002
  4.8303623e+005  8.2887175e+006  1.2579520e+003  6.9868263e+002
  4.8299322e+005  8.2887157e+006  1.2499460e+003  6.3094611e+002
  4.8295023e+005  8.2887141e+006  1.2516210e+003  7.1728144e+002
  4.8290726e+005  8.2887126e+006  1.2539030e+003  7.2467066e+002
  4.8286431e+005  8.2887112e+006  1.2567000e+003  7.7425150e+002
  4.8282138e+005  8.2887099e+006  1.2606100e+003  8.2755090e+002
  4.8277846e+005  8.2887087e+006  1.2672840e+003  7.6872455e+002
  4.8273556e+005  8.2887076e+006  1.2741130e+003  7.1043713e+002
  4.8269267e+005  8.2887066e+006  1.2805250e+003  7.7216766e+002
  4.8264981e+005  8.2887056e+006  1.2868360e+003  7.9305988e+002
  4.8260695e+005  8.2887047e+006  1.2931750e+003  7.3307186e+002
  4.8256411e+005  8.2887039e+006  1.2987700e+003  8.3242515e+002
  4.8252128e+005  8.2887032e+006  1.3039020e+003  8.0873054e+002
  4.8247847e+005  8.2887026e+006  1.3083630e+003  8.6373653e+002
  4.8192286e+005  8.2886989e+006  1.3430420e+003  1.0597784e+003
  4.8188015e+005  8.2886989e+006  1.3524090e+003  1.0508024e+003
  4.8183743e+005  8.2886988e+006  1.3496010e+003  1.0006886e+003
  4.8179470e+005  8.2886988e+006  1.3536310e+003  1.0141257e+003
  4.8175196e+005  8.2886988e+006  1.3578980e+003  9.8794012e+002
  4.8170921e+005  8.2886988e+006  1.3578960e+003  9.8779042e+002
  4.8166646e+005  8.2886989e+006  1.3615660e+003  9.5947305e+002
  4.8162370e+005  8.2886989e+006  1.3651210e+003  9.3063473e+002
  4.8158094e+005  8.2886988e+006  1.3685780e+003  9.4183234e+002
  4.8153818e+005  8.2886988e+006  1.3725420e+003  9.1417365e+002
  4.8149541e+005  8.2886988e+006  1.3766790e+003  8.8708982e+002
  4.8145263e+005  8.2886987e+006  1.3804720e+003  8.9935928e+002
  4.8140984e+005  8.2886986e+006  1.3837270e+003  9.0994012e+002
  4.8136704e+005  8.2886984e+006  1.3868840e+003  9.2026347e+002
  4.8132423e+005  8.2886982e+006  1.3895450e+003  9.6949102e+002
  4.8128141e+005  8.2886979e+006  1.3905610e+003  9.7292216e+002
  4.8123857e+005  8.2886975e+006  1.3916810e+003  9.7688024e+002
  4.8119573e+005  8.2886969e+006  1.3916000e+003  9.7692814e+002
  4.8068273e+005  8.2886704e+006  1.4564680e+003  6.3404790e+002
  4.8064013e+005  8.2886669e+006  1.4622580e+003  5.7296407e+002
  4.8059753e+005  8.2886633e+006  1.4673090e+003  5.4985030e+002
  4.8055496e+005  8.2886596e+006  1.4712500e+003  5.6346108e+002
  4.8051240e+005  8.2886558e+006  1.4750900e+003  5.7670060e+002
  4.8046985e+005  8.2886520e+006  1.4785890e+003  6.2917964e+002
  4.8042732e+005  8.2886481e+006  1.4817590e+003  6.8046707e+002
  4.8038480e+005  8.2886441e+006  1.4846060e+003  7.3059281e+002
  4.8034230e+005  8.2886401e+006  1.4869800e+003  7.7905988e+002
  4.8029979e+005  8.2886361e+006  1.4894220e+003  7.4671257e+002
  4.8025730e+005  8.2886321e+006  1.4913110e+003  8.3386228e+002
  4.8021481e+005  8.2886281e+006  1.4926090e+003  8.7845509e+002
  4.8017231e+005  8.2886242e+006  1.4932740e+003  8.8037126e+002
  4.8012981e+005  8.2886205e+006  1.4929530e+003  9.1937725e+002
  4.8008731e+005  8.2886168e+006  1.4919590e+003  9.1564072e+002
  4.8004479e+005  8.2886132e+006  1.4902630e+003  9.0954491e+002
  4.8000226e+005  8.2886098e+006  1.4878440e+003  9.4150898e+002
  4.7995972e+005  8.2886064e+006  1.4851910e+003  9.3228743e+002
  4.7991716e+005  8.2886032e+006  1.4821750e+003  9.2191617e+002
  4.7987459e+005  8.2886001e+006  1.4789600e+003  9.1097006e+002
  4.7983200e+005  8.2885971e+006  1.4752040e+003  8.9821557e+002
  4.7978939e+005  8.2885941e+006  1.4716030e+003  9.2646707e+002
  4.7974676e+005  8.2885913e+006  1.4677770e+003  9.1344910e+002
  4.7970412e+005  8.2885886e+006  1.4641690e+003  9.4155090e+002
  4.7966147e+005  8.2885860e+006  1.4604050e+003  9.6901796e+002
  4.7961880e+005  8.2885836e+006  1.4569140e+003  1.0378263e+003
  4.7957612e+005  8.2885814e+006  1.4531430e+003  1.0247066e+003
  4.7953342e+005  8.2885793e+006  1.4497620e+003  1.0129042e+003
  4.7949071e+005  8.2885774e+006  1.4462780e+003  1.0007545e+003
  4.7944798e+005  8.2885758e+006  1.4430180e+003  9.8940120e+002
  4.7940523e+005  8.2885743e+006  1.4402100e+003  1.1011018e+003
  4.7936246e+005  8.2885729e+006  1.4365130e+003  1.1693653e+003
  4.7931967e+005  8.2885717e+006  1.4322410e+003  1.1142994e+003
  4.7927687e+005  8.2885707e+006  1.4274810e+003  1.0981557e+003
  4.7923405e+005  8.2885698e+006  1.4230460e+003  1.0426826e+003
  4.7919121e+005  8.2885690e+006  1.4181260e+003  9.8561677e+002
  4.7914835e+005  8.2885684e+006  1.4130890e+003  1.0497066e+003
  4.7910548e+005  8.2885679e+006  1.4089060e+003  1.0357964e+003
  4.7906258e+005  8.2885675e+006  1.4062770e+003  1.0271916e+003
  4.7901967e+005  8.2885671e+006  1.4042180e+003  1.0205629e+003
  4.7897673e+005  8.2885668e+006  1.4031640e+003  1.0577904e+003
  4.7893378e+005  8.2885665e+006  1.4024220e+003  9.7458084e+002
  4.7889080e+005  8.2885661e+006  1.4017350e+003  9.7248503e+002
  4.7884782e+005  8.2885658e+006  1.4012200e+003  9.7092814e+002
  4.7880482e+005  8.2885654e+006  1.4011210e+003  9.7072455e+002
  4.7876180e+005  8.2885650e+006  1.4011720e+003  9.3055689e+002
  4.7871878e+005  8.2885645e+006  1.4013600e+003  9.3135928e+002
  4.7867573e+005  8.2885641e+006  1.4015350e+003  8.9166467e+002
  4.7863268e+005  8.2885635e+006  1.4020530e+003  8.9363473e+002
  4.7858961e+005  8.2885630e+006  1.4022110e+003  8.9441916e+002
  4.7854653e+005  8.2885624e+006  1.4026440e+003  8.9611976e+002
  4.7850343e+005  8.2885618e+006  1.4031500e+003  8.9808383e+002
  4.7846032e+005  8.2885612e+006  1.4032280e+003  9.3912575e+002
  4.7841720e+005  8.2885605e+006  1.4029280e+003  1.0598144e+003
  4.7837407e+005  8.2885599e+006  1.4018870e+003  9.7555090e+002
  4.7833093e+005  8.2885593e+006  1.3984800e+003  9.6416766e+002
  4.7828779e+005  8.2885587e+006  1.3911400e+003  9.3940719e+002
  4.7824464e+005  8.2885581e+006  1.3781490e+003  8.1452096e+002
  4.7820148e+005  8.2885576e+006  1.3600820e+003  6.3194611e+002
  4.7815833e+005  8.2885572e+006  1.3434310e+003  4.9459880e+002
  4.7811517e+005  8.2885569e+006  1.3291720e+003  3.2481437e+002
  4.7807201e+005  8.2885567e+006  1.3188510e+003  3.3023353e+002
  4.7802885e+005  8.2885567e+006  1.3096500e+003  2.5850898e+002
  4.7798568e+005  8.2885568e+006  1.2965370e+003  2.9507186e+002
  4.7794251e+005  8.2885570e+006  1.2771610e+003  2.2953892e+002
  4.7443032e+005  8.2886167e+006  1.2006400e+003  8.8485030e+001
  4.7438737e+005  8.2886127e+006  1.2071050e+003  1.5120359e+002
  4.7434440e+005  8.2886087e+006  1.2294140e+003  2.2701198e+002
  4.7430142e+005  8.2886047e+006  1.2460360e+003  3.2411976e+002
  4.7425842e+005  8.2886007e+006  1.2564880e+003  4.0036527e+002
  4.7421540e+005  8.2885967e+006  1.2664580e+003  4.3446707e+002
  4.7417237e+005  8.2885927e+006  1.2765490e+003  4.2844910e+002
  4.7412932e+005  8.2885888e+006  1.2846430e+003  4.9659281e+002
  4.7408625e+005  8.2885849e+006  1.2913230e+003  5.5989820e+002
  4.7404315e+005  8.2885811e+006  1.2979750e+003  5.8258084e+002
  4.7400004e+005  8.2885774e+006  1.3055940e+003  6.0849701e+002
  4.7395690e+005  8.2885738e+006  1.3133560e+003  6.3489820e+002
  4.7391373e+005  8.2885704e+006  1.3206500e+003  6.5974251e+002
  4.7387054e+005  8.2885670e+006  1.3244470e+003  7.1329341e+002
  4.7382731e+005  8.2885638e+006  1.3303920e+003  7.7412575e+002
  4.7378404e+005  8.2885608e+006  1.3352160e+003  7.9073653e+002
  4.7374074e+005  8.2885580e+006  1.3407870e+003  8.0989222e+002
  4.7369740e+005  8.2885553e+006  1.3456310e+003  8.2658683e+002
  4.7365401e+005  8.2885528e+006  1.3506840e+003  8.4396407e+002
  4.7361059e+005  8.2885505e+006  1.3562230e+003  8.6295808e+002
  4.7356714e+005  8.2885483e+006  1.3619580e+003  8.8256287e+002
  4.7352365e+005  8.2885463e+006  1.3673930e+003  9.0111377e+002
  4.7348015e+005  8.2885443e+006  1.3723150e+003  9.1790419e+002
  4.7343663e+005  8.2885423e+006  1.3771920e+003  9.7493413e+002
  4.7339310e+005  8.2885404e+006  1.3820530e+003  1.0318024e+003
  4.7334956e+005  8.2885385e+006  1.3864640e+003  1.0870060e+003
  4.7330602e+005  8.2885365e+006  1.3892390e+003  1.1366108e+003
  4.7326248e+005  8.2885344e+006  1.3938060e+003  1.1921976e+003
  4.7321896e+005  8.2885322e+006  1.3971400e+003  1.2435509e+003
  4.7317544e+005  8.2885300e+006  1.3998920e+003  1.2928922e+003
  4.7313193e+005  8.2885278e+006  1.4025190e+003  1.3417844e+003
  4.7308841e+005  8.2885255e+006  1.4053020e+003  1.3911677e+003
  4.7304491e+005  8.2885234e+006  1.4080750e+003  1.4000060e+003
  4.7300140e+005  8.2885213e+006  1.4109630e+003  1.4496527e+003
  4.7295788e+005  8.2885194e+006  1.4138360e+003  1.4588383e+003
  4.7291435e+005  8.2885176e+006  1.4164320e+003  1.4671497e+003
  4.7287081e+005  8.2885160e+006  1.4195130e+003  1.5176347e+003
  4.7282725e+005  8.2885146e+006  1.4220020e+003  1.5257006e+003
  4.7278367e+005  8.2885134e+006  1.4243600e+003  1.5333772e+003
  4.7274008e+005  8.2885124e+006  1.4268390e+003  1.5414910e+003
  4.7269647e+005  8.2885116e+006  1.4292620e+003  1.5899341e+003
  4.7265283e+005  8.2885109e+006  1.4317050e+003  1.5980120e+003
  4.7260917e+005  8.2885104e+006  1.4340700e+003  1.6058383e+003
  4.7256550e+005  8.2885099e+006  1.4365930e+003  1.6142575e+003
  4.7252182e+005  8.2885095e+006  1.4389550e+003  1.6222036e+003
  4.7247812e+005  8.2885092e+006  1.4415020e+003  1.6307784e+003
  4.7243441e+005  8.2885089e+006  1.4438740e+003  1.6387784e+003
  4.7239070e+005  8.2885087e+006  1.4460770e+003  1.6462335e+003
  4.7234697e+005  8.2885085e+006  1.4483770e+003  1.6945150e+003
  4.7230322e+005  8.2885084e+006  1.4505210e+003  1.6613593e+003
  4.7225946e+005  8.2885084e+006  1.4524870e+003  1.6682096e+003
  4.7221569e+005  8.2885086e+006  1.4544460e+003  1.7156048e+003
  4.7217191e+005  8.2885088e+006  1.4563090e+003  1.7222754e+003
  4.7212811e+005  8.2885092e+006  1.4582560e+003  1.6888144e+003
  4.7208431e+005  8.2885097e+006  1.4601530e+003  1.6956287e+003
  4.7204049e+005  8.2885104e+006  1.4620330e+003  1.7022994e+003
  4.7199665e+005  8.2885112e+006  1.4637330e+003  1.7082874e+003
  4.7195350e+005  8.2885121e+006  1.4656090e+003  1.7147904e+003
  4.7190965e+005  8.2885131e+006  1.4672330e+003  1.7203892e+003
  4.7186579e+005  8.2885143e+006  1.4688590e+003  1.7664072e+003
  4.7182194e+005  8.2885156e+006  1.4705360e+003  1.7315629e+003
  4.7177811e+005  8.2885169e+006  1.4720370e+003  1.7364850e+003
  4.7173428e+005  8.2885184e+006  1.4736270e+003  1.7821437e+003
  4.7169047e+005  8.2885201e+006  1.4750750e+003  1.7868263e+003
  4.7164668e+005  8.2885219e+006  1.4763320e+003  1.7503832e+003
  4.7160290e+005  8.2885240e+006  1.4778210e+003  1.7552395e+003
  4.7155914e+005  8.2885262e+006  1.4789670e+003  1.7589820e+003
  4.7151540e+005  8.2885287e+006  1.4803810e+003  1.7636826e+003
  4.7147167e+005  8.2885314e+006  1.4815820e+003  1.7677066e+003
  4.7142795e+005  8.2885343e+006  1.4827770e+003  1.7717365e+003
  4.7138424e+005  8.2885373e+006  1.4842450e+003  1.7767305e+003
  4.7134054e+005  8.2885405e+006  1.4853400e+003  1.7804671e+003
  4.7129683e+005  8.2885438e+006  1.4866210e+003  1.7847964e+003
  4.7125313e+005  8.2885472e+006  1.4877590e+003  1.7886647e+003
  4.7120943e+005  8.2885507e+006  1.4891930e+003  1.7935749e+003
  4.7116572e+005  8.2885542e+006  1.4902920e+003  1.7974072e+003
  4.7112200e+005  8.2885577e+006  1.4915850e+003  1.8019521e+003
  4.7107829e+005  8.2885612e+006  1.4923920e+003  1.8453832e+003
  4.7103455e+005  8.2885648e+006  1.4932050e+003  1.8484491e+003
  4.7099081e+005  8.2885684e+006  1.4938200e+003  1.8508802e+003
  4.7094706e+005  8.2885720e+006  1.4940540e+003  1.8520299e+003
  4.7090330e+005  8.2885756e+006  1.4939580e+003  1.8519880e+003
  4.7085954e+005  8.2885792e+006  1.4936240e+003  1.8510599e+003
  4.7081578e+005  8.2885829e+006  1.4930670e+003  1.8493174e+003
  4.7077204e+005  8.2885865e+006  1.4921620e+003  1.8463353e+003
  4.7072831e+005  8.2885902e+006  1.4910790e+003  1.8022036e+003
  4.7068460e+005  8.2885938e+006  1.4902470e+003  1.7993413e+003
  4.7064092e+005  8.2885975e+006  1.4889470e+003  1.7542874e+003
  4.7059727e+005  8.2886011e+006  1.4878760e+003  1.7503593e+003
  4.7055364e+005  8.2886048e+006  1.4869610e+003  1.7063772e+003
  4.7051005e+005  8.2886085e+006  1.4858630e+003  1.7022994e+003
  4.7046649e+005  8.2886122e+006  1.4847520e+003  1.6982635e+003
  4.7042297e+005  8.2886159e+006  1.4833680e+003  1.6528563e+003
  4.7037948e+005  8.2886196e+006  1.4826470e+003  1.6096707e+003
  4.7033603e+005  8.2886233e+006  1.4813350e+003  1.5644311e+003
  4.7029262e+005  8.2886270e+006  1.4804100e+003  1.5609521e+003
  4.7024925e+005  8.2886307e+006  1.4791470e+003  1.5158443e+003
  4.7020592e+005  8.2886345e+006  1.4778930e+003  1.5112934e+003
  4.7016261e+005  8.2886382e+006  1.4765640e+003  1.4660539e+003
  4.7011934e+005  8.2886420e+006  1.4750720e+003  1.4203114e+003
  4.7007609e+005  8.2886457e+006  1.4733730e+003  1.3739581e+003
  4.7003287e+005  8.2886495e+006  1.4719370e+003  1.3690719e+003
  4.6998966e+005  8.2886533e+006  1.4705010e+003  1.2428503e+003
  4.6994648e+005  8.2886570e+006  1.4686210e+003  1.2366347e+003
  4.6990330e+005  8.2886607e+006  1.4664860e+003  1.1891497e+003
  4.6986014e+005  8.2886643e+006  1.4645770e+003  1.1020060e+003
  4.6981699e+005  8.2886678e+006  1.4622370e+003  1.0943593e+003
  4.6977384e+005  8.2886712e+006  1.4594010e+003  1.0040659e+003
  4.6973071e+005  8.2886744e+006  1.4564140e+003  9.9419760e+002
  4.6968759e+005  8.2886775e+006  1.4533290e+003  9.8400000e+002
  4.6964448e+005  8.2886804e+006  1.4505430e+003  1.0557605e+003
  4.6960137e+005  8.2886830e+006  1.4482880e+003  1.0888263e+003
  4.6955827e+005  8.2886854e+006  1.4459170e+003  1.0810120e+003
  4.6951519e+005  8.2886877e+006  1.4436880e+003  1.0736647e+003
  4.6947212e+005  8.2886897e+006  1.4408480e+003  1.0642575e+003
  4.6942907e+005  8.2886915e+006  1.4378040e+003  1.0541377e+003
  4.6938604e+005  8.2886931e+006  1.4348380e+003  1.0442515e+003
  4.6934302e+005  8.2886946e+006  1.4321370e+003  1.0352096e+003
  4.6930002e+005  8.2886959e+006  1.4293080e+003  1.0661916e+003
  4.6925704e+005  8.2886971e+006  1.4264020e+003  1.0159281e+003
  4.6921407e+005  8.2886981e+006  1.4230020e+003  1.0044611e+003
  4.6917112e+005  8.2886991e+006  1.4198880e+003  9.9393413e+002
  4.6912819e+005  8.2886999e+006  1.4163200e+003  9.4139521e+002
  4.6908527e+005  8.2887006e+006  1.4128890e+003  8.8932335e+002
  4.6904238e+005  8.2887013e+006  1.4092860e+003  8.7715569e+002
  4.6899949e+005  8.2887019e+006  1.4055540e+003  8.6456287e+002
  4.6895662e+005  8.2887024e+006  1.4018220e+003  7.7104790e+002
  4.6891377e+005  8.2887029e+006  1.3980410e+003  7.5835928e+002
  4.6887093e+005  8.2887033e+006  1.3942180e+003  6.6458683e+002
  4.6882810e+005  8.2887037e+006  1.3906620e+003  6.9319760e+002
  4.6878528e+005  8.2887040e+006  1.3873200e+003  6.0113174e+002
  4.6874247e+005  8.2887042e+006  1.3838200e+003  5.4902994e+002
  4.6869968e+005  8.2887044e+006  1.3806590e+003  5.3855689e+002
  4.6865690e+005  8.2887045e+006  1.3771570e+003  5.2693413e+002
  4.6861413e+005  8.2887045e+006  1.3739960e+003  4.7595210e+002
  4.6857138e+005  8.2887044e+006  1.3709970e+003  5.0642515e+002
  4.6852864e+005  8.2887042e+006  1.3681380e+003  4.9685030e+002
  4.6848592e+005  8.2887040e+006  1.3656800e+003  4.8862874e+002
  4.6844321e+005  8.2887036e+006  1.3621870e+003  4.7692216e+002
  4.6840053e+005  8.2887031e+006  1.3598510e+003  5.0963473e+002
  4.6835786e+005  8.2887025e+006  1.3565160e+003  4.9850898e+002
  4.6831520e+005  8.2887019e+006  1.3537670e+003  5.2985030e+002
  4.6827256e+005  8.2887013e+006  1.3510420e+003  5.6124551e+002
  4.6822993e+005  8.2887006e+006  1.3488450e+003  5.9440120e+002
  4.6818730e+005  8.2886999e+006  1.3464870e+003  5.8650898e+002
  4.6814469e+005  8.2886993e+006  1.3442230e+003  5.7891018e+002
  4.6810208e+005  8.2886987e+006  1.3413180e+003  5.6913174e+002
  4.6805948e+005  8.2886982e+006  1.3386750e+003  5.6023353e+002
  4.6801688e+005  8.2886978e+006  1.3356210e+003  5.9044311e+002
  4.6797428e+005  8.2886974e+006  1.3328740e+003  5.8122754e+002
  4.6793170e+005  8.2886971e+006  1.3300220e+003  6.1216168e+002
  4.6788912e+005  8.2886969e+006  1.3271620e+003  6.0256287e+002
  4.6784656e+005  8.2886967e+006  1.3241620e+003  5.9245509e+002
  4.6780400e+005  8.2886965e+006  1.3208430e+003  5.8129341e+002
  4.6776145e+005  8.2886964e+006  1.3182490e+003  5.7258683e+002
  4.6771891e+005  8.2886964e+006  1.3153060e+003  6.0317964e+002
  4.6767636e+005  8.2886963e+006  1.3126390e+003  5.5377246e+002
  4.6763383e+005  8.2886963e+006  1.3093660e+003  5.4283234e+002
  4.6759130e+005  8.2886962e+006  1.3060510e+003  5.3180240e+002
  4.6754878e+005  8.2886961e+006  1.3024700e+003  5.6034731e+002
  4.6750626e+005  8.2886959e+006  1.2984670e+003  5.4698204e+002
  4.6746375e+005  8.2886957e+006  1.2935050e+003  5.3038323e+002
  4.6742125e+005  8.2886954e+006  1.2878360e+003  4.7092814e+002
  4.6737875e+005  8.2886951e+006  1.2816130e+003  4.5010180e+002
  4.6733626e+005  8.2886947e+006  1.2741510e+003  4.2515569e+002
  4.6729377e+005  8.2886942e+006  1.2662410e+003  3.5820359e+002
  4.6725129e+005  8.2886937e+006  1.2573650e+003  2.8795210e+002
  4.6720881e+005  8.2886931e+006  1.2480550e+003  2.1622156e+002
  4.6716634e+005  8.2886924e+006  1.2391820e+003  1.0549102e+002
  4.7010585e+005  8.2914487e+006  1.3114880e+003  2.6386228e+002
  4.7010652e+005  8.2914063e+006  1.3138310e+003  2.7166467e+002
  4.7010738e+005  8.2913638e+006  1.3154330e+003  3.1748503e+002
  4.7010843e+005  8.2913214e+006  1.3168030e+003  3.2207186e+002
  4.7010961e+005  8.2912790e+006  1.3173520e+003  3.2380240e+002
  4.7011091e+005  8.2912365e+006  1.3174600e+003  2.8354491e+002
  4.7011229e+005  8.2911941e+006  1.3177910e+003  2.8452096e+002
  4.7011369e+005  8.2911517e+006  1.3201290e+003  3.3281437e+002
  4.7011509e+005  8.2911093e+006  1.3237050e+003  3.4488623e+002
  4.7011646e+005  8.2910669e+006  1.3288930e+003  3.6250898e+002
  4.7011774e+005  8.2910245e+006  1.3345090e+003  3.4122754e+002
  4.7011892e+005  8.2909821e+006  1.3402410e+003  3.6093413e+002
  4.7011998e+005  8.2909397e+006  1.3459980e+003  4.2128743e+002
  4.7012093e+005  8.2908973e+006  1.3512800e+003  3.9912575e+002
  4.7012177e+005  8.2908548e+006  1.3564840e+003  4.1719760e+002
  4.7012250e+005  8.2908124e+006  1.3616930e+003  4.3519162e+002
  4.7012312e+005  8.2907699e+006  1.3666060e+003  4.5204192e+002
  4.7012365e+005  8.2907275e+006  1.3722990e+003  4.7136527e+002
  4.7012410e+005  8.2906850e+006  1.3781770e+003  4.9114371e+002
  4.7012445e+005  8.2906426e+006  1.3842020e+003  4.7080838e+002
  4.7012472e+005  8.2906001e+006  1.3911700e+003  4.9402395e+002
  4.7012491e+005  8.2905576e+006  1.3971980e+003  5.5455090e+002
  4.7012502e+005  8.2905152e+006  1.4030270e+003  5.7394012e+002
  4.7012505e+005  8.2904727e+006  1.4087670e+003  5.5261078e+002
  4.7012500e+005  8.2904303e+006  1.4140070e+003  5.7013772e+002
  4.7012488e+005  8.2903878e+006  1.4192280e+003  6.6862874e+002
  4.7012468e+005  8.2903454e+006  1.4229510e+003  6.8115569e+002
  4.7012441e+005  8.2903030e+006  1.4285840e+003  7.0020359e+002
  4.7012407e+005  8.2902605e+006  1.4327630e+003  7.5491617e+002
  4.7012368e+005  8.2902181e+006  1.4362740e+003  8.0743114e+002
  4.7012324e+005  8.2901756e+006  1.4399370e+003  8.1998204e+002
  4.7012275e+005  8.2901331e+006  1.4427930e+003  8.7025150e+002
  4.7012222e+005  8.2900906e+006  1.4458620e+003  9.2121557e+002
  4.7012167e+005  8.2900481e+006  1.4481750e+003  9.2910180e+002
  4.7012109e+005  8.2900056e+006  1.4506260e+003  9.7786228e+002
  4.7012053e+005  8.2899631e+006  1.4528180e+003  1.0257844e+003
  4.7012000e+005  8.2899206e+006  1.4549930e+003  1.0736886e+003
  4.7011951e+005  8.2898780e+006  1.4570850e+003  1.0808982e+003
  4.7011911e+005  8.2898355e+006  1.4592060e+003  1.1287126e+003
  4.7011883e+005  8.2897929e+006  1.4609400e+003  1.1347365e+003
  4.7011869e+005  8.2897503e+006  1.4627800e+003  1.1410299e+003
  4.7011869e+005  8.2897077e+006  1.4643920e+003  1.1869341e+003
  4.7011885e+005  8.2896651e+006  1.4658390e+003  1.1917066e+003
  4.7011915e+005  8.2896225e+006  1.4674430e+003  1.1969102e+003
  4.7011959e+005  8.2895800e+006  1.4688540e+003  1.2013952e+003
  4.7012014e+005  8.2895374e+006  1.4702490e+003  1.2057725e+003
  4.7012081e+005  8.2894948e+006  1.4712180e+003  1.2087665e+003
  4.7012157e+005  8.2894522e+006  1.4723140e+003  1.2122635e+003
  4.7012242e+005  8.2894097e+006  1.4733830e+003  1.2157305e+003
  4.7012334e+005  8.2893671e+006  1.4744560e+003  1.2192695e+003
  4.7012434e+005  8.2893245e+006  1.4755260e+003  1.1823772e+003
  4.7012539e+005  8.2892819e+006  1.4765550e+003  1.1858323e+003
  4.7012648e+005  8.2892393e+006  1.4774890e+003  1.1889581e+003
  4.7012759e+005  8.2891966e+006  1.4783680e+003  1.1513892e+003
  4.7012871e+005  8.2891540e+006  1.4792760e+003  1.1948862e+003
  4.7012983e+005  8.2891114e+006  1.4800430e+003  1.2378982e+003
  4.7013095e+005  8.2890687e+006  1.4804890e+003  1.2393293e+003
  4.7013207e+005  8.2890261e+006  1.4813320e+003  1.2421377e+003
  4.7013319e+005  8.2889834e+006  1.4812260e+003  1.2013114e+003
  4.7013432e+005  8.2889407e+006  1.4811020e+003  1.2414371e+003
  4.7013548e+005  8.2888981e+006  1.4807230e+003  1.2403353e+003
  4.7013668e+005  8.2888554e+006  1.4803870e+003  1.2799222e+003
  4.7013791e+005  8.2888127e+006  1.4799070e+003  1.2785150e+003
  4.7013916e+005  8.2887700e+006  1.4788550e+003  1.3156347e+003
  4.7014041e+005  8.2887273e+006  1.4782100e+003  1.3541257e+003
  4.7014166e+005  8.2886846e+006  1.4774730e+003  1.3518383e+003
  4.7014290e+005  8.2886419e+006  1.4762680e+003  1.4289162e+003
  4.7014417e+005  8.2885992e+006  1.4755360e+003  1.4671018e+003
  4.7014545e+005  8.2885564e+006  1.4744200e+003  1.4635150e+003
  4.7014675e+005  8.2885137e+006  1.4735790e+003  1.4608024e+003
  4.7014806e+005  8.2884709e+006  1.4726530e+003  1.4981856e+003
  4.7014939e+005  8.2884282e+006  1.4718000e+003  1.4952695e+003
  4.7015074e+005  8.2883854e+006  1.4709740e+003  1.4923713e+003
  4.7015210e+005  8.2883427e+006  1.4702640e+003  1.5302635e+003
  4.7015351e+005  8.2882999e+006  1.4695600e+003  1.5276886e+003
  4.7015495e+005  8.2882572e+006  1.4688020e+003  1.5654371e+003
  4.7015642e+005  8.2882144e+006  1.4684630e+003  1.5642096e+003
  4.7015792e+005  8.2881717e+006  1.4679510e+003  1.5624970e+003
  4.7015945e+005  8.2881290e+006  1.4674860e+003  1.5610599e+003
  4.7016101e+005  8.2880862e+006  1.4672820e+003  1.5606168e+003
  4.7016261e+005  8.2880435e+006  1.4669390e+003  1.6002275e+003
  4.7016423e+005  8.2880008e+006  1.4669080e+003  1.6004072e+003
  4.7016587e+005  8.2879580e+006  1.4667300e+003  1.5596108e+003
  4.7016751e+005  8.2879153e+006  1.4666300e+003  1.5595569e+003
  4.7016917e+005  8.2878726e+006  1.4665370e+003  1.5190299e+003
  4.7017081e+005  8.2878299e+006  1.4664520e+003  1.5189880e+003
  4.7017242e+005  8.2877871e+006  1.4662250e+003  1.5184371e+003
  4.7017401e+005  8.2877444e+006  1.4663450e+003  1.5190240e+003
  4.7017553e+005  8.2877016e+006  1.4660740e+003  1.5182156e+003
  4.7017697e+005  8.2876589e+006  1.4660340e+003  1.5181138e+003
  4.7017830e+005  8.2876162e+006  1.4660360e+003  1.4776407e+003
  4.7017949e+005  8.2875734e+006  1.4659250e+003  1.4772455e+003
  4.7018055e+005  8.2875307e+006  1.4657380e+003  1.4765868e+003
  4.7018145e+005  8.2874879e+006  1.4656040e+003  1.4356587e+003
  4.7018220e+005  8.2874452e+006  1.4654590e+003  1.4351916e+003
  4.7018280e+005  8.2874024e+006  1.4652870e+003  1.3941497e+003
  4.7018326e+005  8.2873604e+006  1.4649580e+003  1.4335509e+003
  4.7018359e+005  8.2873176e+006  1.4648460e+003  1.3927605e+003
  4.7018380e+005  8.2872749e+006  1.4645310e+003  1.3918084e+003
  4.7018389e+005  8.2872322e+006  1.4641960e+003  1.3503413e+003
  4.7018389e+005  8.2871894e+006  1.4639800e+003  1.3497485e+003
  4.7018381e+005  8.2871467e+006  1.4638480e+003  1.3492934e+003
  4.7018370e+005  8.2871039e+006  1.4635990e+003  1.3483653e+003
  4.7018357e+005  8.2870612e+006  1.4633510e+003  1.2664192e+003
  4.7018345e+005  8.2870185e+006  1.4632630e+003  1.2658263e+003
  4.7018333e+005  8.2869757e+006  1.4632100e+003  1.2652395e+003
  4.7018322e+005  8.2869330e+006  1.4631300e+003  1.2644671e+003
  4.7018312e+005  8.2868903e+006  1.4632330e+003  1.2237904e+003
  4.7018304e+005  8.2868476e+006  1.4633490e+003  1.1831557e+003
  4.7018298e+005  8.2868049e+006  1.4635150e+003  1.1832096e+003
  4.7018293e+005  8.2867622e+006  1.4635640e+003  1.1829341e+003
  4.7018288e+005  8.2867195e+006  1.4637540e+003  1.2236886e+003
  4.7018281e+005  8.2866768e+006  1.4639360e+003  1.1835389e+003
  4.7018274e+005  8.2866341e+006  1.4640060e+003  1.1836287e+003
  4.7018264e+005  8.2865915e+006  1.4642160e+003  1.1438263e+003
  4.7018251e+005  8.2865488e+006  1.4640720e+003  1.1432754e+003
  4.7018233e+005  8.2865061e+006  1.4642760e+003  1.0629162e+003
  4.7018209e+005  8.2864634e+006  1.4647090e+003  1.0642754e+003
  4.7018179e+005  8.2864208e+006  1.4647310e+003  1.0237425e+003
  4.7018142e+005  8.2863781e+006  1.4649820e+003  1.0649401e+003
  4.7018095e+005  8.2863354e+006  1.4649010e+003  1.0645449e+003
  4.7018042e+005  8.2862927e+006  1.4647900e+003  9.8305988e+002
  4.7017984e+005  8.2862500e+006  1.4644970e+003  9.8188623e+002
  4.7017924e+005  8.2862073e+006  1.4641500e+003  9.4002395e+002
  4.7017863e+005  8.2861645e+006  1.4642500e+003  9.4013772e+002
  4.7017801e+005  8.2861218e+006  1.4641020e+003  9.3938922e+002
  4.7017738e+005  8.2860791e+006  1.4637730e+003  9.3804790e+002
  4.7017674e+005  8.2860364e+006  1.4633800e+003  9.3647305e+002
  4.7017609e+005  8.2859937e+006  1.4631960e+003  9.3556886e+002
  4.7017542e+005  8.2859510e+006  1.4625830e+003  9.3323353e+002
  4.7017473e+005  8.2859082e+006  1.4619300e+003  9.3079042e+002
  4.7017403e+005  8.2858655e+006  1.4611960e+003  9.2813772e+002
  4.7017331e+005  8.2858228e+006  1.4602910e+003  9.2502395e+002
  4.7017259e+005  8.2857800e+006  1.4590350e+003  9.6130539e+002
  4.7017188e+005  8.2857373e+006  1.4577950e+003  9.5722156e+002
  4.7017117e+005  8.2856945e+006  1.4559890e+003  9.5126347e+002
  4.7017047e+005  8.2856518e+006  1.4546520e+003  9.4693413e+002
  4.7016977e+005  8.2856090e+006  1.4527770e+003  9.4086228e+002
  4.7016906e+005  8.2855662e+006  1.4507700e+003  9.3440719e+002
  4.7016833e+005  8.2855234e+006  1.4486540e+003  9.2762874e+002
  4.7016759e+005  8.2854806e+006  1.4463730e+003  9.2022754e+002
  4.7016685e+005  8.2854377e+006  1.4440600e+003  9.1267066e+002
  4.7016611e+005  8.2853949e+006  1.4417140e+003  9.0494611e+002
  4.7016536e+005  8.2853520e+006  1.4392900e+003  9.3744910e+002
  4.7016461e+005  8.2853092e+006  1.4368280e+003  9.2931138e+002
  4.7016383e+005  8.2852663e+006  1.4340640e+003  9.2008982e+002
  4.7016305e+005  8.2852234e+006  1.4313230e+003  9.5141916e+002
  4.7016229e+005  8.2851805e+006  1.4284580e+003  9.8227545e+002
  4.7016157e+005  8.2851376e+006  1.4258110e+003  1.0137186e+003
  4.7016087e+005  8.2850947e+006  1.4234240e+003  1.0459940e+003
  4.7016018e+005  8.2850518e+006  1.4208830e+003  1.0777246e+003
  4.7015951e+005  8.2850089e+006  1.4186190e+003  1.1103952e+003
  4.7015885e+005  8.2849660e+006  1.4165460e+003  1.1841737e+003
  4.7015820e+005  8.2849232e+006  1.4139400e+003  1.2156647e+003
  4.7015756e+005  8.2848803e+006  1.4119790e+003  1.2493832e+003
  4.7015694e+005  8.2848374e+006  1.4100730e+003  1.2833892e+003
  4.7015636e+005  8.2847946e+006  1.4083300e+003  1.2776168e+003
  4.7015581e+005  8.2847517e+006  1.4065610e+003  1.3122335e+003
  4.7015529e+005  8.2847088e+006  1.4049970e+003  1.3070958e+003
  4.7015477e+005  8.2846660e+006  1.4036300e+003  1.3836647e+003
  4.7015423e+005  8.2846231e+006  1.4023100e+003  1.3794731e+003
  4.7015368e+005  8.2845802e+006  1.4009570e+003  1.3751617e+003
  4.7015311e+005  8.2845374e+006  1.4032020e+003  1.4233892e+003
  4.7015254e+005  8.2844945e+006  1.4020160e+003  1.4195689e+003
  4.7015195e+005  8.2844517e+006  1.3967440e+003  1.4424611e+003
  4.7015136e+005  8.2844089e+006  1.3961210e+003  1.4405569e+003
  4.7015079e+005  8.2843660e+006  1.3944310e+003  1.5160240e+003
  4.7015022e+005  8.2843232e+006  1.3933560e+003  1.5531078e+003
  4.7014967e+005  8.2842804e+006  1.3920170e+003  1.5892874e+003
  4.7014917e+005  8.2842375e+006  1.3907270e+003  1.6256347e+003
  4.7014871e+005  8.2841947e+006  1.3899920e+003  1.6234251e+003
  4.7014833e+005  8.2841519e+006  1.3879470e+003  1.6572096e+003
  4.7014804e+005  8.2841091e+006  1.3867070e+003  1.6531856e+003
  4.7014787e+005  8.2840663e+006  1.3853450e+003  1.6487485e+003
  4.7014785e+005  8.2840234e+006  1.3839540e+003  1.6441737e+003
  4.7014799e+005  8.2839806e+006  1.3824350e+003  1.6795928e+003
  4.7014830e+005  8.2839378e+006  1.3810760e+003  1.6749880e+003
  4.7014877e+005  8.2838950e+006  1.3795540e+003  1.6697725e+003
  4.7014941e+005  8.2838522e+006  1.3777550e+003  1.6230659e+003
  4.7015022e+005  8.2838094e+006  1.3761480e+003  1.6983054e+003
  4.7015116e+005  8.2837667e+006  1.3739630e+003  1.6905389e+003
  4.7015222e+005  8.2837239e+006  1.3719660e+003  1.7238204e+003
  4.7015333e+005  8.2836811e+006  1.3698720e+003  1.7567305e+003
  4.7015449e+005  8.2836384e+006  1.3678320e+003  1.7898084e+003
  4.7015566e+005  8.2835957e+006  1.3656150e+003  1.7818263e+003
  4.7015681e+005  8.2835529e+006  1.3634690e+003  1.8145928e+003
  4.7015795e+005  8.2835102e+006  1.3614380e+003  1.8072994e+003
  4.7015907e+005  8.2834675e+006  1.3593610e+003  1.7594192e+003
  4.7016014e+005  8.2834248e+006  1.3572620e+003  1.7924611e+003
  4.7016118e+005  8.2833821e+006  1.3553710e+003  1.7452934e+003
  4.7016217e+005  8.2833394e+006  1.3529320e+003  1.7368623e+003
  4.7016313e+005  8.2832967e+006  1.3509470e+003  1.7300479e+003
  4.7016407e+005  8.2832540e+006  1.3487560e+003  1.7226048e+003
  4.7016497e+005  8.2832113e+006  1.3465320e+003  1.6341497e+003
  4.7016585e+005  8.2831686e+006  1.3441230e+003  1.6665808e+003
  4.7016670e+005  8.2831259e+006  1.3417000e+003  1.6181198e+003
  4.7016752e+005  8.2830832e+006  1.3393110e+003  1.6102695e+003
  4.7016831e+005  8.2830405e+006  1.3372310e+003  1.6439641e+003
  4.7016909e+005  8.2829978e+006  1.3350350e+003  1.6368204e+003
  4.7016984e+005  8.2829551e+006  1.3326120e+003  1.6289461e+003
  4.7017058e+005  8.2829124e+006  1.3301900e+003  1.6210958e+003
  4.7017130e+005  8.2828697e+006  1.3277350e+003  1.6131317e+003
  4.7017199e+005  8.2828270e+006  1.3253640e+003  1.6054850e+003
  4.7017266e+005  8.2827842e+006  1.3227370e+003  1.4350958e+003
  4.7017330e+005  8.2827415e+006  1.3203650e+003  1.4274611e+003
  4.7017391e+005  8.2826987e+006  1.3174970e+003  1.4181617e+003
  4.7017450e+005  8.2826559e+006  1.3148140e+003  1.3285569e+003
  4.7017506e+005  8.2826132e+006  1.3121040e+003  1.3197305e+003
  4.7017558e+005  8.2825704e+006  1.3092480e+003  1.2698263e+003
  4.7017607e+005  8.2825276e+006  1.3062850e+003  1.2598743e+003
  4.7017652e+005  8.2824849e+006  1.3030870e+003  1.2491018e+003
  4.7017692e+005  8.2824421e+006  1.2999610e+003  1.2385808e+003
  4.7017730e+005  8.2823993e+006  1.2964910e+003  1.2269701e+003
  4.7017763e+005  8.2823566e+006  1.2935270e+003  1.2171377e+003
  4.7017794e+005  8.2823138e+006  1.2900190e+003  1.2460359e+003
  4.7017822e+005  8.2822711e+006  1.2866680e+003  1.2755090e+003
  4.7017848e+005  8.2822284e+006  1.2836180e+003  1.3464551e+003
  4.7017869e+005  8.2821856e+006  1.2805210e+003  1.2957425e+003
  4.7017889e+005  8.2821429e+006  1.2780070e+003  1.3278503e+003
  4.7017905e+005  8.2821002e+006  1.2755110e+003  1.3195090e+003
  4.7017918e+005  8.2820574e+006  1.2730450e+003  1.2708024e+003
  4.7017926e+005  8.2820148e+006  1.2707930e+003  1.3037545e+003
  4.7017931e+005  8.2819721e+006  1.2690180e+003  1.3382934e+003
  4.7017934e+005  8.2819294e+006  1.2672000e+003  1.3322096e+003
  4.7017934e+005  8.2818868e+006  1.2650280e+003  1.3248862e+003
  4.7017932e+005  8.2818442e+006  1.2631770e+003  1.2781257e+003
  4.7017928e+005  8.2818015e+006  1.2611080e+003  1.2710778e+003
  4.7017923e+005  8.2817589e+006  1.2592180e+003  1.2241796e+003
  4.7017916e+005  8.2817164e+006  1.2565500e+003  1.2556647e+003
  4.7017907e+005  8.2816738e+006  1.2542990e+003  1.1671257e+003
  4.7017897e+005  8.2816312e+006  1.2517990e+003  1.1182036e+003
  4.7017886e+005  8.2815887e+006  1.2481820e+003  1.1464192e+003
  4.7017872e+005  8.2815461e+006  1.2455560e+003  1.1374491e+003
  4.7017855e+005  8.2815036e+006  1.2427310e+003  1.0872635e+003
  4.7017835e+005  8.2814610e+006  1.2403340e+003  1.0789222e+003
  4.7017810e+005  8.2814185e+006  1.2378800e+003  1.0298802e+003
  4.7017782e+005  8.2813760e+006  1.2364320e+003  1.0246946e+003
  4.7017751e+005  8.2813335e+006  1.2350100e+003  9.7907186e+002
  4.7017717e+005  8.2812911e+006  1.2335370e+003  9.7378443e+002
  4.7017681e+005  8.2812486e+006  1.2322410e+003  8.8819162e+002
  4.7017645e+005  8.2812061e+006  1.2313650e+003  7.6359281e+002
  4.7017610e+005  8.2811637e+006  1.2302460e+003  7.1920958e+002
  4.7017577e+005  8.2811213e+006  1.2290410e+003  6.7462874e+002
  4.7017546e+005  8.2810788e+006  1.2280450e+003  5.9032934e+002
  4.7017520e+005  8.2810364e+006  1.2265840e+003  5.4501796e+002
  4.7017499e+005  8.2809940e+006  1.2254510e+003  5.0092814e+002
  4.7017487e+005  8.2809515e+006  1.2237350e+003  4.5489222e+002
  4.7017484e+005  8.2809091e+006  1.2219360e+003  4.8955090e+002
  4.7017492e+005  8.2808667e+006  1.2201780e+003  4.0295210e+002
  4.7017511e+005  8.2808242e+006  1.2178160e+003  3.9526347e+002
  4.7017541e+005  8.2807818e+006  1.2150990e+003  3.8634731e+002
  4.7017582e+005  8.2807394e+006  1.2134040e+003  3.8079042e+002
  4.7017629e+005  8.2806970e+006  1.2113300e+003  4.1437126e+002
  4.7017683e+005  8.2806546e+006  1.2091360e+003  4.0701796e+002
  4.7017741e+005  8.2806122e+006  1.2059430e+003  3.5575449e+002
  4.7017799e+005  8.2805698e+006  1.1941250e+003  2.3484431e+002
  4.7017857e+005  8.2805274e+006  1.1652200e+003  9.6694611e+001
  4.7563473e+005  8.2806246e+006  1.2400460e+003  1.6596407e+003
  4.7563351e+005  8.2805910e+006  1.2268730e+003  1.6191617e+003
  4.7563229e+005  8.2805569e+006  1.2251380e+003  1.6191617e+003
  4.7563108e+005  8.2805223e+006  1.2230780e+003  1.6596407e+003
  4.7562987e+005  8.2804874e+006  1.2208070e+003  1.6191617e+003
  4.7562867e+005  8.2804519e+006  1.2185210e+003  1.5786826e+003
  4.7562747e+005  8.2804160e+006  1.2163080e+003  1.6191617e+003
  4.7562627e+005  8.2803798e+006  1.2142410e+003  1.6191617e+003
  4.7562506e+005  8.2803431e+006  1.2123860e+003  1.6191617e+003
  4.7562386e+005  8.2803061e+006  1.2107680e+003  1.6191617e+003
  4.7562268e+005  8.2802687e+006  1.2094220e+003  1.6191617e+003
  4.7562154e+005  8.2802311e+006  1.2083430e+003  1.6191617e+003
  4.7562044e+005  8.2801932e+006  1.2075190e+003  1.6191617e+003
  4.7561940e+005  8.2801552e+006  1.2069270e+003  1.6596407e+003
  4.7561841e+005  8.2801169e+006  1.2065220e+003  1.6596407e+003
  4.7171416e+005  8.2821172e+006  1.2717130e+003  2.4287425e+002
  4.7172817e+005  8.2821575e+006  1.2837840e+003  2.8335329e+002
  4.7174202e+005  8.2821980e+006  1.2838820e+003  3.2383234e+002
  4.7175570e+005  8.2822384e+006  1.2959880e+003  3.6431138e+002
  4.7176927e+005  8.2822790e+006  1.2960990e+003  3.6431138e+002
  4.7178273e+005  8.2823195e+006  1.2961930e+003  3.6431138e+002
  4.7179610e+005  8.2823601e+006  1.3082450e+003  3.6431138e+002
  4.7180941e+005  8.2824006e+006  1.3301300e+003  4.6937126e+002
  4.7182267e+005  8.2824413e+006  1.3301300e+003  5.0975449e+002
  4.7183588e+005  8.2824819e+006  1.3307300e+003  4.7129940e+002
  4.7184904e+005  8.2825226e+006  1.3202730e+003  4.4526946e+002
  4.7186215e+005  8.2825633e+006  1.3321810e+003  4.8574850e+002
  4.7187522e+005  8.2826040e+006  1.3320680e+003  4.8574850e+002
  4.7188822e+005  8.2826447e+006  1.3319110e+003  5.2622754e+002
  4.7190117e+005  8.2826855e+006  1.3436970e+003  5.6670659e+002
  4.7191405e+005  8.2827263e+006  1.3434440e+003  5.6670659e+002
  4.7192686e+005  8.2827671e+006  1.3431690e+003  5.6670659e+002
  4.7193961e+005  8.2828080e+006  1.3639000e+003  6.6897605e+002
  4.7195230e+005  8.2828490e+006  1.3639000e+003  7.1035928e+002
  4.7196493e+005  8.2828900e+006  1.3690820e+003  7.6916766e+002
  4.7197749e+005  8.2829310e+006  1.3735790e+003  7.8507186e+002
  4.7198997e+005  8.2829721e+006  1.3787810e+003  8.4375449e+002
  4.7200235e+005  8.2830132e+006  1.3816950e+003  8.5413174e+002
  4.7201461e+005  8.2830544e+006  1.3846010e+003  8.6434132e+002
  4.7202675e+005  8.2830956e+006  1.3873780e+003  8.7405988e+002
  4.7203875e+005  8.2831369e+006  1.3897280e+003  9.2278443e+002
  4.7205066e+005  8.2831781e+006  1.3922330e+003  9.3148503e+002
  4.7206247e+005  8.2832194e+006  1.3946540e+003  9.3989820e+002
  4.7207421e+005  8.2832607e+006  1.3969910e+003  9.8853293e+002
  4.7208590e+005  8.2833020e+006  1.3989650e+003  9.9544910e+002
  4.7209755e+005  8.2833433e+006  1.4012930e+003  1.0440060e+003
  4.7210920e+005  8.2833846e+006  1.4035770e+003  1.0518623e+003
  4.7212086e+005  8.2834259e+006  1.4058830e+003  1.0597246e+003
  4.7213256e+005  8.2834672e+006  1.4080100e+003  1.1074012e+003
  4.7214427e+005  8.2835085e+006  1.4102370e+003  1.0743892e+003
  4.7215602e+005  8.2835498e+006  1.4123190e+003  1.1218204e+003
  4.7216780e+005  8.2835911e+006  1.4140540e+003  1.1275808e+003
  4.7217961e+005  8.2836323e+006  1.4163440e+003  1.1351617e+003
  4.7219145e+005  8.2836736e+006  1.4191390e+003  1.1443892e+003
  4.7220329e+005  8.2837148e+006  1.4214640e+003  1.1519820e+003
  4.7221514e+005  8.2837561e+006  1.4238880e+003  1.2408683e+003
  4.7222697e+005  8.2837973e+006  1.4264060e+003  1.2491377e+003
  4.7223857e+005  8.2838379e+006  1.4287010e+003  1.2971796e+003
  4.7225031e+005  8.2838791e+006  1.4312310e+003  1.3054850e+003
  4.7226198e+005  8.2839204e+006  1.4333410e+003  1.3123653e+003
  4.7227359e+005  8.2839616e+006  1.4357680e+003  1.4013054e+003
  4.7228514e+005  8.2840029e+006  1.4377220e+003  1.4077126e+003
  4.7229662e+005  8.2840441e+006  1.4400280e+003  1.3748982e+003
  4.7230803e+005  8.2840854e+006  1.4419810e+003  1.3815928e+003
  4.7231937e+005  8.2841267e+006  1.4443480e+003  1.3492695e+003
  4.7233063e+005  8.2841680e+006  1.4465060e+003  1.3567485e+003
  4.7234183e+005  8.2842093e+006  1.4469830e+003  1.3585389e+003
  4.7235297e+005  8.2842507e+006  1.4506930e+003  1.3307305e+003
  4.7236406e+005  8.2842920e+006  1.4528680e+003  1.3381557e+003
  4.7237510e+005  8.2843334e+006  1.4548250e+003  1.3043653e+003
  4.7238609e+005  8.2843748e+006  1.4563610e+003  1.3095808e+003
  4.7239702e+005  8.2844162e+006  1.4585330e+003  1.3168623e+003
  4.7240789e+005  8.2844576e+006  1.4603490e+003  1.2824671e+003
  4.7241871e+005  8.2844990e+006  1.4616490e+003  1.2463353e+003
  4.7242946e+005  8.2845404e+006  1.4629910e+003  1.2508263e+003
  4.7244016e+005  8.2845819e+006  1.4639190e+003  1.2133473e+003
  4.7245082e+005  8.2846233e+006  1.4649310e+003  1.1760419e+003
  4.7246145e+005  8.2846647e+006  1.4652760e+003  1.1364132e+003
  4.7247208e+005  8.2847062e+006  1.4656430e+003  1.1372695e+003
  4.7248272e+005  8.2847475e+006  1.4653930e+003  1.0954970e+003
  4.7249343e+005  8.2847889e+006  1.4648230e+003  1.0931737e+003
  4.7250419e+005  8.2848302e+006  1.4641040e+003  1.0093772e+003
  4.7251502e+005  8.2848715e+006  1.4626170e+003  9.6341317e+002
  4.7252593e+005  8.2849128e+006  1.4612340e+003  9.5840120e+002
  4.7253695e+005  8.2849540e+006  1.4597550e+003  9.5316766e+002
  4.7254812e+005  8.2849952e+006  1.4581500e+003  9.0710180e+002
  4.7255943e+005  8.2850364e+006  1.4573680e+003  9.0448503e+002
  4.7257089e+005  8.2850775e+006  1.4549130e+003  8.9638323e+002
  4.7258251e+005  8.2851186e+006  1.4521880e+003  8.4695210e+002
  4.7259430e+005  8.2851596e+006  1.4500820e+003  8.4010778e+002
  4.7260627e+005  8.2852005e+006  1.4487640e+003  8.3591617e+002
  4.7261844e+005  8.2852415e+006  1.4463160e+003  8.2777844e+002
  4.7263084e+005  8.2852823e+006  1.4460950e+003  8.2708982e+002
  4.7264349e+005  8.2853231e+006  1.4414010e+003  8.5172455e+002
  4.7265635e+005  8.2853638e+006  1.4390290e+003  8.4373653e+002
  4.7266943e+005  8.2854045e+006  1.4368390e+003  8.3635329e+002
  4.7268271e+005  8.2854452e+006  1.4342140e+003  8.6793413e+002
  4.7269616e+005  8.2854857e+006  1.4317550e+003  8.5957485e+002
  4.7270977e+005  8.2855263e+006  1.4294240e+003  8.9211377e+002
  4.7272351e+005  8.2855668e+006  1.4270100e+003  8.8386228e+002
  4.7273735e+005  8.2856073e+006  1.4248500e+003  9.1698204e+002
  4.7275124e+005  8.2856477e+006  1.4230100e+003  9.1074850e+002
  4.7276514e+005  8.2856882e+006  1.4213190e+003  9.4550299e+002
  4.7277901e+005  8.2857287e+006  1.4200330e+003  9.4120958e+002
  4.7279283e+005  8.2857692e+006  1.4190280e+003  9.3794012e+002
  4.7280659e+005  8.2858097e+006  1.4185050e+003  9.7677844e+002
  4.7282028e+005  8.2858502e+006  1.4184520e+003  1.0577066e+003
  4.7283387e+005  8.2858908e+006  1.4184400e+003  1.0578383e+003
  4.7284735e+005  8.2859314e+006  1.4187460e+003  1.0590299e+003
  4.7286073e+005  8.2859721e+006  1.4198960e+003  1.1035449e+003
  4.7287397e+005  8.2860127e+006  1.4210710e+003  1.0671856e+003
  4.7288712e+005  8.2860534e+006  1.4225270e+003  1.0721198e+003
  4.7290016e+005  8.2860942e+006  1.4244320e+003  1.0379760e+003
  4.7291310e+005  8.2861349e+006  1.4262780e+003  1.0440599e+003
  4.7292597e+005  8.2861757e+006  1.4287950e+003  9.7140719e+002
  4.7293879e+005  8.2862164e+006  1.4307830e+003  1.0183772e+003
  4.7295158e+005  8.2862572e+006  1.4328600e+003  9.8471257e+002
  4.7296437e+005  8.2862979e+006  1.4350350e+003  9.9188623e+002
  4.7297717e+005  8.2863387e+006  1.4370550e+003  9.9858683e+002
  4.7299001e+005  8.2863794e+006  1.4389190e+003  1.0047305e+003
  4.7300291e+005  8.2864201e+006  1.4405010e+003  1.0099581e+003
  4.7301588e+005  8.2864608e+006  1.4421730e+003  1.0155988e+003
  4.7302896e+005  8.2865014e+006  1.4436510e+003  1.0205928e+003
  4.7304213e+005  8.2865420e+006  1.4446660e+003  1.0240359e+003
  4.7305541e+005  8.2865826e+006  1.4457070e+003  1.0275988e+003
  4.7306879e+005  8.2866232e+006  1.4463440e+003  1.0297605e+003
  4.7308226e+005  8.2866638e+006  1.4467790e+003  9.9074251e+002
  4.7309583e+005  8.2867043e+006  1.4474050e+003  9.9293413e+002
  4.7310949e+005  8.2867448e+006  1.4474190e+003  9.9309581e+002
  4.7312323e+005  8.2867853e+006  1.4474930e+003  9.9349102e+002
  4.7313706e+005  8.2868257e+006  1.4471700e+003  9.9252096e+002
  4.7315097e+005  8.2868662e+006  1.4464550e+003  9.4971856e+002
  4.7316496e+005  8.2869066e+006  1.4456220e+003  9.8744910e+002
  4.7317902e+005  8.2869471e+006  1.4446150e+003  9.8406587e+002
  4.7319313e+005  8.2869875e+006  1.4428270e+003  8.9704192e+002
  4.7320730e+005  8.2870279e+006  1.4407300e+003  8.4941916e+002
  4.7322152e+005  8.2870683e+006  1.4382400e+003  8.4093413e+002
  4.7323579e+005  8.2871087e+006  1.4350670e+003  8.3014970e+002
  4.7325009e+005  8.2871491e+006  1.4319830e+003  7.7923952e+002
  4.7326442e+005  8.2871894e+006  1.4286420e+003  7.6794012e+002
  4.7327878e+005  8.2872298e+006  1.4252780e+003  7.1610180e+002
  4.7329317e+005  8.2872701e+006  1.4220600e+003  7.0532934e+002
  4.7330759e+005  8.2873105e+006  1.4177360e+003  6.5046707e+002
  4.7332204e+005  8.2873508e+006  1.4137770e+003  6.7794012e+002
  4.7333651e+005  8.2873911e+006  1.4090260e+003  6.6237126e+002
  4.7335098e+005  8.2874315e+006  1.4046360e+003  6.4810180e+002
  4.7336545e+005  8.2874718e+006  1.3998340e+003  6.3247305e+002
  4.7337987e+005  8.2875122e+006  1.3953760e+003  6.5847305e+002
  4.7339422e+005  8.2875526e+006  1.3910390e+003  7.2532335e+002
  4.7340847e+005  8.2875931e+006  1.3880290e+003  7.9658084e+002
  4.7342259e+005  8.2876336e+006  1.3855810e+003  8.2913772e+002
  4.7343653e+005  8.2876742e+006  1.3839780e+003  8.6444311e+002
  4.7345029e+005  8.2877149e+006  1.3831480e+003  9.0234731e+002
  4.7346382e+005  8.2877557e+006  1.3827390e+003  8.6068862e+002
  4.7347713e+005  8.2877965e+006  1.3831310e+003  9.4313174e+002
  4.7349020e+005  8.2878373e+006  1.3829870e+003  8.6178443e+002
  4.7350303e+005  8.2878783e+006  1.3829990e+003  9.0235928e+002
  4.7351561e+005  8.2879193e+006  1.3827330e+003  9.0148503e+002
  4.7352795e+005  8.2879603e+006  1.3824220e+003  9.4092216e+002
  4.7354004e+005  8.2880014e+006  1.3819500e+003  9.3929341e+002
  4.7355193e+005  8.2880426e+006  1.3815670e+003  9.3789222e+002
  4.7356357e+005  8.2880838e+006  1.3811980e+003  9.3646707e+002
  4.7357500e+005  8.2881250e+006  1.3805120e+003  9.3386826e+002
  4.7358623e+005  8.2881663e+006  1.3799130e+003  9.3143114e+002
  4.7359728e+005  8.2882077e+006  1.3785310e+003  8.8577844e+002
  4.7360818e+005  8.2882490e+006  1.3766870e+003  8.3849102e+002
  4.7361894e+005  8.2882904e+006  1.3737380e+003  8.2795210e+002
  4.7362961e+005  8.2883318e+006  1.3703180e+003  8.1583234e+002
  4.7364020e+005  8.2883732e+006  1.3654180e+003  8.3922754e+002
  4.7365076e+005  8.2884147e+006  1.3603600e+003  8.2174850e+002
  4.7366131e+005  8.2884561e+006  1.3563260e+003  8.4838922e+002
  4.7367187e+005  8.2884975e+006  1.3526090e+003  8.3586826e+002
  4.7368248e+005  8.2885389e+006  1.3492820e+003  8.2486826e+002
  4.7369314e+005  8.2885803e+006  1.3452860e+003  8.5227545e+002
  4.7370388e+005  8.2886217e+006  1.3415590e+003  8.4026347e+002
  4.7371469e+005  8.2886631e+006  1.3371170e+003  8.2595210e+002
  4.7372559e+005  8.2887045e+006  1.3328390e+003  8.5274850e+002
  4.7373660e+005  8.2887458e+006  1.3288050e+003  8.8036527e+002
  4.7374773e+005  8.2887871e+006  1.3247770e+003  9.8885030e+002
  4.7375897e+005  8.2888284e+006  1.3205770e+003  1.1370539e+003
  4.7377034e+005  8.2888697e+006  1.3181850e+003  1.1292695e+003
  4.7378184e+005  8.2889109e+006  1.3148960e+003  1.0778144e+003
  4.7379345e+005  8.2889521e+006  1.3125670e+003  9.8895808e+002
  4.7380518e+005  8.2889933e+006  1.3107020e+003  9.0143713e+002
  4.7381701e+005  8.2890344e+006  1.3099910e+003  8.9860479e+002
  4.7382894e+005  8.2890755e+006  1.3109260e+003  7.7977246e+002
  4.7384093e+005  8.2891165e+006  1.3137590e+003  6.6731737e+002
  4.7385299e+005  8.2891575e+006  1.3169230e+003  6.7741317e+002
  4.7386510e+005  8.2891985e+006  1.3206270e+003  6.0841916e+002
  4.7387725e+005  8.2892395e+006  1.3245300e+003  5.4021557e+002
  4.7388946e+005  8.2892804e+006  1.3276830e+003  5.5056886e+002
  4.7390171e+005  8.2893214e+006  1.3317540e+003  5.6412575e+002
  4.7391401e+005  8.2893623e+006  1.3352860e+003  5.3551497e+002
  4.7392635e+005  8.2894032e+006  1.3390940e+003  5.4846108e+002
  4.7393873e+005  8.2894441e+006  1.3425550e+003  5.6028743e+002
  4.7395116e+005  8.2894851e+006  1.3468080e+003  5.3432335e+002
  4.7396364e+005  8.2895260e+006  1.3499470e+003  5.4507186e+002
  4.7397618e+005  8.2895669e+006  1.3518450e+003  5.1113174e+002
  4.7398875e+005  8.2896078e+006  1.3521570e+003  4.7181437e+002
  4.7400136e+005  8.2896487e+006  1.3515400e+003  4.2936527e+002
  4.7401399e+005  8.2896897e+006  1.3495180e+003  3.8213772e+002
  4.7402663e+005  8.2897306e+006  1.3456750e+003  3.6919760e+002
  4.7403927e+005  8.2897715e+006  1.3398140e+003  3.0894611e+002
  4.7128427e+005  8.2915180e+006  1.2634320e+003  8.7479042e+001
  4.7129484e+005  8.2914751e+006  1.2766350e+003  1.3146707e+002
  4.7130572e+005  8.2914324e+006  1.3111590e+003  2.8796407e+002
  4.7131692e+005  8.2913897e+006  1.3307580e+003  3.5369461e+002
  4.7132848e+005  8.2913472e+006  1.3467570e+003  4.0739521e+002
  4.7134041e+005  8.2913047e+006  1.3602110e+003  4.5259880e+002
  4.7135271e+005  8.2912624e+006  1.3691850e+003  4.8276048e+002
  4.7136539e+005  8.2912203e+006  1.3761430e+003  5.0624551e+002
  4.7137841e+005  8.2911782e+006  1.3816400e+003  5.6535329e+002
  4.7139175e+005  8.2911362e+006  1.3884590e+003  5.4800599e+002
  4.7140538e+005  8.2910944e+006  1.3950740e+003  5.7034731e+002
  4.7141922e+005  8.2910526e+006  1.4014630e+003  5.5137725e+002
  4.7143327e+005  8.2910109e+006  1.4080860e+003  5.7360479e+002
  4.7144745e+005  8.2909693e+006  1.4123930e+003  5.8802994e+002
  4.7146174e+005  8.2909277e+006  1.4199360e+003  6.5396407e+002
  4.7147613e+005  8.2908862e+006  1.4245830e+003  6.6982635e+002
  4.7149059e+005  8.2908447e+006  1.4290700e+003  7.2582036e+002
  4.7150513e+005  8.2908032e+006  1.4322590e+003  7.3711377e+002
  4.7151973e+005  8.2907618e+006  1.4350920e+003  7.4734132e+002
  4.7153442e+005  8.2907204e+006  1.4376550e+003  7.5668263e+002
  4.7154920e+005  8.2906790e+006  1.4406930e+003  7.6761677e+002
  4.7156408e+005  8.2906376e+006  1.4437370e+003  7.7855090e+002
  4.7157909e+005  8.2905964e+006  1.4462250e+003  7.8752096e+002
  4.7159425e+005  8.2905551e+006  1.4492850e+003  7.9830539e+002
  4.7160952e+005  8.2905139e+006  1.4522630e+003  8.0864671e+002
  4.7162489e+005  8.2904728e+006  1.4551930e+003  8.5911976e+002
  4.7164036e+005  8.2904317e+006  1.4583380e+003  8.2917964e+002
  4.7165590e+005  8.2903906e+006  1.4611250e+003  8.7891018e+002
  4.7167149e+005  8.2903496e+006  1.4639730e+003  8.8833533e+002
  4.7168712e+005  8.2903086e+006  1.4667160e+003  8.9741317e+002
  4.7170276e+005  8.2902676e+006  1.4692920e+003  9.4646108e+002
  4.7171841e+005  8.2902266e+006  1.4716090e+003  9.5423952e+002
  4.7173406e+005  8.2901856e+006  1.4737670e+003  1.0021018e+003
  4.7174970e+005  8.2901446e+006  1.4756710e+003  1.0492575e+003
  4.7176533e+005  8.2901037e+006  1.4774260e+003  1.0960359e+003
  4.7178093e+005  8.2900627e+006  1.4788420e+003  1.1417305e+003
  4.7179649e+005  8.2900217e+006  1.4800250e+003  1.1865988e+003
  4.7181201e+005  8.2899807e+006  1.4812390e+003  1.1505329e+003
  4.7182750e+005  8.2899397e+006  1.4822560e+003  1.2350539e+003
  4.7184294e+005  8.2898986e+006  1.4829350e+003  1.2373413e+003
  4.7185835e+005  8.2898576e+006  1.4832750e+003  1.2788563e+003
  4.7187368e+005  8.2898165e+006  1.4832330e+003  1.3191677e+003
  4.7188891e+005  8.2897754e+006  1.4829600e+003  1.3183293e+003
  4.7190400e+005  8.2897342e+006  1.4821400e+003  1.3562575e+003
  4.7191899e+005  8.2896931e+006  1.4809300e+003  1.3929401e+003
  4.7193388e+005  8.2896519e+006  1.4796260e+003  1.3888623e+003
  4.7194868e+005  8.2896107e+006  1.4781800e+003  1.4247186e+003
  4.7196337e+005  8.2895695e+006  1.4764030e+003  1.4188323e+003
  4.7197795e+005  8.2895282e+006  1.4749710e+003  1.4139341e+003
  4.7199241e+005  8.2894869e+006  1.4731940e+003  1.4482335e+003
  4.7200672e+005  8.2894456e+006  1.4709680e+003  1.4404311e+003
  4.7202088e+005  8.2894042e+006  1.4697930e+003  1.4765389e+003
  4.7203487e+005  8.2893628e+006  1.4683190e+003  1.4710659e+003
  4.7204867e+005  8.2893214e+006  1.4668580e+003  1.5060539e+003
  4.7206227e+005  8.2892799e+006  1.4657120e+003  1.4611377e+003
  4.7207567e+005  8.2892383e+006  1.4643810e+003  1.4966168e+003
  4.7208888e+005  8.2891967e+006  1.4631320e+003  1.4919880e+003
  4.7210188e+005  8.2891551e+006  1.4619210e+003  1.4876108e+003
  4.7211465e+005  8.2891134e+006  1.4605780e+003  1.5233892e+003
  4.7212718e+005  8.2890716e+006  1.4594070e+003  1.5193892e+003
  4.7213943e+005  8.2890298e+006  1.4581970e+003  1.5153234e+003
  4.7215141e+005  8.2889878e+006  1.4572450e+003  1.5526347e+003
  4.7216311e+005  8.2889458e+006  1.4561780e+003  1.5490838e+003
  4.7217452e+005  8.2889038e+006  1.4552900e+003  1.5866168e+003
  4.7218564e+005  8.2888616e+006  1.4542660e+003  1.6237006e+003
  4.7219649e+005  8.2888194e+006  1.4537180e+003  1.6219581e+003
  4.7220708e+005  8.2887772e+006  1.4532720e+003  1.6609641e+003
  4.7221745e+005  8.2887349e+006  1.4525760e+003  1.6585449e+003
  4.7222762e+005  8.2886926e+006  1.4520650e+003  1.6566048e+003
  4.7223762e+005  8.2886502e+006  1.4517840e+003  1.6958443e+003
  4.7224746e+005  8.2886078e+006  1.4514300e+003  1.6942934e+003
  4.7225716e+005  8.2885654e+006  1.4514260e+003  1.6938982e+003
  4.7226679e+005  8.2885230e+006  1.4514440e+003  1.6530479e+003
  4.7227635e+005  8.2884806e+006  1.4514520e+003  1.6525928e+003
  4.7228591e+005  8.2884382e+006  1.4515650e+003  1.6930240e+003
  4.7229551e+005  8.2883958e+006  1.4514870e+003  1.6923892e+003
  4.7230516e+005  8.2883535e+006  1.4515280e+003  1.6517246e+003
  4.7231490e+005  8.2883111e+006  1.4514600e+003  1.6512874e+003
  4.7232472e+005  8.2882688e+006  1.4516900e+003  1.6114551e+003
  4.7233463e+005  8.2882265e+006  1.4518990e+003  1.6120778e+003
  4.7234461e+005  8.2881843e+006  1.4520800e+003  1.5721257e+003
  4.7235467e+005  8.2881421e+006  1.4522940e+003  1.5727964e+003
  4.7236477e+005  8.2880999e+006  1.4526490e+003  1.5740599e+003
  4.7237489e+005  8.2880577e+006  1.4528890e+003  1.5345389e+003
  4.7238504e+005  8.2880155e+006  1.4533780e+003  1.5364072e+003
  4.7239519e+005  8.2879734e+006  1.4538020e+003  1.4976707e+003
  4.7240536e+005  8.2879312e+006  1.4544280e+003  1.5002036e+003
  4.7241554e+005  8.2878890e+006  1.4547290e+003  1.5017365e+003
  4.7242572e+005  8.2878469e+006  1.4554730e+003  1.4643772e+003
  4.7243589e+005  8.2878047e+006  1.4562840e+003  1.4273234e+003
  4.7244605e+005  8.2877626e+006  1.4570490e+003  1.3901796e+003
  4.7245619e+005  8.2877204e+006  1.4579820e+003  1.3941018e+003
  4.7246631e+005  8.2876782e+006  1.4586270e+003  1.3970359e+003
  4.7247642e+005  8.2876360e+006  1.4594800e+003  1.3601377e+003
  4.7248647e+005  8.2875938e+006  1.4605860e+003  1.3239940e+003
  4.7249647e+005  8.2875516e+006  1.4616710e+003  1.3686527e+003
  4.7250641e+005  8.2875094e+006  1.4626850e+003  1.3320838e+003
  4.7251631e+005  8.2874671e+006  1.4640100e+003  1.2964671e+003
  4.7252618e+005  8.2874249e+006  1.4651150e+003  1.3004671e+003
  4.7253605e+005  8.2873827e+006  1.4658850e+003  1.3031856e+003
  4.7254593e+005  8.2873405e+006  1.4667980e+003  1.2658024e+003
  4.7255584e+005  8.2872983e+006  1.4678650e+003  1.2288802e+003
  4.7256580e+005  8.2872561e+006  1.4687200e+003  1.2721856e+003
  4.7257581e+005  8.2872139e+006  1.4696110e+003  1.2346347e+003
  4.7258588e+005  8.2871718e+006  1.4701640e+003  1.2363892e+003
  4.7259600e+005  8.2871297e+006  1.4707920e+003  1.2384192e+003
  4.7260618e+005  8.2870877e+006  1.4711700e+003  1.2396228e+003
  4.7261642e+005  8.2870456e+006  1.4714940e+003  1.2406946e+003
  4.7262674e+005  8.2870036e+006  1.4715720e+003  1.2409341e+003
  4.7263713e+005  8.2869616e+006  1.4714800e+003  1.2000838e+003
  4.7264761e+005  8.2869196e+006  1.4710400e+003  1.1984371e+003
  4.7265816e+005  8.2868776e+006  1.4704530e+003  1.1962335e+003
  4.7266878e+005  8.2868357e+006  1.4698300e+003  1.1938683e+003
  4.7267948e+005  8.2867938e+006  1.4686560e+003  1.1896826e+003
  4.7269027e+005  8.2867519e+006  1.4675960e+003  1.1859521e+003
  4.7270114e+005  8.2867100e+006  1.4658730e+003  1.2205928e+003
  4.7271211e+005  8.2866682e+006  1.4642190e+003  1.1745808e+003
  4.7272317e+005  8.2866264e+006  1.4625180e+003  1.2094431e+003
  4.7273432e+005  8.2865846e+006  1.4601770e+003  1.1612335e+003
  4.7274552e+005  8.2865428e+006  1.4578630e+003  1.1535928e+003
  4.7275675e+005  8.2865010e+006  1.4554840e+003  1.1457126e+003
  4.7276800e+005  8.2864593e+006  1.4529020e+003  1.1371018e+003
  4.7277924e+005  8.2864175e+006  1.4503640e+003  1.1285569e+003
  4.7279044e+005  8.2863757e+006  1.4476340e+003  1.1192695e+003
  4.7280160e+005  8.2863340e+006  1.4446420e+003  1.1495629e+003
  4.7281269e+005  8.2862921e+006  1.4415870e+003  1.0581677e+003
  4.7282371e+005  8.2862503e+006  1.4384480e+003  1.0878743e+003
  4.7283465e+005  8.2862085e+006  1.4354970e+003  1.0776467e+003
  4.7284552e+005  8.2861667e+006  1.4319380e+003  1.0653174e+003
  4.7285632e+005  8.2861248e+006  1.4283440e+003  1.0528683e+003
  4.7286705e+005  8.2860830e+006  1.4248800e+003  1.0813114e+003
  4.7287769e+005  8.2860411e+006  1.4213470e+003  1.0690419e+003
  4.7288828e+005  8.2859993e+006  1.4179650e+003  1.0573114e+003
  4.7289882e+005  8.2859574e+006  1.4144090e+003  1.0855210e+003
  4.7290930e+005  8.2859155e+006  1.4111580e+003  1.0743413e+003
  4.7291974e+005  8.2858736e+006  1.4081310e+003  1.0639760e+003
  4.7293012e+005  8.2858317e+006  1.4056140e+003  1.0554012e+003
  4.7294046e+005  8.2857897e+006  1.4029110e+003  1.0057784e+003
  4.7295076e+005  8.2857478e+006  1.4014360e+003  9.6035329e+002
  4.7296103e+005  8.2857059e+006  1.3998690e+003  9.5517365e+002
  4.7297129e+005  8.2856639e+006  1.3987670e+003  9.1118563e+002
  4.7298152e+005  8.2856219e+006  1.3978290e+003  8.6776048e+002
  4.7299173e+005  8.2855800e+006  1.3957570e+003  8.6097605e+002
  4.7300192e+005  8.2855380e+006  1.3921530e+003  8.0853892e+002
  4.7301210e+005  8.2854960e+006  1.3951940e+003  7.7844311e+002
  4.7302229e+005  8.2854540e+006  1.3825910e+003  7.3595210e+002
  4.7303249e+005  8.2854120e+006  1.3927000e+003  7.7013174e+002
  4.7304273e+005  8.2853700e+006  1.3980400e+003  7.4782036e+002
  4.7305301e+005  8.2853280e+006  1.3987670e+003  7.1002395e+002
  4.7306329e+005  8.2852860e+006  1.4000540e+003  6.3361677e+002
  4.7307359e+005  8.2852441e+006  1.4013420e+003  6.3811976e+002
  4.7308391e+005  8.2852021e+006  1.3947050e+003  5.7531138e+002
  4.7309424e+005  8.2851602e+006  1.3927470e+003  5.2817365e+002
  4.7310458e+005  8.2851182e+006  1.4018880e+003  5.5885629e+002
  4.7311490e+005  8.2850762e+006  1.4084230e+003  5.4012575e+002
  4.7312519e+005  8.2850343e+006  1.4163780e+003  6.0717365e+002
  4.7313544e+005  8.2849923e+006  1.4150200e+003  5.6189820e+002
  4.7314571e+005  8.2849504e+006  1.4220850e+003  6.2614371e+002
  4.7315600e+005  8.2849084e+006  1.4242100e+003  6.3338323e+002
  4.7316631e+005  8.2848665e+006  1.4136790e+003  5.2622754e+002
  4.7317665e+005  8.2848246e+006  1.4135830e+003  5.2622754e+002
  4.7318702e+005  8.2847827e+006  1.4134740e+003  5.6670659e+002
  4.7319741e+005  8.2847408e+006  1.4133610e+003  5.6670659e+002
  4.7320788e+005  8.2846989e+006  1.4132210e+003  5.2622754e+002
  4.7321844e+005  8.2846570e+006  1.4130840e+003  5.6670659e+002
  4.7322915e+005  8.2846152e+006  1.4129750e+003  5.6670659e+002
  4.7324000e+005  8.2845734e+006  1.4129110e+003  5.6670659e+002
  4.7325098e+005  8.2845317e+006  1.4248890e+003  6.4766467e+002
  4.7326210e+005  8.2844899e+006  1.4249340e+003  6.4766467e+002
  4.7327332e+005  8.2844483e+006  1.4250240e+003  6.0718563e+002
  4.7328465e+005  8.2844066e+006  1.4251500e+003  6.0718563e+002
  4.7329607e+005  8.2843650e+006  1.4253000e+003  6.0718563e+002
  4.7330759e+005  8.2843235e+006  1.4134590e+003  5.6670659e+002
  4.7331922e+005  8.2842819e+006  1.4136050e+003  5.6670659e+002
  4.7333094e+005  8.2842405e+006  1.4257550e+003  6.4766467e+002
  4.7334274e+005  8.2841990e+006  1.4139120e+003  6.0718563e+002
  4.7335461e+005  8.2841576e+006  1.4140390e+003  6.4766467e+002
  4.7336652e+005  8.2841161e+006  1.4141290e+003  6.4766467e+002
  4.7337846e+005  8.2840747e+006  1.4141740e+003  6.4766467e+002
  4.7339043e+005  8.2840333e+006  1.4141610e+003  6.8814371e+002
  4.7340239e+005  8.2839919e+006  1.4141290e+003  6.8814371e+002
  4.7341434e+005  8.2839505e+006  1.4140940e+003  7.2862275e+002
  4.7342625e+005  8.2839091e+006  1.4140910e+003  7.6910180e+002
  4.7343810e+005  8.2838676e+006  1.4140870e+003  8.5005988e+002
  4.7344988e+005  8.2838261e+006  1.4140770e+003  8.9053892e+002
  4.7346160e+005  8.2837846e+006  1.4140620e+003  8.9053892e+002
  4.7347328e+005  8.2837431e+006  1.4140440e+003  8.9053892e+002
  4.7348491e+005  8.2837016e+006  1.4140270e+003  8.9053892e+002
  4.7349648e+005  8.2836600e+006  1.4140170e+003  8.9053892e+002
  4.7350798e+005  8.2836184e+006  1.4140160e+003  9.3101796e+002
  4.7351942e+005  8.2835768e+006  1.4140220e+003  9.3101796e+002
  4.7353081e+005  8.2835352e+006  1.4140350e+003  8.9053892e+002
  4.7354213e+005  8.2834936e+006  1.4140490e+003  8.9053892e+002
  4.7355339e+005  8.2834519e+006  1.4140530e+003  8.9053892e+002
  4.7356462e+005  8.2834102e+006  1.4237100e+003  9.5446707e+002
  4.7357581e+005  8.2833685e+006  1.4237100e+003  9.1396407e+002
  4.7358697e+005  8.2833269e+006  1.4248780e+003  9.1791018e+002
  4.7359812e+005  8.2832851e+006  1.4254310e+003  9.1978443e+002
  4.7360925e+005  8.2832434e+006  1.4252290e+003  9.1910180e+002
  4.7362038e+005  8.2832017e+006  1.4244040e+003  8.7585629e+002
  4.7363150e+005  8.2831600e+006  1.4241050e+003  8.3435329e+002
  4.7364261e+005  8.2831183e+006  1.4234620e+003  8.3211976e+002
  4.7365373e+005  8.2830765e+006  1.4222690e+003  7.8748503e+002
  4.7366484e+005  8.2830348e+006  1.4207050e+003  7.8202994e+002
  4.7367596e+005  8.2829930e+006  1.4190070e+003  7.3561677e+002
  4.7368707e+005  8.2829513e+006  1.4170170e+003  7.2877844e+002
  4.7369818e+005  8.2829095e+006  1.4144920e+003  7.2019162e+002
  4.7370929e+005  8.2828677e+006  1.4119070e+003  7.1142515e+002
  4.7372042e+005  8.2828260e+006  1.4087370e+003  6.6022156e+002
  4.7373156e+005  8.2827842e+006  1.4056580e+003  6.4981437e+002
  4.7374272e+005  8.2827424e+006  1.4008170e+003  6.7395808e+002
  4.7375387e+005  8.2827006e+006  1.3970230e+003  5.8024551e+002
  4.7376501e+005  8.2826588e+006  1.3936410e+003  4.8795210e+002
  4.7377615e+005  8.2826170e+006  1.3891180e+003  3.9171257e+002
  4.7378727e+005  8.2825752e+006  1.3845160e+003  3.3560479e+002
  4.7379838e+005  8.2825334e+006  1.3793300e+003  3.1791018e+002
  4.7380949e+005  8.2824916e+006  1.3743070e+003  3.0066467e+002
  4.7425740e+005  8.2809300e+006  1.0296570e+003  2.0239521e+002
  4.7426946e+005  8.2808884e+006  1.0178130e+003  1.6191617e+002
  4.7428152e+005  8.2808468e+006  9.9401500e+002  8.0958084e+001
  4.8702993e+005  8.2813558e+006  1.1010980e+003  0.0000000e+000
  4.8699002e+005  8.2813656e+006  1.1132540e+003  8.0958084e+001
  4.8695007e+005  8.2813756e+006  1.1134580e+003  1.2143713e+002
  4.8691006e+005  8.2813857e+006  1.1256800e+003  1.2143713e+002
  4.8687001e+005  8.2813960e+006  1.1259350e+003  1.2143713e+002
  4.8682990e+005  8.2814063e+006  1.1382070e+003  2.0239521e+002
  4.8678974e+005  8.2814167e+006  1.1504890e+003  2.0239521e+002
  4.8674953e+005  8.2814272e+006  1.1507770e+003  2.0239521e+002
  4.8668912e+005  8.2814431e+006  1.1631090e+003  2.4287425e+002
  4.8664878e+005  8.2814539e+006  1.1752600e+003  2.8335329e+002
  4.8660839e+005  8.2814647e+006  1.1753650e+003  2.4287425e+002
  4.8656792e+005  8.2814755e+006  1.1754160e+003  2.4287425e+002
  4.8652739e+005  8.2814864e+006  1.1874200e+003  2.8335329e+002
  4.8648677e+005  8.2814972e+006  1.1874040e+003  2.8335329e+002
  4.8644608e+005  8.2815079e+006  1.1993670e+003  3.2383234e+002
  4.8640531e+005  8.2815186e+006  1.1993330e+003  2.8335329e+002
  4.8636446e+005  8.2815293e+006  1.2112800e+003  2.8335329e+002
  4.8632352e+005  8.2815400e+006  1.2112060e+003  2.4287425e+002
  4.8628249e+005  8.2815505e+006  1.2111230e+003  2.4287425e+002
  4.8624138e+005  8.2815611e+006  1.2230250e+003  2.4287425e+002
  4.8620018e+005  8.2815716e+006  1.2229220e+003  1.6191617e+002
  4.8615888e+005  8.2815821e+006  1.2348120e+003  2.0239521e+002
  4.8611751e+005  8.2815926e+006  1.2347210e+003  1.6191617e+002
  4.8607605e+005  8.2816031e+006  1.2466500e+003  2.0239521e+002
  4.8603451e+005  8.2816135e+006  1.2586010e+003  2.4287425e+002
  4.8599290e+005  8.2816239e+006  1.2585760e+003  2.8335329e+002
  4.8595122e+005  8.2816343e+006  1.2705600e+003  2.8335329e+002
  4.8590947e+005  8.2816447e+006  1.2825620e+003  3.2383234e+002
  4.8586766e+005  8.2816550e+006  1.2825840e+003  3.2383234e+002
  4.8582579e+005  8.2816652e+006  1.2826560e+003  3.2383234e+002
  4.8578386e+005  8.2816755e+006  1.2827750e+003  3.2383234e+002
  4.8574188e+005  8.2816857e+006  1.2949100e+003  3.6431138e+002
  4.8569985e+005  8.2816960e+006  1.2950630e+003  3.6431138e+002
  4.8565777e+005  8.2817062e+006  1.2952150e+003  3.6431138e+002
  4.8561563e+005  8.2817164e+006  1.2833600e+003  3.2383234e+002
  4.8557345e+005  8.2817266e+006  1.2834850e+003  3.2383234e+002
  4.8553123e+005  8.2817368e+006  1.2836020e+003  3.2383234e+002
  4.8548895e+005  8.2817470e+006  1.2837100e+003  3.2383234e+002
  4.8544663e+005  8.2817572e+006  1.2837970e+003  3.2383234e+002
  4.8540425e+005  8.2817674e+006  1.2838450e+003  3.2383234e+002
  4.8536182e+005  8.2817775e+006  1.2838910e+003  2.8335329e+002
  4.8531933e+005  8.2817876e+006  1.2839340e+003  2.8335329e+002
  4.8527678e+005  8.2817977e+006  1.2959620e+003  3.2383234e+002
  4.8523416e+005  8.2818078e+006  1.2960020e+003  3.2383234e+002
  4.8519147e+005  8.2818177e+006  1.2960430e+003  3.2383234e+002
  4.8514870e+005  8.2818276e+006  1.2960650e+003  2.8335329e+002
  4.8510587e+005  8.2818375e+006  1.3080790e+003  3.6431138e+002
  4.8506295e+005  8.2818472e+006  1.3081090e+003  3.2383234e+002
  4.8501997e+005  8.2818569e+006  1.3081520e+003  3.2383234e+002
  4.8497691e+005  8.2818664e+006  1.3082130e+003  2.8335329e+002
  4.8493378e+005  8.2818758e+006  1.3202880e+003  3.2383234e+002
  4.8489057e+005  8.2818850e+006  1.3203460e+003  3.2383234e+002
  4.8484728e+005  8.2818941e+006  1.3203940e+003  2.8335329e+002
  4.8480392e+005  8.2819031e+006  1.3324520e+003  3.2383234e+002
  4.8476049e+005  8.2819118e+006  1.3538900e+003  3.8692814e+002
  4.8471699e+005  8.2819205e+006  1.3510420e+003  3.3678443e+002
  4.8467343e+005  8.2819289e+006  1.3575340e+003  3.5868862e+002
  4.8462981e+005  8.2819373e+006  1.3624860e+003  3.7549102e+002
  4.8458613e+005  8.2819455e+006  1.3674380e+003  3.5192216e+002
  4.8454239e+005  8.2819537e+006  1.3713470e+003  4.0583832e+002
  4.8449857e+005  8.2819618e+006  1.3791800e+003  3.9204790e+002
  4.8445467e+005  8.2819698e+006  1.3681980e+003  2.8335329e+002
  4.8441070e+005  8.2819775e+006  1.3681390e+003  3.2383234e+002
  4.8436664e+005  8.2819851e+006  1.3680690e+003  2.8335329e+002
  4.8432252e+005  8.2819926e+006  1.3679760e+003  3.2383234e+002
  4.8427832e+005  8.2819998e+006  1.3678580e+003  4.0479042e+002
  4.8423405e+005  8.2820070e+006  1.3677230e+003  4.8574850e+002
  4.8418971e+005  8.2820139e+006  1.3675970e+003  4.4526946e+002
  4.8414529e+005  8.2820207e+006  1.3674620e+003  4.8574850e+002
  4.8410079e+005  8.2820272e+006  1.3673220e+003  4.4526946e+002
  4.8405622e+005  8.2820335e+006  1.3671960e+003  3.6431138e+002
  4.8401159e+005  8.2820397e+006  1.3670810e+003  3.6431138e+002
  4.8396690e+005  8.2820456e+006  1.3669750e+003  4.4526946e+002
  4.8392216e+005  8.2820514e+006  1.3668880e+003  4.4526946e+002
  4.8262012e+005  8.2822396e+006  1.3778600e+003  7.5032934e+002
  4.8257548e+005  8.2822492e+006  1.3815280e+003  7.6234731e+002
  4.8253087e+005  8.2822591e+006  1.3929290e+003  7.2862275e+002
  4.8248629e+005  8.2822691e+006  1.3930450e+003  7.2862275e+002
  4.8244175e+005  8.2822794e+006  1.3931490e+003  6.4766467e+002
  4.8239723e+005  8.2822898e+006  1.4030750e+003  7.1220958e+002
  4.8235273e+005  8.2823004e+006  1.4084610e+003  6.4917365e+002
  4.8230825e+005  8.2823110e+006  1.4129900e+003  6.2391617e+002
  4.8226377e+005  8.2823217e+006  1.4052960e+003  5.2622754e+002
  4.8221927e+005  8.2823323e+006  1.4052120e+003  4.8574850e+002
  4.8217472e+005  8.2823428e+006  1.4170520e+003  4.8574850e+002
  4.8213010e+005  8.2823531e+006  1.4168700e+003  4.8574850e+002
  4.8208540e+005  8.2823630e+006  1.4323690e+003  5.2951497e+002
  4.8204058e+005  8.2823724e+006  1.4362450e+003  5.0268862e+002
  4.8199565e+005  8.2823812e+006  1.4373900e+003  5.4752096e+002
  4.8195059e+005  8.2823893e+006  1.4369910e+003  5.8693413e+002
  4.8190543e+005  8.2823968e+006  1.4373880e+003  7.0982036e+002
  4.8186017e+005  8.2824035e+006  1.4346150e+003  8.2183234e+002
  4.8181483e+005  8.2824096e+006  1.4355220e+003  1.0270479e+003
  4.8176942e+005  8.2824149e+006  1.4343510e+003  1.1037305e+003
  4.8172397e+005  8.2824196e+006  1.4336980e+003  1.1416527e+003
  4.8167848e+005  8.2824237e+006  1.4326810e+003  1.1378862e+003
  4.8163296e+005  8.2824272e+006  1.4317620e+003  1.1750060e+003
  4.8158741e+005  8.2824300e+006  1.4246690e+003  1.1104371e+003
  4.8154185e+005  8.2824323e+006  1.4248430e+003  1.1920778e+003
  4.8149628e+005  8.2824341e+006  1.4249220e+003  1.1926108e+003
  4.8145070e+005  8.2824354e+006  1.4251600e+003  1.2342036e+003
  4.8140512e+005  8.2824365e+006  1.4243330e+003  1.2723473e+003
  4.8135953e+005  8.2824372e+006  1.4236070e+003  1.3109521e+003
  4.8131392e+005  8.2824376e+006  1.4230720e+003  1.3502754e+003
  4.8126829e+005  8.2824378e+006  1.4225180e+003  1.3489521e+003
  4.8122265e+005  8.2824377e+006  1.4225180e+003  1.2683892e+003
  4.8117699e+005  8.2824375e+006  1.4186900e+003  1.2153413e+003
  4.8113132e+005  8.2824371e+006  1.4186900e+003  1.1752156e+003
  4.8108565e+005  8.2824366e+006  1.4034860e+003  1.0524551e+003
  4.8103996e+005  8.2824361e+006  1.4033420e+003  1.0524551e+003
  4.8099427e+005  8.2824355e+006  1.4032210e+003  1.0119760e+003
  4.8094857e+005  8.2824349e+006  1.4031870e+003  1.0119760e+003
  4.8090284e+005  8.2824344e+006  1.4031710e+003  1.0119760e+003
  4.8085710e+005  8.2824340e+006  1.4031670e+003  1.0524551e+003
  4.8081134e+005  8.2824337e+006  1.4031710e+003  1.0524551e+003
  4.8076557e+005  8.2824336e+006  1.4031890e+003  1.1334132e+003
  4.8071979e+005  8.2824336e+006  1.4032140e+003  1.2143713e+003
  4.8067402e+005  8.2824338e+006  1.4032260e+003  1.2548503e+003
  4.8062826e+005  8.2824342e+006  1.4032360e+003  1.2953293e+003
  4.8058250e+005  8.2824348e+006  1.4032480e+003  1.3762874e+003
  4.8053675e+005  8.2824357e+006  1.4032390e+003  1.4167665e+003
  4.8049102e+005  8.2824367e+006  1.4111800e+003  1.4749880e+003
  4.8044529e+005  8.2824380e+006  1.4111800e+003  1.4750659e+003
  4.8039959e+005  8.2824394e+006  1.4169700e+003  1.4542096e+003
  4.8035390e+005  8.2824410e+006  1.4189970e+003  1.4206287e+003
  4.8030822e+005  8.2824428e+006  1.4197300e+003  1.3826168e+003
  4.7619094e+005  8.2824950e+006  1.2993850e+003  2.0276826e+003
  4.7614599e+005  8.2824966e+006  1.3161180e+003  2.1245210e+003
  4.7610103e+005  8.2824982e+006  1.3244290e+003  2.1526168e+003
  4.7605608e+005  8.2824997e+006  1.3317540e+003  2.0561377e+003
  4.7601111e+005  8.2825013e+006  1.3292200e+003  1.9265150e+003
  4.7596614e+005  8.2825029e+006  1.3185630e+003  1.8909820e+003
  4.7592115e+005  8.2825044e+006  1.3135860e+003  1.8746168e+003
  4.7587615e+005  8.2825059e+006  1.3144440e+003  1.8779222e+003
  4.7583114e+005  8.2825074e+006  1.3158470e+003  1.8425449e+003
  4.7578613e+005  8.2825090e+006  1.3171550e+003  1.8472635e+003
  4.7574110e+005  8.2825105e+006  1.3175360e+003  1.8892994e+003
  4.7569608e+005  8.2825120e+006  1.3174290e+003  1.8891976e+003
  4.7565105e+005  8.2825134e+006  1.3161230e+003  1.8850000e+003
  4.7560603e+005  8.2825149e+006  1.3144090e+003  1.8794431e+003
  4.7556100e+005  8.2825163e+006  1.3129470e+003  1.8342754e+003
  4.7551598e+005  8.2825178e+006  1.3108880e+003  1.9085269e+003
  4.7547095e+005  8.2825192e+006  1.3082320e+003  1.8997545e+003
  4.7542591e+005  8.2825206e+006  1.3050640e+003  1.8891916e+003
  4.7538087e+005  8.2825220e+006  1.3015080e+003  1.9177665e+003
  4.7533583e+005  8.2825233e+006  1.2978120e+003  1.9053772e+003
  4.7529077e+005  8.2825246e+006  1.2941300e+003  1.8526108e+003
  4.7524571e+005  8.2825259e+006  1.2898380e+003  1.8382036e+003
  4.7520064e+005  8.2825272e+006  1.2829150e+003  1.7743713e+003
  4.7515557e+005  8.2825284e+006  1.2822100e+003  1.7719581e+003
  4.7511049e+005  8.2825296e+006  1.2582310e+003  1.6596407e+003
  4.7389066e+005  8.2825274e+006  1.3541350e+003  2.8335329e+002
  4.7384563e+005  8.2825261e+006  1.3659300e+003  3.2383234e+002
  4.7380064e+005  8.2825247e+006  1.3657100e+003  3.6431138e+002
  4.7375568e+005  8.2825234e+006  1.3654620e+003  4.0479042e+002
  4.7371075e+005  8.2825220e+006  1.3707000e+003  4.9513772e+002
  4.7366587e+005  8.2825207e+006  1.3707000e+003  5.3638323e+002
  4.7362102e+005  8.2825195e+006  1.3795570e+003  6.0740120e+002
  4.7357622e+005  8.2825183e+006  1.3786720e+003  6.0493413e+002
  4.7353145e+005  8.2825172e+006  1.3749100e+003  5.9264671e+002
  4.7348672e+005  8.2825163e+006  1.3708340e+003  6.6016168e+002
  4.7344201e+005  8.2825154e+006  1.3721790e+003  6.6494611e+002
  4.7339735e+005  8.2825146e+006  1.3740400e+003  7.1195210e+002
  4.7335272e+005  8.2825140e+006  1.3642150e+003  6.4766467e+002
  4.7330814e+005  8.2825134e+006  1.3641530e+003  7.2862275e+002
  4.7326360e+005  8.2825129e+006  1.3641280e+003  8.0958084e+002
  4.7321909e+005  8.2825126e+006  1.3641270e+003  8.5005988e+002
  4.7317463e+005  8.2825123e+006  1.3641450e+003  8.5005988e+002
  4.7313021e+005  8.2825121e+006  1.3642080e+003  8.5005988e+002
  4.7308582e+005  8.2825120e+006  1.3642920e+003  8.5005988e+002
  4.7304147e+005  8.2825118e+006  1.3643660e+003  8.0958084e+002
  4.7299716e+005  8.2825117e+006  1.3644380e+003  8.0958084e+002
  4.7295289e+005  8.2825115e+006  1.3645130e+003  7.6910180e+002
  4.7290866e+005  8.2825112e+006  1.3645990e+003  7.2862275e+002
  4.7286446e+005  8.2825109e+006  1.3647010e+003  7.2862275e+002
  4.7282030e+005  8.2825104e+006  1.3648180e+003  6.8814371e+002
  4.7277618e+005  8.2825099e+006  1.3649340e+003  6.4766467e+002
  4.7273209e+005  8.2825093e+006  1.3650410e+003  6.4766467e+002
  4.7268803e+005  8.2825086e+006  1.3651330e+003  6.0718563e+002
  4.7264400e+005  8.2825078e+006  1.3679900e+003  6.4792814e+002
  4.7260000e+005  8.2825069e+006  1.3674440e+003  6.0540719e+002
  4.7255603e+005  8.2825060e+006  1.3661950e+003  5.6056886e+002
  4.7251210e+005  8.2825049e+006  1.3639410e+003  5.1242515e+002
  4.7246821e+005  8.2825038e+006  1.3594300e+003  4.5677246e+002
  4.7242435e+005  8.2825027e+006  1.3549190e+003  4.0124551e+002
  4.7238053e+005  8.2825014e+006  1.3504080e+003  3.8628743e+002
  4.7233674e+005  8.2825002e+006  1.3473970e+003  4.1692814e+002
  4.7229299e+005  8.2824989e+006  1.3529870e+003  3.2383234e+002
  4.7224926e+005  8.2824976e+006  1.3409000e+003  3.2383234e+002
  4.7220555e+005  8.2824962e+006  1.3396070e+003  2.2964072e+002
  4.7216187e+005  8.2824948e+006  1.3370110e+003  2.2097006e+002
  4.7211821e+005  8.2824934e+006  1.3382190e+003  3.0594611e+002
  4.7207457e+005  8.2824920e+006  1.3426980e+003  3.6133533e+002
  4.7203095e+005  8.2824905e+006  1.3409400e+003  4.7653892e+002
  4.7198735e+005  8.2824890e+006  1.3234240e+003  4.5753892e+002
  4.7194377e+005  8.2824875e+006  1.3276950e+003  4.7161677e+002
  4.7190022e+005  8.2824861e+006  1.3202190e+003  4.8664072e+002
  4.7185670e+005  8.2824847e+006  1.3127420e+003  5.4226347e+002
  4.7181320e+005  8.2824833e+006  1.3096740e+003  5.3195210e+002
  4.7176972e+005  8.2824821e+006  1.3174530e+003  5.5840719e+002
  4.7172626e+005  8.2824809e+006  1.3269500e+003  6.3128144e+002
  4.7168281e+005  8.2824799e+006  1.3259150e+003  7.0917365e+002
  4.7163937e+005  8.2824790e+006  1.3233550e+003  7.8192216e+002
  4.7159594e+005  8.2824783e+006  1.3232580e+003  8.2247904e+002
  4.7155251e+005  8.2824777e+006  1.3217110e+003  9.3892814e+002
  4.7150908e+005  8.2824773e+006  1.3200220e+003  9.3334132e+002
  4.7146565e+005  8.2824770e+006  1.3186580e+003  1.0501856e+003
  4.7142223e+005  8.2824770e+006  1.3141660e+003  1.1158922e+003
  4.7137882e+005  8.2824771e+006  1.3131050e+003  1.1930958e+003
  4.7133542e+005  8.2824774e+006  1.3175850e+003  1.3294371e+003
  4.7129204e+005  8.2824779e+006  1.3159610e+003  1.3642216e+003
  4.7124867e+005  8.2824786e+006  1.3145710e+003  1.2783772e+003
  4.7120532e+005  8.2824793e+006  1.3133350e+003  1.2740838e+003
  4.7116198e+005  8.2824802e+006  1.3110930e+003  1.1854910e+003
  4.7111866e+005  8.2824812e+006  1.3083900e+003  1.0953832e+003
  4.7107534e+005  8.2824823e+006  1.3054700e+003  1.0451078e+003
  4.7103203e+005  8.2824835e+006  1.3031280e+003  9.9683832e+002
  4.7098873e+005  8.2824847e+006  1.3009040e+003  9.8950299e+002
  4.7094542e+005  8.2824861e+006  1.2958800e+003  9.3229341e+002
  4.7090210e+005  8.2824875e+006  1.2868810e+003  9.0219760e+002
  4.7085878e+005  8.2824890e+006  1.2789070e+003  8.7559880e+002
  4.7081545e+005  8.2824906e+006  1.2865260e+003  8.6117365e+002
  4.7077211e+005  8.2824922e+006  1.2878080e+003  8.6584431e+002
  4.7072877e+005  8.2824939e+006  1.2918070e+003  8.7971856e+002
  4.7068543e+005  8.2824956e+006  1.2939070e+003  8.8715569e+002
  4.7064208e+005  8.2824974e+006  1.2955990e+003  9.3365868e+002
  4.7059872e+005  8.2824991e+006  1.2969070e+003  1.0597485e+003
  4.7055535e+005  8.2825007e+006  1.2970920e+003  1.1415269e+003
  4.7051198e+005  8.2825023e+006  1.2993630e+003  1.3112754e+003
  4.7046862e+005  8.2825038e+006  1.3001820e+003  1.4355629e+003
  4.7042525e+005  8.2825053e+006  1.3012320e+003  1.5200838e+003
  4.7038189e+005  8.2825065e+006  1.2915420e+003  1.5683114e+003
  4.7033854e+005  8.2825077e+006  1.3013610e+003  1.6013353e+003
  4.7029520e+005  8.2825087e+006  1.3027620e+003  1.6463353e+003
  4.7025186e+005  8.2825096e+006  1.3019580e+003  1.6028802e+003
  4.7020853e+005  8.2825102e+006  1.2968240e+003  1.5852635e+003
  4.7016521e+005  8.2825108e+006  1.2955250e+003  1.4186647e+003
  4.7012190e+005  8.2825111e+006  1.3019250e+003  1.4399581e+003
  4.7007859e+005  8.2825113e+006  1.3082050e+003  1.2989341e+003
  4.7003530e+005  8.2825114e+006  1.3101960e+003  1.2244012e+003
  4.6999200e+005  8.2825113e+006  1.3110350e+003  1.1459461e+003
  4.6994872e+005  8.2825110e+006  1.3122090e+003  1.1090898e+003
  4.6990545e+005  8.2825106e+006  1.3115410e+003  1.1064790e+003
  4.6986217e+005  8.2825101e+006  1.3064400e+003  1.0484790e+003
  4.6981891e+005  8.2825094e+006  1.3158800e+003  1.0801018e+003
  4.6977564e+005  8.2825086e+006  1.3170570e+003  1.0434311e+003
  4.6973238e+005  8.2825077e+006  1.3184900e+003  1.0482395e+003
  4.6968911e+005  8.2825067e+006  1.3196590e+003  1.0117844e+003
  4.6964585e+005  8.2825056e+006  1.3214180e+003  1.0178383e+003
  4.6960258e+005  8.2825044e+006  1.3233530e+003  1.0245030e+003
  4.6955931e+005  8.2825032e+006  1.3250790e+003  9.8999401e+002
  4.6951603e+005  8.2825019e+006  1.3266940e+003  9.1466467e+002
  4.6947274e+005  8.2825006e+006  1.3281620e+003  8.3884431e+002
  4.6942944e+005  8.2824992e+006  1.3292940e+003  8.4285629e+002
  4.6938614e+005  8.2824978e+006  1.3305820e+003  8.0691617e+002
  4.6934282e+005  8.2824965e+006  1.3313750e+003  7.6926347e+002
  4.6929949e+005  8.2824951e+006  1.3321830e+003  6.9109581e+002
  4.6925616e+005  8.2824938e+006  1.3325390e+003  6.5178443e+002
  4.6921283e+005  8.2824925e+006  1.3322880e+003  5.6986228e+002
  4.6916949e+005  8.2824913e+006  1.3316410e+003  5.2701796e+002
  4.6912614e+005  8.2824901e+006  1.3299790e+003  5.2125150e+002
  4.6908279e+005  8.2824890e+006  1.3279050e+003  5.1414371e+002
  4.6903944e+005  8.2824879e+006  1.3254720e+003  5.4635329e+002
  4.6899608e+005  8.2824869e+006  1.3218500e+003  5.3413174e+002
  4.6895271e+005  8.2824859e+006  1.3177400e+003  5.2032934e+002
  4.6890934e+005  8.2824850e+006  1.3131080e+003  5.0479641e+002
  4.6886596e+005  8.2824842e+006  1.3070670e+003  4.8453892e+002
  4.6882257e+005  8.2824835e+006  1.2992500e+003  4.5833533e+002
  4.6877919e+005  8.2824828e+006  1.2684370e+003  3.1401198e+002
  4.6873580e+005  8.2824823e+006  1.2630870e+003  3.3659880e+002
  4.6869242e+005  8.2824819e+006  1.2805270e+003  3.6431138e+002
  4.6864903e+005  8.2824816e+006  1.2580280e+003  3.1988623e+002
  4.7899697e+005  8.2791152e+006  1.1328170e+003  1.2548503e+003
  4.7900091e+005  8.2791641e+006  1.1288600e+003  1.2953293e+003
  4.7900509e+005  8.2792132e+006  1.1246540e+003  1.2548503e+003
  4.7900956e+005  8.2792625e+006  1.1203020e+003  1.1738922e+003
  4.7901431e+005  8.2793120e+006  1.1278650e+003  1.1738922e+003
  4.7901935e+005  8.2793618e+006  1.1353890e+003  1.1738922e+003
  4.7902470e+005  8.2794117e+006  1.1429280e+003  1.0524551e+003
  4.7903039e+005  8.2794618e+006  1.1505120e+003  9.7149701e+002
  4.7903645e+005  8.2795121e+006  1.1581670e+003  8.0958084e+002
  4.7904284e+005  8.2795626e+006  1.1658770e+003  8.0958084e+002
  4.7904959e+005  8.2796133e+006  1.1856410e+003  8.5005988e+002
  4.7905674e+005  8.2796641e+006  1.1814920e+003  8.0958084e+002
  4.7906427e+005  8.2797150e+006  1.1894070e+003  8.5005988e+002
  4.7907214e+005  8.2797661e+006  1.1973840e+003  8.5005988e+002
  4.7908029e+005  8.2798173e+006  1.2054030e+003  8.9053892e+002
  4.7908866e+005  8.2798686e+006  1.2014450e+003  9.3101796e+002
  4.7909723e+005  8.2799201e+006  1.1974840e+003  8.9053892e+002
  4.7910593e+005  8.2799717e+006  1.2054590e+003  9.7149701e+002
  4.7911472e+005  8.2800233e+006  1.2133980e+003  1.0119760e+003
  4.7912362e+005  8.2800751e+006  1.2213090e+003  1.0524551e+003
  4.7913262e+005  8.2801270e+006  1.2292210e+003  1.0929341e+003
  4.7914171e+005  8.2801790e+006  1.2251310e+003  1.0929341e+003
  4.7915090e+005  8.2802312e+006  1.2330180e+003  1.1334132e+003
  4.7916022e+005  8.2802834e+006  1.2288970e+003  1.0929341e+003
  4.7916968e+005  8.2803357e+006  1.2367270e+003  1.0929341e+003
  4.7917930e+005  8.2803882e+006  1.2324810e+003  1.0929341e+003
  4.7918908e+005  8.2804407e+006  1.2521390e+003  1.1738922e+003
  4.7919904e+005  8.2804933e+006  1.2477490e+003  1.1334132e+003
  4.7920920e+005  8.2805459e+006  1.2553210e+003  1.1738922e+003
  4.7921957e+005  8.2805987e+006  1.2509200e+003  1.1334132e+003
  4.7923017e+005  8.2806515e+006  1.2585440e+003  1.1738922e+003
  4.7924103e+005  8.2807045e+006  1.2661720e+003  1.2143713e+003
  4.7925216e+005  8.2807574e+006  1.2617870e+003  1.1738922e+003
  4.7926357e+005  8.2808105e+006  1.2693550e+003  1.2143713e+003
  4.7927520e+005  8.2808635e+006  1.2648520e+003  1.1334132e+003
  4.7928706e+005  8.2809167e+006  1.2724070e+003  1.1334132e+003
  4.7929914e+005  8.2809699e+006  1.2801820e+003  1.1334132e+003
  4.7931146e+005  8.2810231e+006  1.2884400e+003  1.1738922e+003
  4.7932401e+005  8.2810763e+006  1.2851530e+003  1.1738922e+003
  4.7933678e+005  8.2811295e+006  1.2941670e+003  1.2143713e+003
  4.7934969e+005  8.2811827e+006  1.2914430e+003  1.1738922e+003
  4.7936270e+005  8.2812357e+006  1.3009260e+003  1.1334132e+003
  4.7937579e+005  8.2812888e+006  1.2985880e+003  1.1334132e+003
  4.7938894e+005  8.2813417e+006  1.2962540e+003  1.1334132e+003
  4.7940217e+005  8.2813946e+006  1.2938300e+003  1.0929341e+003
  4.7941548e+005  8.2814475e+006  1.3032540e+003  1.0929341e+003
  4.7942887e+005  8.2815003e+006  1.3005760e+003  1.0929341e+003
  4.7944233e+005  8.2815530e+006  1.3098070e+003  1.0119760e+003
  4.7945586e+005  8.2816057e+006  1.3070010e+003  9.3101796e+002
  4.7946940e+005  8.2816585e+006  1.3161450e+003  8.9053892e+002
  4.7948289e+005  8.2817112e+006  1.3252490e+003  8.5005988e+002
  4.7949630e+005  8.2817639e+006  1.3223570e+003  7.6910180e+002
  4.7950960e+005  8.2818166e+006  1.3194690e+003  6.8814371e+002
  4.7952271e+005  8.2818694e+006  1.3405780e+003  5.2622754e+002
  4.7953560e+005  8.2819221e+006  1.3737050e+003  4.8574850e+002
  4.7954827e+005  8.2819750e+006  1.3708860e+003  2.8335329e+002
  4.7956071e+005  8.2820278e+006  1.3800750e+003  2.8335329e+002
  4.7957291e+005  8.2820807e+006  1.3892830e+003  3.2383234e+002
  4.7958487e+005  8.2821336e+006  1.3865200e+003  3.2383234e+002
  4.7959659e+005  8.2821865e+006  1.3957750e+003  3.2383234e+002
  4.7960807e+005  8.2822395e+006  1.4050480e+003  3.6431138e+002
  4.7957036e+005  8.2885314e+006  1.4260830e+003  9.7149701e+002
  4.7956723e+005  8.2885754e+006  1.4381790e+003  1.0119760e+003
  4.7956344e+005  8.2886193e+006  1.4382640e+003  9.7149701e+002
  4.7955909e+005  8.2886631e+006  1.4383740e+003  8.9053892e+002
  4.7955424e+005  8.2887069e+006  1.4504800e+003  8.5005988e+002
  4.7954897e+005  8.2887507e+006  1.4505620e+003  8.0958084e+002
  4.7954344e+005  8.2887944e+006  1.4505990e+003  7.6910180e+002
  4.7953780e+005  8.2888374e+006  1.4505910e+003  7.2862275e+002
  4.7953198e+005  8.2888811e+006  1.4625290e+003  8.0958084e+002
  4.7952610e+005  8.2889248e+006  1.4806800e+003  8.6200599e+002
  4.7952018e+005  8.2889686e+006  1.4814510e+003  8.2450299e+002
  4.7951422e+005  8.2890124e+006  1.4845490e+003  7.9494012e+002
  4.7950821e+005  8.2890562e+006  1.4740030e+003  6.4766467e+002
  4.7950219e+005  8.2891001e+006  1.4737430e+003  6.4766467e+002
  4.7949612e+005  8.2891440e+006  1.4854310e+003  6.8814371e+002
  4.7949001e+005  8.2891879e+006  1.4969380e+003  6.7856886e+002
  4.7948382e+005  8.2892318e+006  1.5000350e+003  6.9041916e+002
  4.7947755e+005  8.2892758e+006  1.5006850e+003  7.7514371e+002
  4.7947119e+005  8.2893198e+006  1.5013420e+003  7.7905988e+002
  4.7946472e+005  8.2893639e+006  1.5017570e+003  8.2266467e+002
  4.7945812e+005  8.2894079e+006  1.5016380e+003  8.6440719e+002
  4.7945139e+005  8.2894520e+006  1.5014950e+003  9.0594611e+002
  4.7944452e+005  8.2894961e+006  1.5010200e+003  9.0560479e+002
  4.7943748e+005  8.2895402e+006  1.4999070e+003  9.0286826e+002
  4.7943026e+005  8.2895843e+006  1.4982910e+003  8.5773653e+002
  4.7942289e+005  8.2896284e+006  1.4959180e+003  8.9080838e+002
  4.7941537e+005  8.2896725e+006  1.4926400e+003  9.2058084e+002
  4.7940771e+005  8.2897165e+006  1.4883880e+003  8.2532335e+002
  4.7939991e+005  8.2897605e+006  1.4832100e+003  7.2666467e+002
  4.7939199e+005  8.2898045e+006  1.4762600e+003  7.0273653e+002
  4.7938397e+005  8.2898485e+006  1.4689930e+003  5.9652695e+002
  4.7937588e+005  8.2898925e+006  1.4605140e+003  5.6723952e+002
  4.7936771e+005  8.2899364e+006  1.4527780e+003  5.4053892e+002
  4.7935947e+005  8.2899804e+006  1.4444540e+003  5.1182635e+002
  4.7935116e+005  8.2900243e+006  1.4356530e+003  5.2204790e+002
  4.7934278e+005  8.2900682e+006  1.4263530e+003  4.9019760e+002
  4.7933433e+005  8.2901121e+006  1.4172470e+003  4.9973653e+002
  4.7932581e+005  8.2901560e+006  1.4096160e+003  4.7404790e+002
  4.7931724e+005  8.2902000e+006  1.4040060e+003  5.3642515e+002
  4.7930860e+005  8.2902439e+006  1.3972200e+003  5.5446108e+002
  4.7929990e+005  8.2902878e+006  1.3969570e+003  5.5405988e+002
  4.7929115e+005  8.2903316e+006  1.3954330e+003  5.4932934e+002
  4.7928232e+005  8.2903755e+006  1.3945610e+003  5.0622156e+002
  4.7927342e+005  8.2904193e+006  1.3937400e+003  5.4413772e+002
  4.7926447e+005  8.2904631e+006  1.3924890e+003  5.8047305e+002
  4.7925550e+005  8.2905070e+006  1.3895830e+003  5.3015569e+002
  4.7924653e+005  8.2905508e+006  1.3885750e+003  5.2662874e+002
  4.7923760e+005  8.2905946e+006  1.3847480e+003  5.5397006e+002
  4.7922875e+005  8.2906384e+006  1.3854550e+003  4.7517365e+002
  4.7922001e+005  8.2906823e+006  1.3849530e+003  4.7330539e+002
  4.7921145e+005  8.2907262e+006  1.3823770e+003  5.0499401e+002
  4.7920309e+005  8.2907701e+006  1.3793840e+003  6.1634731e+002
  4.7919495e+005  8.2908141e+006  1.3744990e+003  6.8101796e+002
  4.7918703e+005  8.2908581e+006  1.3675550e+003  6.1730539e+002
  4.7917934e+005  8.2909022e+006  1.3569560e+003  5.4123353e+002
  4.7917185e+005  8.2909463e+006  1.3455910e+003  5.4347904e+002
  4.7916458e+005  8.2909904e+006  1.3331030e+003  4.6089222e+002
  4.7915751e+005  8.2910345e+006  1.3213170e+003  3.8058084e+002
  4.8242998e+005  8.2931425e+006  1.2711770e+003  1.2872455e+002
  4.8242620e+005  8.2931011e+006  1.2797370e+003  2.3937725e+002
  4.8242246e+005  8.2930597e+006  1.2863150e+003  3.4335928e+002
  4.8241881e+005  8.2930183e+006  1.2927450e+003  4.4682635e+002
  4.8241526e+005  8.2929768e+006  1.2981210e+003  5.0621557e+002
  4.8241185e+005  8.2929354e+006  1.3022490e+003  5.2080838e+002
  4.8240859e+005  8.2928939e+006  1.3055390e+003  5.3247904e+002
  4.8240552e+005  8.2928524e+006  1.3071250e+003  4.9779641e+002
  4.8240266e+005  8.2928109e+006  1.3093410e+003  5.4593413e+002
  4.8240002e+005  8.2927694e+006  1.3093690e+003  5.8640120e+002
  4.8239759e+005  8.2927279e+006  1.3091760e+003  5.8533533e+002
  4.8239538e+005  8.2926864e+006  1.3079020e+003  6.6131138e+002
  4.8239336e+005  8.2926449e+006  1.3060590e+003  6.9471856e+002
  4.8239150e+005  8.2926034e+006  1.3031560e+003  7.2449102e+002
  4.8238976e+005  8.2925620e+006  1.3002200e+003  6.7333533e+002
  4.8238809e+005  8.2925205e+006  1.2967320e+003  7.0145509e+002
  4.8238646e+005  8.2924791e+006  1.2930280e+003  7.2910180e+002
  4.8238483e+005  8.2924378e+006  1.2892100e+003  7.5652096e+002
  4.8238318e+005  8.2923964e+006  1.2857370e+003  7.8522156e+002
  4.8238146e+005  8.2923551e+006  1.2825540e+003  7.7437126e+002
  4.8237970e+005  8.2923138e+006  1.2798700e+003  8.0571856e+002
  4.8237791e+005  8.2922725e+006  1.2772420e+003  7.5632335e+002
  4.8237608e+005  8.2922312e+006  1.2748370e+003  7.8852096e+002
  4.8237423e+005  8.2921898e+006  1.2725090e+003  7.4001198e+002
  4.8237236e+005  8.2921485e+006  1.2708900e+003  7.3445509e+002
  4.8237049e+005  8.2921072e+006  1.2695120e+003  7.2982036e+002
  4.8236863e+005  8.2920659e+006  1.2687740e+003  7.2741916e+002
  4.8236682e+005  8.2920246e+006  1.2686810e+003  7.2720958e+002
  4.8236512e+005  8.2919832e+006  1.2689560e+003  7.2831138e+002
  4.8236355e+005  8.2919418e+006  1.2697080e+003  6.9055689e+002
  4.8236220e+005  8.2919004e+006  1.2709080e+003  6.9464072e+002
  4.8236109e+005  8.2918590e+006  1.2717320e+003  6.5685629e+002
  4.8236022e+005  8.2918176e+006  1.2725520e+003  6.1894012e+002
  4.8235961e+005  8.2917761e+006  1.2726010e+003  6.1876048e+002
  4.8235928e+005  8.2917347e+006  1.2722200e+003  5.7641916e+002
  4.8235922e+005  8.2916933e+006  1.2715510e+003  5.3281437e+002
  4.8235940e+005  8.2916519e+006  1.2698800e+003  5.6662275e+002
  4.8235983e+005  8.2916105e+006  1.2680920e+003  5.5935329e+002
  4.8236054e+005  8.2915691e+006  1.2654680e+003  5.4900000e+002
  4.8236149e+005  8.2915277e+006  1.2625280e+003  4.9704192e+002
  4.8236265e+005  8.2914864e+006  1.2592910e+003  5.2511976e+002
  4.8236395e+005  8.2914451e+006  1.2550350e+003  5.0953892e+002
  4.8236534e+005  8.2914038e+006  1.2509160e+003  4.9514371e+002
  4.8236679e+005  8.2913626e+006  1.2467470e+003  5.2179641e+002
  4.8236824e+005  8.2913212e+006  1.2430780e+003  5.1013772e+002
  4.8236972e+005  8.2912799e+006  1.2383600e+003  4.9538922e+002
  4.8237121e+005  8.2912386e+006  1.2337390e+003  4.8131737e+002
  4.8237265e+005  8.2911973e+006  1.2284210e+003  5.0517365e+002
  4.8237408e+005  8.2911560e+006  1.2230760e+003  4.8818563e+002
  4.8237553e+005  8.2911146e+006  1.2167840e+003  5.0812575e+002
  4.8237700e+005  8.2910732e+006  1.2095830e+003  5.2454491e+002
  4.8237848e+005  8.2910319e+006  1.2033450e+003  5.4388024e+002
  4.8237992e+005  8.2909905e+006  1.1980840e+003  6.0676647e+002
  4.8238134e+005  8.2909491e+006  1.1935840e+003  6.3204790e+002
  4.8238271e+005  8.2909077e+006  1.1888830e+003  6.9743114e+002
  4.8238403e+005  8.2908663e+006  1.1855680e+003  7.6763473e+002
  4.8238530e+005  8.2908249e+006  1.1816880e+003  7.5501198e+002
  4.8238653e+005  8.2907834e+006  1.1780230e+003  7.8359281e+002
  4.8238775e+005  8.2907420e+006  1.1734190e+003  8.0923353e+002
  4.8238896e+005  8.2907005e+006  1.1683850e+003  7.5237725e+002
  4.8239018e+005  8.2906590e+006  1.1634630e+003  7.3612575e+002
  4.8239141e+005  8.2906175e+006  1.1595190e+003  7.2288623e+002
  4.8239263e+005  8.2905760e+006  1.1572880e+003  7.1524551e+002
  4.8239384e+005  8.2905344e+006  1.1548430e+003  7.4729940e+002
  4.8239505e+005  8.2904929e+006  1.1515160e+003  7.3569461e+002
  4.8239628e+005  8.2904514e+006  1.1537970e+003  7.4288024e+002
  4.8239751e+005  8.2904100e+006  1.1523070e+003  6.9686826e+002
  4.8239873e+005  8.2903685e+006  1.1544380e+003  6.6316766e+002
  4.8239994e+005  8.2903270e+006  1.1560810e+003  6.2789222e+002
  4.8240115e+005  8.2902856e+006  1.1587310e+003  5.9602994e+002
  4.8240232e+005  8.2902441e+006  1.1613580e+003  6.0445509e+002
  4.8240347e+005  8.2902027e+006  1.1629970e+003  6.0934132e+002
  4.8240455e+005  8.2901613e+006  1.1674530e+003  6.6386228e+002
  4.8240559e+005  8.2901198e+006  1.1698480e+003  6.7055689e+002
  4.8240655e+005  8.2900784e+006  1.1705990e+003  7.5221557e+002
  4.8240749e+005  8.2900370e+006  1.1720200e+003  7.5517964e+002
  4.8240840e+005  8.2899955e+006  1.1755120e+003  8.0577246e+002
  4.8240925e+005  8.2899541e+006  1.1784690e+003  7.7395210e+002
  4.8240998e+005  8.2899126e+006  1.1836670e+003  8.3126946e+002
  4.8241061e+005  8.2898711e+006  1.1889800e+003  8.4907784e+002
  4.8241112e+005  8.2898295e+006  1.1946280e+003  7.8742515e+002
  4.8241154e+005  8.2897879e+006  1.2012580e+003  7.6992216e+002
  4.8241187e+005  8.2897463e+006  1.2088200e+003  7.9635329e+002
  4.8241212e+005  8.2897046e+006  1.2159400e+003  7.8092216e+002
  4.8241229e+005  8.2896629e+006  1.2228860e+003  8.0537126e+002
  4.8241239e+005  8.2896212e+006  1.2290170e+003  8.2697006e+002
  4.8241246e+005  8.2895794e+006  1.2350490e+003  8.0762874e+002
  4.8241252e+005  8.2895376e+006  1.2402940e+003  8.2613174e+002
  4.8241257e+005  8.2894957e+006  1.2445680e+003  8.4151497e+002
  4.8241261e+005  8.2894538e+006  1.2482870e+003  8.5532335e+002
  4.8241263e+005  8.2894119e+006  1.2523320e+003  8.7046707e+002
  4.8241263e+005  8.2893699e+006  1.2557440e+003  8.4313174e+002
  4.8241268e+005  8.2893280e+006  1.2589310e+003  8.5556287e+002
  4.8241281e+005  8.2892860e+006  1.2636630e+003  8.7315569e+002
  4.8241301e+005  8.2892439e+006  1.2679250e+003  8.4840719e+002
  4.8241327e+005  8.2892018e+006  1.2730510e+003  8.6671257e+002
  4.8241359e+005  8.2891596e+006  1.2774020e+003  8.8203593e+002
  4.8241397e+005  8.2891174e+006  1.2813670e+003  8.5534132e+002
  4.8241441e+005  8.2890752e+006  1.2854630e+003  8.6923952e+002
  4.8241494e+005  8.2890329e+006  1.2886500e+003  8.7967066e+002
  4.8241554e+005  8.2889906e+006  1.2927890e+003  8.5229940e+002
  4.8241622e+005  8.2889483e+006  1.2958820e+003  8.6156886e+002
  4.8241698e+005  8.2889060e+006  1.2987940e+003  8.7018563e+002
  4.8241780e+005  8.2888638e+006  1.3014890e+003  8.7839521e+002
  4.8241866e+005  8.2888215e+006  1.3038650e+003  8.8590419e+002
  4.8241949e+005  8.2887793e+006  1.3060650e+003  8.9320958e+002
  4.8242028e+005  8.2887371e+006  1.3081220e+003  8.5979042e+002
  4.8239311e+005  8.2870793e+006  1.3399500e+003  9.2695808e+002
  4.8239250e+005  8.2870367e+006  1.3362400e+003  9.5435928e+002
  4.8239194e+005  8.2869941e+006  1.3322970e+003  9.4071856e+002
  4.8239141e+005  8.2869514e+006  1.3284330e+003  1.0084850e+003
  4.8239092e+005  8.2869088e+006  1.3249370e+003  1.0371557e+003
  4.8239043e+005  8.2868661e+006  1.3212900e+003  1.1868683e+003
  4.8238994e+005  8.2868234e+006  1.3179290e+003  1.1757126e+003
  4.8238944e+005  8.2867807e+006  1.3150820e+003  1.2472994e+003
  4.8237231e+005  8.2825420e+006  1.4231070e+003  6.8814371e+002
  4.8237551e+005  8.2824992e+006  1.4230740e+003  6.8814371e+002
  4.8237866e+005  8.2824564e+006  1.4110630e+003  6.0718563e+002
  4.8238174e+005  8.2824136e+006  1.4110480e+003  6.4766467e+002
  4.8238477e+005  8.2823708e+006  1.4110190e+003  6.0718563e+002
  4.8238777e+005  8.2823281e+006  1.3989530e+003  6.0718563e+002
  4.8239077e+005  8.2822854e+006  1.3988260e+003  5.6670659e+002
  4.8239375e+005  8.2822427e+006  1.3986580e+003  6.0718563e+002
  4.8239672e+005  8.2822000e+006  1.3864690e+003  5.6670659e+002
  4.8239970e+005  8.2821574e+006  1.3862510e+003  6.0718563e+002
  4.8240276e+005  8.2821148e+006  1.3741060e+003  6.0718563e+002
  4.8240593e+005  8.2820722e+006  1.3740420e+003  6.0718563e+002
  4.8240925e+005  8.2820297e+006  1.3621060e+003  6.4766467e+002
  4.8241277e+005  8.2819872e+006  1.3622610e+003  6.8814371e+002
  4.8241653e+005  8.2819447e+006  1.3624800e+003  7.2862275e+002
  4.8242057e+005  8.2819022e+006  1.3506970e+003  7.2862275e+002
  4.8242491e+005  8.2818598e+006  1.3509230e+003  7.6910180e+002
  4.8242954e+005  8.2818175e+006  1.3391770e+003  7.6910180e+002
  4.8243447e+005  8.2817752e+006  1.3394490e+003  8.0958084e+002
  4.8243968e+005  8.2817329e+006  1.3397330e+003  8.9053892e+002
  4.8244515e+005  8.2816907e+006  1.3280280e+003  9.7149701e+002
  4.8245086e+005  8.2816486e+006  1.3282700e+003  1.0524551e+003
  4.8245681e+005  8.2816065e+006  1.3284440e+003  1.0524551e+003
  4.8246295e+005  8.2815644e+006  1.3285240e+003  1.0929341e+003
  4.8246925e+005  8.2815224e+006  1.3164990e+003  1.0524551e+003
  4.8247570e+005  8.2814803e+006  1.3163720e+003  1.0929341e+003
  4.8248230e+005  8.2814383e+006  1.3161720e+003  1.1334132e+003
  4.8248902e+005  8.2813963e+006  1.3159230e+003  1.1738922e+003
  4.8249590e+005  8.2813543e+006  1.3036490e+003  1.1334132e+003
  4.8250292e+005  8.2813122e+006  1.3033730e+003  1.1738922e+003
  4.8251016e+005  8.2812702e+006  1.3031030e+003  1.1738922e+003
  4.8251767e+005  8.2812282e+006  1.3028420e+003  1.2143713e+003
  4.8252555e+005  8.2811862e+006  1.3025980e+003  1.1738922e+003
  4.8253385e+005  8.2811443e+006  1.3024030e+003  1.1738922e+003
  4.8254263e+005  8.2811024e+006  1.2902910e+003  1.0929341e+003
  4.8255190e+005  8.2810607e+006  1.2902060e+003  1.0524551e+003
  4.8256170e+005  8.2810190e+006  1.2901450e+003  9.7149701e+002
  4.8257208e+005  8.2809775e+006  1.2900860e+003  9.3101796e+002
  4.8258311e+005  8.2809361e+006  1.2780740e+003  7.6910180e+002
  4.8259481e+005  8.2808949e+006  1.2781040e+003  7.2862275e+002
  4.8260721e+005  8.2808539e+006  1.2782130e+003  6.8814371e+002
  4.8262037e+005  8.2808131e+006  1.2783710e+003  6.0718563e+002
  4.8263431e+005  8.2807725e+006  1.2665590e+003  5.2622754e+002
  4.8264909e+005  8.2807323e+006  1.2666610e+003  5.6670659e+002
  4.8266477e+005  8.2806924e+006  1.2547490e+003  5.6670659e+002
  4.8268139e+005  8.2806528e+006  1.2548240e+003  5.2622754e+002
  4.8269896e+005  8.2806137e+006  1.2548800e+003  5.6670659e+002
  4.8271748e+005  8.2805749e+006  1.2429220e+003  5.2622754e+002
  4.8273697e+005  8.2805366e+006  1.2429320e+003  5.2622754e+002
  4.8275739e+005  8.2804988e+006  1.2428790e+003  5.2622754e+002
  4.8277878e+005  8.2804614e+006  1.2308080e+003  4.8574850e+002
  4.8280117e+005  8.2804247e+006  1.2307560e+003  4.8574850e+002
  4.8282464e+005  8.2803885e+006  1.2188000e+003  4.4526946e+002
  4.8284918e+005  8.2803531e+006  1.2189200e+003  5.2622754e+002
  4.8287479e+005  8.2803184e+006  1.2070820e+003  4.4526946e+002
  4.8290144e+005  8.2802845e+006  1.2072660e+003  4.8574850e+002
  4.8292908e+005  8.2802514e+006  1.1954850e+003  4.4526946e+002
  4.8295763e+005  8.2802190e+006  1.1957190e+003  5.2622754e+002
  4.8298701e+005  8.2801874e+006  1.1840030e+003  4.8574850e+002
  4.8301716e+005  8.2801565e+006  1.1723410e+003  4.8574850e+002
  4.8304798e+005  8.2801262e+006  1.1727530e+003  4.8574850e+002
  4.8307939e+005  8.2800966e+006  1.1491990e+003  4.8574850e+002
  4.8311134e+005  8.2800675e+006  1.1495720e+003  4.4526946e+002
  4.8314370e+005  8.2800389e+006  1.1378710e+003  4.0479042e+002
  4.8317642e+005  8.2800107e+006  1.1140650e+003  3.2383234e+002
  4.8189341e+005  8.2790019e+006  1.3070060e+003  8.0958084e+001
  4.8187927e+005  8.2790462e+006  1.3069620e+003  1.2143713e+002
  4.8186508e+005  8.2790904e+006  1.3068810e+003  1.2143713e+002
  4.8185106e+005  8.2791340e+006  1.3187670e+003  2.0239521e+002
  4.8183679e+005  8.2791782e+006  1.3186730e+003  2.0239521e+002
  4.8182254e+005  8.2792224e+006  1.3185940e+003  2.0239521e+002
  4.8180834e+005  8.2792666e+006  1.3305290e+003  2.4287425e+002
  4.8179422e+005  8.2793109e+006  1.3304710e+003  2.4287425e+002
  4.8178019e+005  8.2793552e+006  1.3424140e+003  2.8335329e+002
  4.8176627e+005  8.2793996e+006  1.3423920e+003  2.4287425e+002
  4.8175250e+005  8.2794440e+006  1.3423710e+003  2.8335329e+002
  4.8173890e+005  8.2794884e+006  1.3543400e+003  3.2383234e+002
  4.8172548e+005  8.2795329e+006  1.3543090e+003  2.8335329e+002
  4.8171228e+005  8.2795774e+006  1.3662820e+003  3.2383234e+002
  4.8169932e+005  8.2796220e+006  1.3662860e+003  3.6431138e+002
  4.8168663e+005  8.2796666e+006  1.3663370e+003  2.8335329e+002
  4.8167420e+005  8.2797112e+006  1.3784060e+003  3.6431138e+002
  4.8166204e+005  8.2797559e+006  1.3784990e+003  3.6431138e+002
  4.8165013e+005  8.2798006e+006  1.3785980e+003  4.0479042e+002
  4.8163845e+005  8.2798453e+006  1.3906570e+003  4.4526946e+002
  4.8162697e+005  8.2798901e+006  1.3906580e+003  4.8574850e+002
  4.8161566e+005  8.2799348e+006  1.3905770e+003  4.8574850e+002
  4.8160449e+005  8.2799796e+006  1.3904350e+003  5.2622754e+002
  4.8159343e+005  8.2800244e+006  1.4022630e+003  4.8574850e+002
  4.8158245e+005  8.2800692e+006  1.4021010e+003  4.8574850e+002
  4.8157156e+005  8.2801140e+006  1.4019450e+003  4.8574850e+002
  4.8156077e+005  8.2801588e+006  1.4017870e+003  4.0479042e+002
  4.8155006e+005  8.2802036e+006  1.4015840e+003  4.4526946e+002
  4.8153945e+005  8.2802484e+006  1.4013190e+003  4.4526946e+002
  4.8152892e+005  8.2802933e+006  1.4010150e+003  4.0479042e+002
  4.8151845e+005  8.2803381e+006  1.4006700e+003  4.8574850e+002
  4.8150804e+005  8.2803829e+006  1.4002840e+003  5.2622754e+002
  4.8149769e+005  8.2804277e+006  1.3998860e+003  5.6670659e+002
  4.8148737e+005  8.2804725e+006  1.3995250e+003  6.0718563e+002
  4.8147705e+005  8.2805173e+006  1.3872750e+003  6.0718563e+002
  4.8146669e+005  8.2805620e+006  1.3871300e+003  6.4766467e+002
  4.8145625e+005  8.2806067e+006  1.3870930e+003  6.8814371e+002
  4.8144572e+005  8.2806513e+006  1.3871540e+003  7.2862275e+002
  4.8143509e+005  8.2806960e+006  1.3872870e+003  7.2862275e+002
  4.8142435e+005  8.2807405e+006  1.3874750e+003  7.6910180e+002
  4.8141346e+005  8.2807850e+006  1.3876480e+003  8.0958084e+002
  4.8140243e+005  8.2808294e+006  1.3878480e+003  8.0958084e+002
  4.8139125e+005  8.2808737e+006  1.3880910e+003  8.5005988e+002
  4.8137994e+005  8.2809180e+006  1.3763570e+003  8.0958084e+002
  4.8136850e+005  8.2809621e+006  1.3766170e+003  8.5005988e+002
  4.8135696e+005  8.2810062e+006  1.3768650e+003  8.5005988e+002
  4.8134532e+005  8.2810503e+006  1.3771030e+003  8.9053892e+002
  4.8133362e+005  8.2810943e+006  1.3773090e+003  9.3101796e+002
  4.8132188e+005  8.2811383e+006  1.3774450e+003  9.3101796e+002
  4.8131012e+005  8.2811822e+006  1.3775010e+003  9.7149701e+002
  4.8129834e+005  8.2812261e+006  1.3774820e+003  1.0524551e+003
  4.8128657e+005  8.2812700e+006  1.3774050e+003  1.0929341e+003
  4.8127480e+005  8.2813139e+006  1.3773110e+003  1.1738922e+003
  4.8126303e+005  8.2813578e+006  1.3772210e+003  1.2143713e+003
  4.8125130e+005  8.2814017e+006  1.3771840e+003  1.2953293e+003
  4.8123959e+005  8.2814456e+006  1.3770720e+003  1.3762874e+003
  4.8122790e+005  8.2814895e+006  1.3768020e+003  1.4167665e+003
  4.8121618e+005  8.2815334e+006  1.3761210e+003  1.4977246e+003
  4.8120445e+005  8.2815775e+006  1.3750310e+003  1.4572455e+003
  4.8119269e+005  8.2816216e+006  1.3735070e+003  1.4572455e+003
  4.8118092e+005  8.2816658e+006  1.3717020e+003  1.4572455e+003
  4.8116911e+005  8.2817101e+006  1.3816610e+003  1.4977246e+003
  4.8115726e+005  8.2817546e+006  1.3794810e+003  1.4977246e+003
  4.8114533e+005  8.2817993e+006  1.3772030e+003  1.4977246e+003
  4.8113334e+005  8.2818441e+006  1.3748550e+003  1.4572455e+003
  4.8112127e+005  8.2818890e+006  1.3725080e+003  1.4572455e+003
  4.8110913e+005  8.2819340e+006  1.3821240e+003  1.4572455e+003
  4.8109689e+005  8.2819793e+006  1.3797000e+003  1.4572455e+003
  4.8108457e+005  8.2820246e+006  1.3769780e+003  1.4167665e+003
  4.8107215e+005  8.2820701e+006  1.3859680e+003  1.3762874e+003
  4.8105963e+005  8.2821158e+006  1.3826850e+003  1.3358084e+003
  4.8104704e+005  8.2821618e+006  1.3792180e+003  1.3358084e+003
  4.8103435e+005  8.2822079e+006  1.3875990e+003  1.2953293e+003
  4.8102156e+005  8.2822543e+006  1.3839030e+003  1.1738922e+003
  4.8100863e+005  8.2823008e+006  1.3921570e+003  1.1334132e+003
  4.8099559e+005  8.2823476e+006  1.4003910e+003  1.0929341e+003
  4.8098243e+005  8.2823946e+006  1.3966680e+003  1.0119760e+003
  4.8096920e+005  8.2824418e+006  1.4049560e+003  1.0524551e+003
  4.8095591e+005  8.2824892e+006  1.4012680e+003  1.0524551e+003
  4.8094259e+005  8.2825368e+006  1.4095430e+003  1.0119760e+003
  4.8092922e+005  8.2825846e+006  1.4058410e+003  9.7149701e+002
  4.8091576e+005  8.2826325e+006  1.4141670e+003  9.7149701e+002
  4.8090221e+005  8.2826806e+006  1.4228580e+003  1.0119760e+003
  4.8069331e+005  8.2887134e+006  1.4555790e+003  1.0009461e+003
  4.8069262e+005  8.2887554e+006  1.4525660e+003  1.0308503e+003
  4.8069196e+005  8.2887974e+006  1.4481650e+003  9.3465269e+002
  4.8069134e+005  8.2888393e+006  1.4432810e+003  9.5832335e+002
  4.8069080e+005  8.2888813e+006  1.4365480e+003  9.7589222e+002
  4.8069037e+005  8.2889233e+006  1.4300820e+003  8.7307186e+002
  4.8069003e+005  8.2889652e+006  1.4252030e+003  8.5671257e+002
  4.8068979e+005  8.2890071e+006  1.4213960e+003  8.0366467e+002
  4.8069010e+005  8.2891748e+006  1.4168390e+003  9.5135928e+002
  4.8069051e+005  8.2892167e+006  1.4165250e+003  8.6980838e+002
  4.8069108e+005  8.2892586e+006  1.4163070e+003  9.1019162e+002
  4.8069181e+005  8.2893005e+006  1.4158690e+003  9.0946108e+002
  4.8069271e+005  8.2893423e+006  1.4152890e+003  9.4879042e+002
  4.8069378e+005  8.2893842e+006  1.4146010e+003  9.4711976e+002
  4.8069502e+005  8.2894261e+006  1.4137280e+003  9.4473054e+002
  4.8069639e+005  8.2894679e+006  1.4128510e+003  9.8282635e+002
  4.8069791e+005  8.2895097e+006  1.4120520e+003  1.0212874e+003
  4.8069958e+005  8.2895516e+006  1.4109940e+003  9.7797605e+002
  4.8070140e+005  8.2895934e+006  1.4101250e+003  9.7564072e+002
  4.8070333e+005  8.2896352e+006  1.4089630e+003  9.7216168e+002
  4.8070535e+005  8.2896770e+006  1.4079200e+003  1.0093832e+003
  4.8070740e+005  8.2897188e+006  1.4068700e+003  9.6550299e+002
  4.8070947e+005  8.2897606e+006  1.4058470e+003  9.6202395e+002
  4.8071155e+005  8.2898024e+006  1.4046410e+003  9.9820359e+002
  4.8071362e+005  8.2898441e+006  1.4033750e+003  9.9353293e+002
  4.8071568e+005  8.2898859e+006  1.4018790e+003  9.8797605e+002
  4.8071774e+005  8.2899276e+006  1.4003370e+003  9.8223353e+002
  4.8071983e+005  8.2899694e+006  1.3984780e+003  9.7527545e+002
  4.8072193e+005  8.2900111e+006  1.3960100e+003  1.0066347e+003
  4.8072403e+005  8.2900528e+006  1.3941270e+003  9.9947904e+002
  4.8072614e+005  8.2900944e+006  1.3917320e+003  9.9070060e+002
  4.8072827e+005  8.2901361e+006  1.3900790e+003  9.8455689e+002
  4.8073043e+005  8.2901777e+006  1.3886060e+003  9.7907784e+002
  4.8073261e+005  8.2902194e+006  1.3872610e+003  9.7414371e+002
  4.8073482e+005  8.2902610e+006  1.3855270e+003  9.2753293e+002
  4.8073705e+005  8.2903026e+006  1.3839000e+003  9.2197006e+002
  4.8073930e+005  8.2903441e+006  1.3822180e+003  8.7582635e+002
  4.8074158e+005  8.2903857e+006  1.3798210e+003  8.6773653e+002
  4.8074389e+005  8.2904273e+006  1.3775340e+003  9.0041317e+002
  4.8074623e+005  8.2904688e+006  1.3753540e+003  8.9295210e+002
  4.8074861e+005  8.2905104e+006  1.3732980e+003  8.8598802e+002
  4.8075105e+005  8.2905519e+006  1.3717250e+003  8.8076048e+002
  4.8075355e+005  8.2905934e+006  1.3712810e+003  9.6037126e+002
  4.8075609e+005  8.2906349e+006  1.3712740e+003  9.6044311e+002
  4.8075868e+005  8.2906764e+006  1.3711790e+003  9.1974251e+002
  4.8076130e+005  8.2907179e+006  1.3712310e+003  9.6050299e+002
  4.8076396e+005  8.2907594e+006  1.3715620e+003  9.6168263e+002
  4.8076666e+005  8.2908009e+006  1.3716970e+003  1.0431078e+003
  4.8076939e+005  8.2908424e+006  1.3719880e+003  1.0440539e+003
  4.8077213e+005  8.2908838e+006  1.3724720e+003  1.0050659e+003
  4.8077489e+005  8.2909253e+006  1.3730920e+003  9.6648503e+002
  4.8077766e+005  8.2909668e+006  1.3741950e+003  9.7003593e+002
  4.8078041e+005  8.2910076e+006  1.3754390e+003  9.7405389e+002
  4.8078323e+005  8.2910490e+006  1.3765740e+003  9.7766467e+002
  4.8078607e+005  8.2910905e+006  1.3779570e+003  9.4155689e+002
  4.8078893e+005  8.2911319e+006  1.3795920e+003  9.4674251e+002
  4.8079179e+005  8.2911733e+006  1.3815100e+003  9.5284431e+002
  4.8079466e+005  8.2912147e+006  1.3835810e+003  9.1890419e+002
  4.8079752e+005  8.2912561e+006  1.3854470e+003  9.2468263e+002
  4.8080038e+005  8.2912975e+006  1.3872320e+003  9.3011976e+002
  4.8080319e+005  8.2913389e+006  1.3888830e+003  9.3504790e+002
  4.8080598e+005  8.2913803e+006  1.3904150e+003  9.3954491e+002
  4.8080875e+005  8.2914217e+006  1.3916310e+003  9.4294012e+002
  4.8081153e+005  8.2914630e+006  1.3933270e+003  9.4805389e+002
  4.8081429e+005  8.2915043e+006  1.3951640e+003  9.1325150e+002
  4.8081705e+005  8.2915456e+006  1.3975150e+003  9.2070060e+002
  4.8081978e+005  8.2915868e+006  1.4001090e+003  9.2903593e+002
  4.8082247e+005  8.2916281e+006  1.4031670e+003  8.9852695e+002
  4.8082510e+005  8.2916693e+006  1.4064820e+003  8.6897605e+002
  4.8082769e+005  8.2917105e+006  1.4097790e+003  8.8002395e+002
  4.8083025e+005  8.2917517e+006  1.4126490e+003  8.8980838e+002
  4.8083272e+005  8.2917929e+006  1.4149920e+003  8.1659281e+002
  4.8083512e+005  8.2918341e+006  1.4169810e+003  7.4210778e+002
  4.8083749e+005  8.2918753e+006  1.4187260e+003  7.4778443e+002
  4.8083983e+005  8.2919164e+006  1.4202290e+003  6.7177844e+002
  4.8084212e+005  8.2919575e+006  1.4217510e+003  7.1729940e+002
  4.8084436e+005  8.2919987e+006  1.4226670e+003  5.9876048e+002
  4.8087175e+005  8.2927178e+006  1.5202730e+003  3.2409581e+002
  4.8087275e+005  8.2927588e+006  1.5217360e+003  3.6970060e+002
  4.8087371e+005  8.2927999e+006  1.5223460e+003  3.7185030e+002
  4.8087465e+005  8.2928409e+006  1.5224480e+003  3.7219760e+002
  4.8087557e+005  8.2928819e+006  1.5216380e+003  4.0994611e+002
  4.8087649e+005  8.2929229e+006  1.5204170e+003  4.0584431e+002
  4.8087741e+005  8.2929639e+006  1.5191320e+003  4.4201796e+002
  4.8087833e+005  8.2930049e+006  1.5174720e+003  4.7707784e+002
  4.8087923e+005  8.2930459e+006  1.5148740e+003  4.6861078e+002
  4.8088013e+005  8.2930869e+006  1.5128220e+003  5.0249102e+002
  4.8088099e+005  8.2931280e+006  1.5106180e+003  4.9553293e+002
  4.8088184e+005  8.2931690e+006  1.5078410e+003  4.8677844e+002
  4.8088265e+005  8.2932101e+006  1.5040820e+003  4.7469461e+002
  4.8088339e+005  8.2932512e+006  1.4995070e+003  4.1933533e+002
  4.8088402e+005  8.2932923e+006  1.4931890e+003  3.9852096e+002
  4.8088447e+005  8.2933335e+006  1.4854810e+003  3.7294611e+002
  4.8160655e+005  8.2941000e+006  1.3363100e+003  4.6409581e+002
  4.8160692e+005  8.2940565e+006  1.3356620e+003  4.6140719e+002
  4.8160752e+005  8.2940130e+006  1.3317790e+003  4.0720958e+002
  4.8160835e+005  8.2939695e+006  1.3278990e+003  4.7424551e+002
  4.8160936e+005  8.2939260e+006  1.3187610e+003  4.4247904e+002
  4.8161052e+005  8.2938826e+006  1.3115100e+003  4.1704790e+002
  4.8161176e+005  8.2938391e+006  1.3170810e+003  4.3493413e+002
  4.8161310e+005  8.2937957e+006  1.3010800e+003  3.3950299e+002
  4.8161454e+005  8.2937523e+006  1.2933830e+003  3.5296407e+002
  4.8161609e+005  8.2937089e+006  1.2899700e+003  4.2142515e+002
  4.8161776e+005  8.2936655e+006  1.3005560e+003  4.5631737e+002
  4.8161949e+005  8.2936221e+006  1.2734870e+003  4.4531737e+002
  4.8162128e+005  8.2935787e+006  1.2861470e+003  5.2821557e+002
  4.8162311e+005  8.2935353e+006  1.2783470e+003  5.8280838e+002
  4.8162499e+005  8.2934919e+006  1.2755660e+003  6.1417365e+002
  4.8162692e+005  8.2934485e+006  1.2745580e+003  6.5177844e+002
  4.8162890e+005  8.2934050e+006  1.2746270e+003  6.5278443e+002
  4.8163094e+005  8.2933615e+006  1.2756540e+003  6.1668862e+002
  4.8163303e+005  8.2933180e+006  1.2777750e+003  5.8436527e+002
  4.8163517e+005  8.2932745e+006  1.2811450e+003  4.7530539e+002
  4.8163736e+005  8.2932310e+006  1.2857650e+003  3.7046108e+002
  4.8163961e+005  8.2931874e+006  1.2922500e+003  3.5285629e+002
  4.8164191e+005  8.2931438e+006  1.3002490e+003  2.9983234e+002
  4.8164422e+005  8.2931003e+006  1.3087850e+003  3.2947305e+002
  4.8164655e+005  8.2930567e+006  1.3167020e+003  2.7592814e+002
  4.8164891e+005  8.2930131e+006  1.3247630e+003  3.0366467e+002
  4.8165129e+005  8.2929695e+006  1.3313930e+003  3.2638323e+002
  4.8165368e+005  8.2929259e+006  1.3362920e+003  3.4305389e+002
  4.8165607e+005  8.2928823e+006  1.3403350e+003  3.5663473e+002
  4.8165842e+005  8.2928388e+006  1.3437430e+003  3.6795808e+002
  4.8166074e+005  8.2927952e+006  1.3468410e+003  3.7818563e+002
  4.8166299e+005  8.2927517e+006  1.3495270e+003  4.2748503e+002
  4.8166515e+005  8.2927082e+006  1.3511300e+003  5.1361078e+002
  4.8166720e+005  8.2926647e+006  1.3526000e+003  5.5885030e+002
  4.8166915e+005  8.2926212e+006  1.3530900e+003  7.2228743e+002
  4.8167099e+005  8.2925777e+006  1.3529680e+003  7.2182635e+002
  4.8167273e+005  8.2925343e+006  1.3525940e+003  7.2062874e+002
  4.8167434e+005  8.2924908e+006  1.3516790e+003  6.7713174e+002
  4.8167582e+005  8.2924474e+006  1.3507430e+003  7.1449102e+002
  4.8167717e+005  8.2924039e+006  1.3492830e+003  7.0938922e+002
  4.8167841e+005  8.2923605e+006  1.3477160e+003  7.0393413e+002
  4.8167952e+005  8.2923170e+006  1.3463120e+003  6.9910778e+002
  4.8168052e+005  8.2922736e+006  1.3444640e+003  6.9274850e+002
  4.8168139e+005  8.2922302e+006  1.3427130e+003  6.8671856e+002
  4.8168212e+005  8.2921868e+006  1.3407690e+003  6.8008982e+002
  4.8168266e+005  8.2921434e+006  1.3386110e+003  7.1314970e+002
  4.8168301e+005  8.2921000e+006  1.3366020e+003  7.0620958e+002
  4.8168314e+005  8.2920565e+006  1.3341570e+003  6.9784431e+002
  4.8168311e+005  8.2920131e+006  1.3322350e+003  7.3155689e+002
  4.8168292e+005  8.2919697e+006  1.3299490e+003  7.6392216e+002
  4.8168259e+005  8.2919263e+006  1.3278820e+003  7.5665868e+002
  4.8168209e+005  8.2918829e+006  1.3259270e+003  7.9029341e+002
  4.8168143e+005  8.2918395e+006  1.3238900e+003  7.4272455e+002
  4.8168057e+005  8.2917961e+006  1.3219670e+003  7.7671257e+002
  4.8167954e+005  8.2917527e+006  1.3201740e+003  7.7065868e+002
  4.8167836e+005  8.2917093e+006  1.3183880e+003  8.0499401e+002
  4.8167712e+005  8.2916659e+006  1.3164600e+003  7.9842515e+002
  4.8167585e+005  8.2916225e+006  1.3145880e+003  8.3241916e+002
  4.8167459e+005  8.2915790e+006  1.3127410e+003  8.2570659e+002
  4.8167338e+005  8.2915356e+006  1.3106920e+003  8.5905988e+002
  4.8167219e+005  8.2914921e+006  1.3084850e+003  8.5164072e+002
  4.8167100e+005  8.2914486e+006  1.3060170e+003  8.4342515e+002
  4.8166982e+005  8.2914051e+006  1.3031810e+003  8.3406587e+002
  4.8166865e+005  8.2913616e+006  1.3005720e+003  8.2553892e+002
  4.8166752e+005  8.2913180e+006  1.2978730e+003  7.7611377e+002
  4.8166643e+005  8.2912744e+006  1.2945300e+003  7.6506587e+002
  4.8166539e+005  8.2912308e+006  1.2915460e+003  7.5537725e+002
  4.8166434e+005  8.2911872e+006  1.2885720e+003  7.4589222e+002
  4.8166328e+005  8.2911435e+006  1.2862100e+003  6.9816766e+002
  4.8166222e+005  8.2910999e+006  1.2833250e+003  6.8931737e+002
  4.8166116e+005  8.2910562e+006  1.2816800e+003  6.8481437e+002
  4.8166013e+005  8.2910125e+006  1.2800190e+003  7.2077844e+002
  4.8165912e+005  8.2909688e+006  1.2793680e+003  7.1956886e+002
  4.8165814e+005  8.2909250e+006  1.2789490e+003  7.5938922e+002
  4.8165718e+005  8.2908812e+006  1.2805970e+003  8.0597006e+002
  4.8165625e+005  8.2908375e+006  1.2828430e+003  8.9489820e+002
  4.8165544e+005  8.2907937e+006  1.2853140e+003  8.6305988e+002
  4.8165474e+005  8.2907499e+006  1.2872640e+003  8.2935329e+002
  4.8165413e+005  8.2907061e+006  1.2884780e+003  8.3323952e+002
  4.8165358e+005  8.2906622e+006  1.2898470e+003  8.3744311e+002
  4.8165309e+005  8.2906184e+006  1.2910870e+003  8.4109581e+002
  4.8165268e+005  8.2905745e+006  1.2916350e+003  8.4247904e+002
  4.8165237e+005  8.2905307e+006  1.2918510e+003  8.4266467e+002
  4.8165214e+005  8.2904868e+006  1.2915160e+003  8.8121557e+002
  4.8165195e+005  8.2904429e+006  1.2913130e+003  8.3910778e+002
  4.8165179e+005  8.2903991e+006  1.2902630e+003  8.3462275e+002
  4.8165166e+005  8.2903552e+006  1.2896560e+003  8.3198802e+002
  4.8165154e+005  8.2903113e+006  1.2883930e+003  8.6759281e+002
  4.8165142e+005  8.2902674e+006  1.2869720e+003  9.0256886e+002
  4.8165130e+005  8.2902235e+006  1.2851350e+003  8.9546108e+002
  4.8165118e+005  8.2901797e+006  1.2832120e+003  9.6905988e+002
  4.8165107e+005  8.2901359e+006  1.2818180e+003  9.2314371e+002
  4.8165095e+005  8.2900921e+006  1.2793570e+003  8.3319162e+002
  4.8165084e+005  8.2900483e+006  1.2771080e+003  8.2492216e+002
  4.8165074e+005  8.2900045e+006  1.2765570e+003  7.4140120e+002
  4.8165067e+005  8.2899608e+006  1.2815000e+003  7.9792814e+002
  4.8165061e+005  8.2899170e+006  1.2918440e+003  4.2750299e+002
  4.8165058e+005  8.2898732e+006  1.3000560e+003  4.5475449e+002
  4.8165058e+005  8.2898295e+006  1.3051500e+003  5.9316766e+002
  4.8165060e+005  8.2897857e+006  1.3076070e+003  6.8247305e+002
  4.8165057e+005  8.2897419e+006  1.3086150e+003  6.8626347e+002
  4.8165045e+005  8.2896981e+006  1.3089850e+003  7.2866467e+002
  4.8165022e+005  8.2896543e+006  1.3101560e+003  7.3354491e+002
  4.8164987e+005  8.2896105e+006  1.3107910e+003  7.7734132e+002
  4.8164937e+005  8.2895667e+006  1.3108250e+003  8.5959880e+002
  4.8164871e+005  8.2895228e+006  1.3111530e+003  8.6175449e+002
  4.8164788e+005  8.2894790e+006  1.3117990e+003  9.0523353e+002
  4.8164687e+005  8.2894351e+006  1.3126720e+003  9.4928144e+002
  4.8164568e+005  8.2893913e+006  1.3131360e+003  9.9176048e+002
  4.8164436e+005  8.2893475e+006  1.3140540e+003  9.9523952e+002
  4.8164290e+005  8.2893037e+006  1.3147670e+003  1.0384671e+003
  4.8164130e+005  8.2892599e+006  1.3152680e+003  9.9995210e+002
  4.8163955e+005  8.2892161e+006  1.3159370e+003  1.0024910e+003
  4.8163766e+005  8.2891722e+006  1.3164090e+003  9.2341317e+002
  4.8163564e+005  8.2891285e+006  1.3175270e+003  8.0592216e+002
  4.8163349e+005  8.2890847e+006  1.3200500e+003  6.9309581e+002
  4.8163122e+005  8.2890409e+006  1.3253920e+003  6.3020958e+002
  4.8162882e+005  8.2889971e+006  1.3317180e+003  6.9228144e+002
  4.8162634e+005  8.2889533e+006  1.3371080e+003  6.7032934e+002
  4.8162380e+005  8.2889095e+006  1.3429740e+003  7.3096407e+002
  4.8162123e+005  8.2888657e+006  1.3480780e+003  7.4854491e+002
  4.8161863e+005  8.2888219e+006  1.3525220e+003  8.0441916e+002
  4.8161602e+005  8.2887781e+006  1.3574920e+003  8.6223353e+002
  4.8161341e+005  8.2887343e+006  1.3612930e+003  9.1585629e+002
  4.8161080e+005  8.2886904e+006  1.3646930e+003  9.6782635e+002
  4.8159757e+005  8.2871109e+006  1.3597170e+003  1.0749341e+003
  4.8159977e+005  8.2870670e+006  1.3573900e+003  1.1478743e+003
  4.8160194e+005  8.2870230e+006  1.3581780e+003  1.2313892e+003
  4.8160410e+005  8.2869791e+006  1.3550220e+003  1.2207305e+003
  4.8160624e+005  8.2869353e+006  1.3550540e+003  1.3829641e+003
  4.8160838e+005  8.2868914e+006  1.3552660e+003  1.3840180e+003
  4.8161053e+005  8.2868475e+006  1.3547130e+003  1.3825749e+003
  4.8167055e+005  8.2830804e+006  1.4602750e+003  6.4766467e+002
  4.8167807e+005  8.2830370e+006  1.4607180e+003  6.8814371e+002
  4.8168626e+005  8.2829938e+006  1.4612190e+003  7.2862275e+002
  4.8169509e+005  8.2829507e+006  1.4497700e+003  7.6910180e+002
  4.8170440e+005  8.2829078e+006  1.4502790e+003  8.5005988e+002
  4.8171416e+005  8.2828650e+006  1.4506990e+003  9.3101796e+002
  4.8172432e+005  8.2828223e+006  1.4509560e+003  9.3101796e+002
  4.8173479e+005  8.2827797e+006  1.4390610e+003  9.3101796e+002
  4.8174555e+005  8.2827373e+006  1.4390050e+003  9.7149701e+002
  4.8175658e+005  8.2826948e+006  1.4388080e+003  9.7149701e+002
  4.8176784e+005  8.2826525e+006  1.4265510e+003  9.3101796e+002
  4.8177929e+005  8.2826102e+006  1.4262420e+003  1.0119760e+003
  4.8179092e+005  8.2825679e+006  1.4259210e+003  1.0119760e+003
  4.8180269e+005  8.2825255e+006  1.4256200e+003  1.0524551e+003
  4.8181456e+005  8.2824832e+006  1.4253570e+003  1.0929341e+003
  4.8192838e+005  8.2820808e+006  1.3763030e+003  8.5005988e+002
  4.8194017e+005  8.2820383e+006  1.3761750e+003  8.5005988e+002
  4.8195190e+005  8.2819958e+006  1.3760710e+003  8.9053892e+002
  4.8196356e+005  8.2819533e+006  1.3760020e+003  9.3101796e+002
  4.8197511e+005  8.2819108e+006  1.3639900e+003  8.9053892e+002
  4.8198655e+005  8.2818682e+006  1.3640280e+003  9.7149701e+002
  4.8199786e+005  8.2818257e+006  1.3641360e+003  1.0119760e+003
  4.8200907e+005  8.2817831e+006  1.3522820e+003  1.0119760e+003
  4.8202019e+005  8.2817405e+006  1.3524270e+003  1.0929341e+003
  4.8203121e+005  8.2816979e+006  1.3525390e+003  1.1334132e+003
  4.8204214e+005  8.2816553e+006  1.3526150e+003  1.1334132e+003
  4.8205297e+005  8.2816126e+006  1.3526530e+003  1.1738922e+003
  4.8206369e+005  8.2815700e+006  1.3406630e+003  1.1738922e+003
  4.8207430e+005  8.2815274e+006  1.3406500e+003  1.2143713e+003
  4.8208478e+005  8.2814847e+006  1.3406350e+003  1.2548503e+003
  4.8209512e+005  8.2814420e+006  1.3406420e+003  1.2953293e+003
  4.8210532e+005  8.2813992e+006  1.3406760e+003  1.2953293e+003
  4.8211536e+005  8.2813565e+006  1.3407420e+003  1.3358084e+003
  4.8212527e+005  8.2813136e+006  1.3287670e+003  1.2548503e+003
  4.8213505e+005  8.2812708e+006  1.3287430e+003  1.2143713e+003
  4.8214470e+005  8.2812279e+006  1.3286880e+003  1.1738922e+003
  4.8215426e+005  8.2811850e+006  1.3285810e+003  1.1334132e+003
  4.8216375e+005  8.2811422e+006  1.3284240e+003  1.0929341e+003
  4.8217319e+005  8.2810993e+006  1.3282050e+003  1.0524551e+003
  4.8218262e+005  8.2810564e+006  1.3280240e+003  1.0524551e+003
  4.8219205e+005  8.2810135e+006  1.3279050e+003  9.3101796e+002
  4.8220152e+005  8.2809706e+006  1.3278430e+003  8.9053892e+002
  4.8221104e+005  8.2809277e+006  1.3158530e+003  6.8814371e+002
  4.8222062e+005  8.2808849e+006  1.3159200e+003  5.6670659e+002
  4.8223029e+005  8.2808420e+006  1.3160120e+003  5.2622754e+002
  4.8224005e+005  8.2807992e+006  1.3160720e+003  4.8574850e+002
  4.8224993e+005  8.2807564e+006  1.3160430e+003  4.4526946e+002
  4.8225991e+005  8.2807137e+006  1.3159520e+003  4.4526946e+002
  4.8519635e+005  8.2774838e+006  1.3393870e+003  3.2383234e+002
  4.8522705e+005  8.2774549e+006  1.3395050e+003  3.2383234e+002
  4.8525779e+005  8.2774260e+006  1.3396470e+003  3.6431138e+002
  4.8528856e+005  8.2773971e+006  1.3517560e+003  4.4526946e+002
  4.8531936e+005  8.2773683e+006  1.3398190e+003  4.0479042e+002
  4.8535019e+005  8.2773395e+006  1.3517910e+003  4.4526946e+002
  4.8538106e+005  8.2773108e+006  1.3397310e+003  4.0479042e+002
  4.8541198e+005  8.2772821e+006  1.3396670e+003  4.4526946e+002
  4.8544294e+005  8.2772534e+006  1.3396470e+003  4.4526946e+002
  4.8547391e+005  8.2772248e+006  1.3395190e+003  4.8574850e+002
  4.8550490e+005  8.2771961e+006  1.3393140e+003  4.8574850e+002
  4.8553591e+005  8.2771675e+006  1.3390540e+003  4.8574850e+002
  4.8556696e+005  8.2771390e+006  1.3388070e+003  4.8574850e+002
  4.8559804e+005  8.2771104e+006  1.3265810e+003  4.0479042e+002
  4.8562917e+005  8.2770819e+006  1.3263460e+003  4.0479042e+002
  4.8566030e+005  8.2770534e+006  1.3261410e+003  4.0479042e+002
  4.8569144e+005  8.2770249e+006  1.3259740e+003  4.0479042e+002
  4.8572259e+005  8.2769963e+006  1.3138590e+003  3.6431138e+002
  4.8575374e+005  8.2769678e+006  1.3137380e+003  3.6431138e+002
  4.8578493e+005  8.2769393e+006  1.3136000e+003  3.6431138e+002
  4.8581613e+005  8.2769109e+006  1.3014970e+003  3.2383234e+002
  4.8584733e+005  8.2768825e+006  1.3014110e+003  3.2383234e+002
  4.8587851e+005  8.2768541e+006  1.2893630e+003  3.2383234e+002
  4.8590966e+005  8.2768257e+006  1.2893190e+003  3.2383234e+002
  4.8594078e+005  8.2767973e+006  1.2772950e+003  2.8335329e+002
  4.8597188e+005  8.2767689e+006  1.2772690e+003  3.2383234e+002
  4.8600295e+005  8.2767406e+006  1.2652490e+003  2.8335329e+002
  4.8603399e+005  8.2767123e+006  1.2652050e+003  2.8335329e+002
  4.8606501e+005  8.2766840e+006  1.2531140e+003  2.4287425e+002
  4.8609602e+005  8.2766557e+006  1.2529860e+003  2.4287425e+002
  4.8612701e+005  8.2766275e+006  1.2408410e+003  2.0239521e+002
  4.8615749e+005  8.2765997e+006  1.2406580e+003  2.4287425e+002
  4.8618844e+005  8.2765715e+006  1.2284510e+003  2.0239521e+002
  4.8385977e+005  8.2803975e+006  1.2113300e+003  2.4287425e+002
  4.8384957e+005  8.2804398e+006  1.2113120e+003  2.4287425e+002
  4.8383960e+005  8.2804821e+006  1.2232980e+003  3.2383234e+002
  4.8382982e+005  8.2805245e+006  1.2232620e+003  3.2383234e+002
  4.8382025e+005  8.2805670e+006  1.2351900e+003  3.6431138e+002
  4.8381087e+005  8.2806094e+006  1.2351230e+003  3.6431138e+002
  4.8380170e+005  8.2806520e+006  1.2469990e+003  4.0479042e+002
  4.8379276e+005  8.2806945e+006  1.2468240e+003  4.4526946e+002
  4.8378403e+005  8.2807371e+006  1.2466130e+003  4.4526946e+002
  4.8377548e+005  8.2807798e+006  1.2583560e+003  4.8574850e+002
  4.8376704e+005  8.2808225e+006  1.2580740e+003  4.8574850e+002
  4.8375871e+005  8.2808652e+006  1.2697770e+003  5.2622754e+002
  4.8375044e+005  8.2809079e+006  1.2694900e+003  5.6670659e+002
  4.8374222e+005  8.2809506e+006  1.2692160e+003  6.0718563e+002
  4.8373398e+005  8.2809934e+006  1.2809720e+003  6.4766467e+002
  4.8372570e+005  8.2810362e+006  1.2807880e+003  6.4766467e+002
  4.8371736e+005  8.2810789e+006  1.2926640e+003  7.2862275e+002
  4.8370895e+005  8.2811217e+006  1.2926220e+003  7.2862275e+002
  4.8370046e+005  8.2811645e+006  1.2926500e+003  7.2862275e+002
  4.8369189e+005  8.2812072e+006  1.3047270e+003  7.6910180e+002
  4.8368320e+005  8.2812500e+006  1.3048070e+003  7.2862275e+002
  4.8367439e+005  8.2812926e+006  1.3048580e+003  7.2862275e+002
  4.8366540e+005  8.2813353e+006  1.3168670e+003  7.2862275e+002
  4.8365619e+005  8.2813779e+006  1.3168750e+003  7.2862275e+002
  4.8364671e+005  8.2814203e+006  1.3168900e+003  7.2862275e+002
  4.8363690e+005  8.2814627e+006  1.3289170e+003  7.6910180e+002
  4.8362670e+005  8.2815050e+006  1.3289850e+003  7.6910180e+002
  4.8361610e+005  8.2815471e+006  1.3291010e+003  8.0958084e+002
  4.8360504e+005  8.2815891e+006  1.3292870e+003  7.6910180e+002
  4.8359352e+005  8.2816309e+006  1.3415380e+003  8.0958084e+002
  4.8358151e+005  8.2816726e+006  1.3418800e+003  8.0958084e+002
  4.8356907e+005  8.2817140e+006  1.3422560e+003  7.6910180e+002
  4.8355621e+005  8.2817553e+006  1.3426490e+003  7.6910180e+002
  4.8354300e+005  8.2817965e+006  1.3430310e+003  7.6910180e+002
  4.8352950e+005  8.2818375e+006  1.3553810e+003  8.0958084e+002
  4.8351574e+005  8.2818784e+006  1.3557050e+003  7.6910180e+002
  4.8350185e+005  8.2819192e+006  1.3559670e+003  8.0958084e+002
  4.8921355e+005  8.2809328e+006  6.1388000e+002  3.7670000e+002
  4.8920301e+005  8.2809491e+006  6.1753000e+002  4.0303000e+002
  4.8919272e+005  8.2809659e+006  6.2116000e+002  4.1918000e+002
  4.8918299e+005  8.2809831e+006  6.2463000e+002  4.3799000e+002
  4.8917258e+005  8.2809991e+006  6.2791000e+002  4.5960000e+002
  4.8916128e+005  8.2810153e+006  6.3116000e+002  4.8323000e+002
  4.8914964e+005  8.2810314e+006  6.3428000e+002  5.0684000e+002
  4.8913838e+005  8.2810481e+006  6.3733000e+002  5.2627000e+002
  4.8912808e+005  8.2810650e+006  6.4020000e+002  5.4132000e+002
  4.8911908e+005  8.2810824e+006  6.4290000e+002  5.5003000e+002
  4.8910970e+005  8.2811003e+006  6.4554000e+002  5.5175000e+002
  4.8909977e+005  8.2811172e+006  6.4804000e+002  5.5701000e+002
  4.8908857e+005  8.2811335e+006  6.5041000e+002  5.7046000e+002
  4.8907740e+005  8.2811500e+006  6.5271000e+002  5.8455000e+002
  4.8906773e+005  8.2811670e+006  6.5490000e+002  5.9531000e+002
  4.8905936e+005  8.2811852e+006  6.5698000e+002  6.0021000e+002
  4.8905141e+005  8.2812036e+006  6.5899000e+002  6.0604000e+002
  4.8904359e+005  8.2812211e+006  6.6086000e+002  6.1654000e+002
  4.8903433e+005  8.2812399e+006  6.6281000e+002  6.1605000e+002
  4.8902506e+005  8.2812571e+006  6.6459000e+002  6.1486000e+002
  4.8901528e+005  8.2812747e+006  6.6637000e+002  6.2105000e+002
  4.8900567e+005  8.2812919e+006  6.6806000e+002  6.3059000e+002
  4.8899673e+005  8.2813101e+006  6.6974000e+002  6.3740000e+002
  4.8898788e+005  8.2813274e+006  6.7129000e+002  6.3926000e+002
  4.8897894e+005  8.2813450e+006  6.7284000e+002  6.4707000e+002
  4.8897038e+005  8.2813627e+006  6.7437000e+002  6.5981000e+002
  4.8896222e+005  8.2813814e+006  6.7587000e+002  6.7891000e+002
  4.8895452e+005  8.2813996e+006  6.7731000e+002  6.9417000e+002
  4.8894703e+005  8.2814182e+006  6.7877000e+002  6.9496000e+002
  4.8894012e+005  8.2814370e+006  6.8016000e+002  6.9677000e+002
  4.8893301e+005  8.2814558e+006  6.8155000e+002  7.0088000e+002
  4.8892566e+005  8.2814736e+006  6.8290000e+002  7.0087000e+002
  4.8891712e+005  8.2814925e+006  6.8434000e+002  6.9942000e+002
  4.8890872e+005  8.2815100e+006  6.8565000e+002  7.0339000e+002
  4.8889986e+005  8.2815288e+006  6.8708000e+002  7.0913000e+002
  4.8889319e+005  8.2815470e+006  6.8838000e+002  7.1420000e+002
  4.8888756e+005  8.2815662e+006  6.8968000e+002  7.1740000e+002
  4.8888228e+005  8.2815858e+006  6.9099000e+002  7.2097000e+002
  4.8887757e+005  8.2816045e+006  6.9222000e+002  7.2719000e+002
  4.8887194e+005  8.2816243e+006  6.9354000e+002  7.3117000e+002
  4.8886615e+005  8.2816426e+006  6.9476000e+002  7.3668000e+002
  4.8885942e+005  8.2816618e+006  6.9605000e+002  7.4117000e+002
  4.8885315e+005  8.2816802e+006  6.9728000e+002  7.4338000e+002
  4.8884710e+005  8.2816997e+006  6.9856000e+002  7.4546000e+002
  4.8884193e+005  8.2817186e+006  6.9976000e+002  7.4923000e+002
  4.8883720e+005  8.2817384e+006  7.0098000e+002  7.5348000e+002
  4.8883071e+005  8.2817579e+006  7.0225000e+002  7.5561000e+002
  4.8882518e+005  8.2817761e+006  7.0343000e+002  7.5735000e+002
  4.8881569e+005  8.2817937e+006  7.0475000e+002  7.5957000e+002
  4.8880456e+005  8.2818102e+006  7.0607000e+002  7.6251000e+002
  4.8879276e+005  8.2818263e+006  7.0742000e+002  7.6750000e+002
  4.8878068e+005  8.2818422e+006  7.0875000e+002  7.7294000e+002
  4.8876890e+005  8.2818583e+006  7.1011000e+002  7.7720000e+002
  4.8875945e+005  8.2818757e+006  7.1144000e+002  7.7880000e+002
  4.8875026e+005  8.2818934e+006  7.1281000e+002  7.8094000e+002
  4.8874104e+005  8.2819110e+006  7.1419000e+002  7.8489000e+002
  4.8873100e+005  8.2819292e+006  7.1565000e+002  7.8847000e+002
  4.8872048e+005  8.2819461e+006  7.1709000e+002  7.9160000e+002
  4.8870956e+005  8.2819628e+006  7.1854000e+002  7.9552000e+002
  4.8869885e+005  8.2819793e+006  7.2001000e+002  8.0053000e+002
  4.8868744e+005  8.2819956e+006  7.2150000e+002  8.0515000e+002
  4.8867638e+005  8.2820121e+006  7.2303000e+002  8.0999000e+002
  4.8866552e+005  8.2820288e+006  7.2460000e+002  8.1560000e+002
  4.8865533e+005  8.2820458e+006  7.2618000e+002  8.2104000e+002
  4.8864492e+005  8.2820627e+006  7.2781000e+002  8.2519000e+002
  4.8863543e+005  8.2820802e+006  7.2945000e+002  8.2755000e+002
  4.8862570e+005  8.2820976e+006  7.3112000e+002  8.2682000e+002
  4.8861642e+005  8.2821152e+006  7.3280000e+002  8.2478000e+002
  4.8860726e+005  8.2821328e+006  7.3448000e+002  8.2278000e+002
  4.8859786e+005  8.2821503e+006  7.3617000e+002  8.2155000e+002
  4.8858894e+005  8.2821680e+006  7.3784000e+002  8.2302000e+002
  4.8858067e+005  8.2821872e+006  7.3957000e+002  8.2655000e+002
  4.8857212e+005  8.2822052e+006  7.4122000e+002  8.2989000e+002
  4.8856308e+005  8.2822218e+006  7.4277000e+002  8.3690000e+002
  4.8855193e+005  8.2822395e+006  7.4447000e+002  8.4663000e+002
  4.8854147e+005  8.2822554e+006  7.4601000e+002  8.5743000e+002
  4.8853109e+005  8.2822724e+006  7.4758000e+002  8.6808000e+002
  4.8852149e+005  8.2822898e+006  7.4911000e+002  8.7898000e+002
  4.8851124e+005  8.2823080e+006  7.5069000e+002  8.8889000e+002
  4.8850120e+005  8.2823251e+006  7.5217000e+002  8.9874000e+002
  4.8849117e+005  8.2823422e+006  7.5363000e+002  9.0843000e+002
  4.8848066e+005  8.2823592e+006  7.5506000e+002  9.1579000e+002
  4.8846987e+005  8.2823759e+006  7.5649000e+002  9.1937000e+002
  4.8845897e+005  8.2823926e+006  7.5787000e+002  9.2324000e+002
  4.8844742e+005  8.2824088e+006  7.5924000e+002  9.3082000e+002
  4.8843528e+005  8.2824245e+006  7.6057000e+002  9.3829000e+002
  4.8842328e+005  8.2824404e+006  7.6190000e+002  9.4426000e+002
  4.8841096e+005  8.2824561e+006  7.6319000e+002  9.5023000e+002
  4.8839828e+005  8.2824714e+006  7.6446000e+002  9.5659000e+002
  4.8838631e+005  8.2824872e+006  7.6572000e+002  9.6302000e+002
  4.8837431e+005  8.2825032e+006  7.6698000e+002  9.6797000e+002
  4.8836191e+005  8.2825187e+006  7.6821000e+002  9.7197000e+002
  4.8834908e+005  8.2825339e+006  7.6943000e+002  9.7536000e+002
  4.8833567e+005  8.2825487e+006  7.7063000e+002  9.7854000e+002
  4.8832196e+005  8.2825632e+006  7.7183000e+002  9.8308000e+002
  4.8830843e+005  8.2825778e+006  7.7302000e+002  9.8740000e+002
  4.8829479e+005  8.2825923e+006  7.7422000e+002  9.9073000e+002
  4.8828077e+005  8.2826064e+006  7.7542000e+002  9.9404000e+002
  4.8826676e+005  8.2826204e+006  7.7663000e+002  9.9727000e+002
  4.8825054e+005  8.2826319e+006  7.7776000e+002  1.0033800e+003
  4.8823397e+005  8.2826430e+006  7.7890000e+002  1.0136800e+003
  4.8821768e+005  8.2826545e+006  7.8008000e+002  1.0247100e+003
  4.8820124e+005  8.2826658e+006  7.8130000e+002  1.0341200e+003
  4.8818415e+005  8.2826776e+006  7.8260000e+002  1.0351000e+003
  4.8816807e+005  8.2826893e+006  7.8389000e+002  1.0370400e+003
  4.8815288e+005  8.2827023e+006  7.8528000e+002  1.0479600e+003
  4.8813868e+005  8.2827162e+006  7.8671000e+002  1.0573200e+003
  4.8812397e+005  8.2827296e+006  7.8816000e+002  1.0642400e+003
  4.8810817e+005  8.2827418e+006  7.8960000e+002  1.0707800e+003
  4.8809193e+005  8.2827533e+006  7.9104000e+002  1.0774600e+003
  4.8807579e+005  8.2827650e+006  7.9252000e+002  1.0862700e+003
  4.8805931e+005  8.2827763e+006  7.9402000e+002  1.0975200e+003
  4.8804264e+005  8.2827872e+006  7.9552000e+002  1.1122800e+003
  4.8802646e+005  8.2827987e+006  7.9708000e+002  1.1227400e+003
  4.8801084e+005  8.2828111e+006  7.9867000e+002  1.1362200e+003
  4.8799489e+005  8.2828216e+006  8.0019000e+002  1.1445100e+003
  4.8797745e+005  8.2828319e+006  8.0178000e+002  1.1566800e+003
  4.8795991e+005  8.2828410e+006  8.0332000e+002  1.1608800e+003
  4.8794245e+005  8.2828496e+006  8.0485000e+002  1.1689200e+003
  4.8792513e+005  8.2828587e+006  8.0640000e+002  1.1714800e+003
  4.8790685e+005  8.2828688e+006  8.0809000e+002  1.1653800e+003
  4.8788974e+005  8.2828784e+006  8.0969000e+002  1.1627500e+003
  4.8787266e+005  8.2828879e+006  8.1127000e+002  1.1651200e+003
  4.8785479e+005  8.2828979e+006  8.1294000e+002  1.1741200e+003
  4.8783729e+005  8.2829076e+006  8.1454000e+002  1.1882500e+003
  4.8782016e+005  8.2829171e+006  8.1611000e+002  1.1972500e+003
  4.8780297e+005  8.2829263e+006  8.1765000e+002  1.1999600e+003
  4.8778525e+005  8.2829361e+006  8.1921000e+002  1.2020600e+003
  4.8776796e+005  8.2829460e+006  8.2075000e+002  1.2050500e+003
  4.8775116e+005  8.2829565e+006  8.2223000e+002  1.2094700e+003
  4.8773461e+005  8.2829679e+006  8.2371000e+002  1.2162700e+003
  4.8771832e+005  8.2829796e+006  8.2516000e+002  1.2247000e+003
  4.8770236e+005  8.2829913e+006  8.2651000e+002  1.2325000e+003
  4.8768599e+005  8.2830030e+006  8.2786000e+002  1.2373300e+003
  4.8766920e+005  8.2830140e+006  8.2913000e+002  1.2400500e+003
  4.8765255e+005  8.2830246e+006  8.3033000e+002  1.2435400e+003
  4.8763589e+005  8.2830358e+006  8.3150000e+002  1.2495000e+003
  4.8761959e+005  8.2830472e+006  8.3261000e+002  1.2558900e+003
  4.8760338e+005  8.2830584e+006  8.3365000e+002  1.2602000e+003
  4.8758620e+005  8.2830693e+006  8.3467000e+002  1.2626900e+003
  4.8756902e+005  8.2830793e+006  8.3562000e+002  1.2662200e+003
  4.8755220e+005  8.2830893e+006  8.3649000e+002  1.2728300e+003
  4.8753446e+005  8.2830996e+006  8.3738000e+002  1.2802100e+003
  4.8751762e+005  8.2831092e+006  8.3818000e+002  1.2884600e+003
  4.8750039e+005  8.2831195e+006  8.3897000e+002  1.2960800e+003
  4.8748307e+005  8.2831307e+006  8.3977000e+002  1.3033700e+003
  4.8746727e+005  8.2831415e+006  8.4052000e+002  1.3126600e+003
  4.8745078e+005  8.2831528e+006  8.4129000e+002  1.3193000e+003
  4.8743362e+005  8.2831636e+006  8.4205000e+002  1.3220600e+003
  4.8741670e+005  8.2831745e+006  8.4283000e+002  1.3273100e+003
  4.8740041e+005  8.2831850e+006  8.4357000e+002  1.3328300e+003
  4.8738321e+005  8.2831965e+006  8.4441000e+002  1.3366300e+003
  4.8736704e+005  8.2832078e+006  8.4524000e+002  1.3419500e+003
  4.8735101e+005  8.2832193e+006  8.4610000e+002  1.3503000e+003
  4.8733445e+005  8.2832311e+006  8.4704000e+002  1.3574400e+003
  4.8731800e+005  8.2832418e+006  8.4795000e+002  1.3622700e+003
  4.8730148e+005  8.2832525e+006  8.4891000e+002  1.3664600e+003
  4.8728432e+005  8.2832643e+006  8.4998000e+002  1.3702300e+003
  4.8726812e+005  8.2832761e+006  8.5108000e+002  1.3757000e+003
  4.8725192e+005  8.2832879e+006  8.5222000e+002  1.3789400e+003
  4.8723565e+005  8.2832994e+006  8.5340000e+002  1.3822900e+003
  4.8721973e+005  8.2833097e+006  8.5452000e+002  1.3915400e+003
  4.8720291e+005  8.2833209e+006  8.5578000e+002  1.4002300e+003
  4.8718646e+005  8.2833321e+006  8.5705000e+002  1.4048200e+003
  4.8716968e+005  8.2833433e+006  8.5836000e+002  1.4092200e+003
  4.8715246e+005  8.2833540e+006  8.5970000e+002  1.4178300e+003
  4.8713488e+005  8.2833637e+006  8.6101000e+002  1.4268000e+003
  4.8711709e+005  8.2833722e+006  8.6229000e+002  1.4324900e+003
  4.8709891e+005  8.2833801e+006  8.6359000e+002  1.4358700e+003
  4.8708071e+005  8.2833891e+006  8.6495000e+002  1.4388700e+003
  4.8706391e+005  8.2833985e+006  8.6627000e+002  1.4451500e+003
  4.8704661e+005  8.2834083e+006  8.6764000e+002  1.4535500e+003
  4.8702861e+005  8.2834179e+006  8.6903000e+002  1.4604300e+003
  4.8701132e+005  8.2834266e+006  8.7033000e+002  1.4648100e+003
  4.8699339e+005  8.2834354e+006  8.7166000e+002  1.4677400e+003
  4.8697525e+005  8.2834449e+006  8.7302000e+002  1.4714500e+003
  4.8695841e+005  8.2834545e+006  8.7430000e+002  1.4782500e+003
  4.8694053e+005  8.2834651e+006  8.7565000e+002  1.4879800e+003
  4.8692354e+005  8.2834756e+006  8.7693000e+002  1.4988500e+003
  4.8690651e+005  8.2834857e+006  8.7817000e+002  1.5083100e+003
  4.8688905e+005  8.2834938e+006  8.7936000e+002  1.5199000e+003
  4.8687010e+005  8.2835011e+006  8.8060000e+002  1.5341800e+003
  4.8685172e+005  8.2835080e+006  8.8177000e+002  1.5473800e+003
  4.8683259e+005  8.2835159e+006  8.8301000e+002  1.5528800e+003
  4.8681512e+005  8.2835240e+006  8.8416000e+002  1.5554800e+003
  4.8679719e+005  8.2835334e+006  8.8536000e+002  1.5618100e+003
  4.8677981e+005  8.2835428e+006  8.8652000e+002  1.5726900e+003
  4.8676180e+005  8.2835524e+006  8.8772000e+002  1.5842700e+003
  4.8674440e+005  8.2835606e+006  8.8884000e+002  1.5956500e+003
  4.8672581e+005  8.2835687e+006  8.9002000e+002  1.6043400e+003
  4.8670729e+005  8.2835774e+006  8.9120000e+002  1.6074300e+003
  4.8669070e+005  8.2835871e+006  8.9229000e+002  1.6056300e+003
  4.8667271e+005  8.2835958e+006  8.9343000e+002  1.6057800e+003
  4.8665508e+005  8.2836053e+006  8.9455000e+002  1.6104300e+003
  4.8663769e+005  8.2836149e+006  8.9565000e+002  1.6190700e+003
  4.8661956e+005  8.2836240e+006  8.9677000e+002  1.6264100e+003
  4.8660100e+005  8.2836312e+006  8.9785000e+002  1.6301700e+003
  4.8658220e+005  8.2836379e+006  8.9891000e+002  1.6347600e+003
  4.8656339e+005  8.2836450e+006  8.9997000e+002  1.6403000e+003
  4.8654493e+005  8.2836515e+006  9.0098000e+002  1.6431900e+003
  4.8652576e+005  8.2836579e+006  9.0200000e+002  1.6450300e+003
  4.8650643e+005  8.2836646e+006  9.0301000e+002  1.6517000e+003
  4.8648871e+005  8.2836715e+006  9.0394000e+002  1.6653100e+003
  4.8646988e+005  8.2836795e+006  9.0492000e+002  1.6760000e+003
  4.8645167e+005  8.2836872e+006  9.0583000e+002  1.6851100e+003
  4.8643265e+005  8.2836950e+006  9.0677000e+002  1.6976700e+003
  4.8641480e+005  8.2837029e+006  9.0764000e+002  1.7167900e+003
  4.8639757e+005  8.2837126e+006  9.0848000e+002  1.7205000e+003
  4.8638092e+005  8.2837225e+006  9.0929000e+002  1.7179900e+003
  4.8636324e+005  8.2837332e+006  9.1013000e+002  1.7190400e+003
  4.8634686e+005  8.2837446e+006  9.1091000e+002  1.7231800e+003
  4.8633080e+005  8.2837562e+006  9.1166000e+002  1.7317700e+003
  4.8631461e+005  8.2837677e+006  9.1240000e+002  1.7441100e+003
  4.8629825e+005  8.2837792e+006  9.1313000e+002  1.7498900e+003
  4.8628142e+005  8.2837911e+006  9.1385000e+002  1.7489900e+003
  4.8626582e+005  8.2838023e+006  9.1453000e+002  1.7476400e+003
  4.8624902e+005  8.2838144e+006  9.1522000e+002  1.7503700e+003
  4.8623329e+005  8.2838261e+006  9.1586000e+002  1.7586100e+003
  4.8621816e+005  8.2838381e+006  9.1647000e+002  1.7707000e+003
  4.8620165e+005  8.2838509e+006  9.1712000e+002  1.7818000e+003
  4.8618603e+005  8.2838629e+006  9.1771000e+002  1.7882600e+003
  4.8617005e+005  8.2838744e+006  9.1831000e+002  1.7910500e+003
  4.8615270e+005  8.2838857e+006  9.1894000e+002  1.7945300e+003
  4.8613627e+005  8.2838956e+006  9.1953000e+002  1.8016300e+003
  4.8611884e+005  8.2839065e+006  9.2015000e+002  1.8076000e+003
  4.8610238e+005  8.2839174e+006  9.2072000e+002  1.8099900e+003
  4.8608589e+005  8.2839291e+006  9.2130000e+002  1.8172900e+003
  4.8607010e+005  8.2839404e+006  9.2184000e+002  1.8180500e+003
  4.8605277e+005  8.2839509e+006  9.2244000e+002  1.8121600e+003
  4.8603473e+005  8.2839594e+006  9.2307000e+002  1.8085000e+003
  4.8601730e+005  8.2839680e+006  9.2368000e+002  1.8093100e+003
  4.8599984e+005  8.2839787e+006  9.2430000e+002  1.8140400e+003
  4.8598360e+005  8.2839892e+006  9.2488000e+002  1.8181000e+003
  4.8596615e+005  8.2840003e+006  9.2553000e+002  1.8223000e+003
  4.8594983e+005  8.2840111e+006  9.2614000e+002  1.8281800e+003
  4.8593324e+005  8.2840214e+006  9.2677000e+002  1.8301900e+003
  4.8591517e+005  8.2840313e+006  9.2748000e+002  1.8280300e+003
  4.8589794e+005  8.2840412e+006  9.2817000e+002  1.8232500e+003
  4.8588141e+005  8.2840518e+006  9.2886000e+002  1.8181800e+003
  4.8586495e+005  8.2840631e+006  9.2958000e+002  1.8142300e+003
  4.8584893e+005  8.2840752e+006  9.3031000e+002  1.8111100e+003
  4.8583337e+005  8.2840872e+006  9.3106000e+002  1.8109700e+003
  4.8581717e+005  8.2840999e+006  9.3187000e+002  1.8101800e+003
  4.8580158e+005  8.2841126e+006  9.3269000e+002  1.8049400e+003
  4.8578621e+005  8.2841243e+006  9.3352000e+002  1.7998600e+003
  4.8576997e+005  8.2841360e+006  9.3442000e+002  1.7959700e+003
  4.8575347e+005  8.2841479e+006  9.3537000e+002  1.7874300e+003
  4.8573740e+005  8.2841602e+006  9.3636000e+002  1.7760300e+003
  4.8572162e+005  8.2841725e+006  9.3737000e+002  1.7649900e+003
  4.8570646e+005  8.2841843e+006  9.3838000e+002  1.7534400e+003
  4.8569049e+005  8.2841966e+006  9.3949000e+002  1.7436700e+003
  4.8567501e+005  8.2842090e+006  9.4061000e+002  1.7370400e+003
  4.8565932e+005  8.2842218e+006  9.4181000e+002  1.7339100e+003
  4.8564445e+005  8.2842347e+006  9.4302000e+002  1.7323500e+003
  4.8562997e+005  8.2842481e+006  9.4426000e+002  1.7313800e+003
  4.8561531e+005  8.2842626e+006  9.4562000e+002  1.7258900e+003
  4.8560142e+005  8.2842770e+006  9.4696000e+002  1.7139200e+003
  4.8558780e+005  8.2842913e+006  9.4832000e+002  1.7018300e+003
  4.8557331e+005  8.2843049e+006  9.4971000e+002  1.6982900e+003
  4.8555759e+005  8.2843176e+006  9.5114000e+002  1.6992600e+003
  4.8554226e+005  8.2843292e+006  9.5251000e+002  1.7005700e+003
  4.8552596e+005  8.2843413e+006  9.5395000e+002  1.7017300e+003
  4.8551044e+005  8.2843539e+006  9.5539000e+002  1.7008300e+003
  4.8549575e+005  8.2843668e+006  9.5680000e+002  1.6999300e+003
  4.8548034e+005  8.2843801e+006  9.5828000e+002  1.7015500e+003
  4.8546496e+005  8.2843923e+006  9.5968000e+002  1.7042500e+003
  4.8544919e+005  8.2844044e+006  9.6110000e+002  1.7049200e+003
  4.8543303e+005  8.2844163e+006  9.6250000e+002  1.7057500e+003
  4.8541727e+005  8.2844282e+006  9.6388000e+002  1.7070800e+003
  4.8540147e+005  8.2844411e+006  9.6529000e+002  1.7090400e+003
  4.8538717e+005  8.2844545e+006  9.6665000e+002  1.7143700e+003
  4.8537244e+005  8.2844683e+006  9.6800000e+002  1.7173900e+003
  4.8535717e+005  8.2844811e+006  9.6936000e+002  1.7215600e+003
  4.8534100e+005  8.2844934e+006  9.7069000e+002  1.7318100e+003
  4.8532554e+005  8.2845051e+006  9.7198000e+002  1.7441300e+003
  4.8531059e+005  8.2845183e+006  9.7327000e+002  1.7512800e+003
  4.8529697e+005  8.2845326e+006  9.7454000e+002  1.7547800e+003
  4.8528442e+005  8.2845486e+006  9.7578000e+002  1.7588200e+003
  4.8527171e+005  8.2845638e+006  9.7699000e+002  1.7655500e+003
  4.8525925e+005  8.2845794e+006  9.7820000e+002  1.7744500e+003
  4.8524686e+005  8.2845954e+006  9.7938000e+002  1.7838600e+003
  4.8523420e+005  8.2846111e+006  9.8059000e+002  1.7939000e+003
  4.8522161e+005  8.2846256e+006  9.8174000e+002  1.8000100e+003
  4.8520844e+005  8.2846413e+006  9.8297000e+002  1.8038300e+003
  4.8519640e+005  8.2846570e+006  9.8414000e+002  1.8006100e+003
  4.8518452e+005  8.2846729e+006  9.8530000e+002  1.7907600e+003
  4.8517326e+005  8.2846893e+006  9.8643000e+002  1.7714400e+003
  4.8516228e+005  8.2847064e+006  9.8760000e+002  1.7524400e+003
  4.8515132e+005  8.2847232e+006  9.8873000e+002  1.7461100e+003
  4.8514033e+005  8.2847395e+006  9.8989000e+002  1.7400700e+003
  4.8512856e+005  8.2847559e+006  9.9109000e+002  1.7357000e+003
  4.8511620e+005  8.2847717e+006  9.9233000e+002  1.7319900e+003
  4.8510383e+005  8.2847868e+006  9.9353000e+002  1.7228900e+003
  4.8509098e+005  8.2848026e+006  9.9480000e+002  1.7080400e+003
  4.8507899e+005  8.2848181e+006  9.9600000e+002  1.6885800e+003
  4.8506744e+005  8.2848346e+006  9.9723000e+002  1.6726700e+003
  4.8505646e+005  8.2848515e+006  9.9846000e+002  1.6604000e+003
  4.8504660e+005  8.2848681e+006  9.9963000e+002  1.6473300e+003
  4.8503622e+005  8.2848859e+006  1.0009100e+003  1.6356000e+003
  4.8502597e+005  8.2849026e+006  1.0021400e+003  1.6255900e+003
  4.8501607e+005  8.2849201e+006  1.0034400e+003  1.6140700e+003
  4.8500804e+005  8.2849338e+006  1.0044700e+003  1.6097700e+003
  4.8499760e+005  8.2849516e+006  1.0058600e+003  1.6080000e+003
  4.8498628e+005  8.2849677e+006  1.0072300e+003  1.6102200e+003
  4.8497398e+005  8.2849832e+006  1.0085700e+003  1.6108600e+003
  4.8496131e+005  8.2849982e+006  1.0099700e+003  1.6119700e+003
  4.8494827e+005  8.2850140e+006  1.0113900e+003  1.6107100e+003
  4.8493599e+005  8.2850299e+006  1.0128600e+003  1.6089700e+003
  4.8492466e+005  8.2850454e+006  1.0142600e+003  1.6112700e+003
  4.8491247e+005  8.2850617e+006  1.0157900e+003  1.6157000e+003
  4.8490042e+005  8.2850771e+006  1.0172400e+003  1.6228700e+003
  4.8488801e+005  8.2850928e+006  1.0187700e+003  1.6328000e+003
  4.8487536e+005  8.2851090e+006  1.0203300e+003  1.6467400e+003
  4.8486363e+005  8.2851248e+006  1.0219000e+003  1.6641400e+003
  4.8485201e+005  8.2851403e+006  1.0234200e+003  1.6833000e+003
  4.8483967e+005  8.2851569e+006  1.0251000e+003  1.7038200e+003
  4.8482778e+005  8.2851723e+006  1.0266400e+003  1.7176800e+003
  4.8481540e+005  8.2851879e+006  1.0282400e+003  1.7188500e+003
  4.8480316e+005  8.2852033e+006  1.0298000e+003  1.7191300e+003
  4.8479125e+005  8.2852193e+006  1.0314300e+003  1.7261600e+003
  4.8477835e+005  8.2852357e+006  1.0331100e+003  1.7392300e+003
  4.8476633e+005  8.2852506e+006  1.0346400e+003  1.7579000e+003
  4.8475374e+005  8.2852668e+006  1.0362900e+003  1.7770100e+003
  4.8474198e+005  8.2852821e+006  1.0378600e+003  1.7831100e+003
  4.8473020e+005  8.2852983e+006  1.0395000e+003  1.7613800e+003
  4.8471819e+005  8.2853139e+006  1.0410900e+003  1.7241400e+003
  4.8470522e+005  8.2853297e+006  1.0426900e+003  1.6837100e+003
  4.8469255e+005  8.2853446e+006  1.0441800e+003  1.6432800e+003
  4.8467960e+005  8.2853599e+006  1.0457300e+003  1.6077100e+003
  4.8466646e+005  8.2853757e+006  1.0472600e+003  1.5793900e+003
  4.8465427e+005  8.2853912e+006  1.0487600e+003  1.5593000e+003
  4.8464222e+005  8.2854071e+006  1.0502700e+003  1.5471800e+003
  4.8463071e+005  8.2854235e+006  1.0517500e+003  1.5418800e+003
  4.8462025e+005  8.2854394e+006  1.0531500e+003  1.5387100e+003
  4.8460891e+005  8.2854567e+006  1.0546200e+003  1.5366600e+003
  4.8459711e+005  8.2854729e+006  1.0559800e+003  1.5385600e+003
  4.8458531e+005  8.2854890e+006  1.0573200e+003  1.5412000e+003
  4.8457570e+005  8.2855055e+006  1.0586100e+003  1.5426800e+003
  4.8456437e+005  8.2855227e+006  1.0599700e+003  1.5465200e+003
  4.8455098e+005  8.2855366e+006  1.0612700e+003  1.5508500e+003
  4.8453689e+005  8.2855503e+006  1.0626000e+003  1.5564000e+003
  4.8452286e+005  8.2855645e+006  1.0640900e+003  1.5748200e+003
  4.8451007e+005  8.2855798e+006  1.0656300e+003  1.5905700e+003
  4.8449818e+005  8.2855957e+006  1.0673300e+003  1.5787000e+003
  4.8448621e+005  8.2856124e+006  1.0691400e+003  1.5567500e+003
  4.8447459e+005  8.2856282e+006  1.0710700e+003  1.5324000e+003
  4.8446258e+005  8.2856443e+006  1.0731300e+003  1.5001900e+003
  4.8445043e+005  8.2856602e+006  1.0753300e+003  1.4665500e+003
  4.8443847e+005  8.2856754e+006  1.0775800e+003  1.4373100e+003
  4.8442609e+005  8.2856913e+006  1.0800300e+003  1.4157900e+003
  4.8441359e+005  8.2857074e+006  1.0825900e+003  1.4016900e+003
  4.8440108e+005  8.2857222e+006  1.0851200e+003  1.3888400e+003
  4.8438766e+005  8.2857361e+006  1.0876500e+003  1.3637100e+003
  4.8437346e+005  8.2857511e+006  1.0904300e+003  1.3294000e+003
  4.8436011e+005  8.2857657e+006  1.0930700e+003  1.2843900e+003
  4.8434723e+005  8.2857808e+006  1.0957300e+003  1.2313000e+003
  4.8433494e+005  8.2857955e+006  1.0982500e+003  1.1699200e+003
  4.8432154e+005  8.2858111e+006  1.1009200e+003  1.1364800e+003
  4.8430878e+005  8.2858254e+006  1.1033300e+003  1.1225800e+003
  4.8429582e+005  8.2858399e+006  1.1057200e+003  1.1069100e+003
  4.8428222e+005  8.2858552e+006  1.1081400e+003  1.0946400e+003
  4.8426902e+005  8.2858704e+006  1.1104300e+003  1.0767200e+003
  4.8425748e+005  8.2858864e+006  1.1125700e+003  1.0577700e+003
  4.8424694e+005  8.2859033e+006  1.1146200e+003  1.0456600e+003
  4.8423733e+005  8.2859199e+006  1.1165000e+003  1.0348300e+003
  4.8422689e+005  8.2859379e+006  1.1184700e+003  1.0278400e+003
  4.8421774e+005  8.2859543e+006  1.1201800e+003  1.0216600e+003
  4.8420771e+005  8.2859721e+006  1.1219900e+003  9.6595000e+002
  4.8419724e+005  8.2859885e+006  1.1237500e+003  9.2221000e+002
  4.8418524e+005  8.2860041e+006  1.1255600e+003  9.4880000e+002
  4.8417271e+005  8.2860199e+006  1.1274800e+003  9.7155000e+002
  4.8416066e+005  8.2860360e+006  1.1294100e+003  9.8570000e+002
  4.8414990e+005  8.2860525e+006  1.1313800e+003  9.9827000e+002
  4.8413933e+005  8.2860701e+006  1.1334900e+003  1.0018300e+003
  4.8412947e+005  8.2860876e+006  1.1356300e+003  9.9012000e+002
  4.8412043e+005  8.2861051e+006  1.1378800e+003  9.6339000e+002
  4.8411105e+005  8.2861230e+006  1.1403200e+003  9.0861000e+002
  4.8410139e+005  8.2861396e+006  1.1427500e+003  8.5772000e+002
  4.8409173e+005  8.2861565e+006  1.1453800e+003  8.4524000e+002
  4.8408180e+005  8.2861738e+006  1.1481900e+003  8.3131000e+002
  4.8407144e+005  8.2861918e+006  1.1512000e+003  8.1451000e+002
  4.8406142e+005  8.2862084e+006  1.1541300e+003  7.9300000e+002
  4.8405086e+005  8.2862250e+006  1.1571600e+003  7.6461000e+002
  4.8403876e+005  8.2862403e+006  1.1601200e+003  7.3733000e+002
  4.8402543e+005  8.2862553e+006  1.1631500e+003  7.1463000e+002
  4.8401246e+005  8.2862704e+006  1.1661300e+003  6.9890000e+002
  4.8400008e+005  8.2862848e+006  1.1689400e+003  6.8566000e+002
  4.8398615e+005  8.2862996e+006  1.1718600e+003  6.6939000e+002
  4.8397400e+005  8.2863149e+006  1.1746900e+003  6.4999000e+002
  4.8396380e+005  8.2863317e+006  1.1776500e+003  6.2924000e+002
  4.8395454e+005  8.2863489e+006  1.1805900e+003  6.0971000e+002
  4.8394499e+005  8.2863668e+006  1.1836000e+003  5.9482000e+002
  4.8393559e+005  8.2863837e+006  1.1864100e+003  5.8916000e+002
  4.8392405e+005  8.2864003e+006  1.1891900e+003  5.9774000e+002
  4.8391012e+005  8.2864151e+006  1.1916600e+003  6.1531000e+002
  4.8389630e+005  8.2864286e+006  1.1939200e+003  6.3912000e+002
  4.8388252e+005  8.2864421e+006  1.1961000e+003  6.5882000e+002
  4.8386875e+005  8.2864567e+006  1.1984400e+003  6.7109000e+002
  4.8385610e+005  8.2864721e+006  1.2008000e+003  6.8081000e+002
  4.8384430e+005  8.2864892e+006  1.2033800e+003  6.9357000e+002
  4.8383333e+005  8.2865057e+006  1.2058100e+003  7.0735000e+002
  4.8382123e+005  8.2865208e+006  1.2081100e+003  7.0925000e+002
  4.8380763e+005  8.2865355e+006  1.2103500e+003  7.0574000e+002
  4.8379455e+005  8.2865502e+006  1.2126400e+003  7.1177000e+002
  4.8378188e+005  8.2865660e+006  1.2150500e+003  7.2294000e+002
  4.8377051e+005  8.2865812e+006  1.2174200e+003  7.1294000e+002
  4.8375994e+005  8.2865987e+006  1.2200700e+003  6.8480000e+002
  4.8375203e+005  8.2866166e+006  1.2227700e+003  6.5496000e+002
  4.8374452e+005  8.2866346e+006  1.2255100e+003  6.2678000e+002
  4.8373748e+005  8.2866539e+006  1.2284500e+003  5.9923000e+002
  4.8373063e+005  8.2866718e+006  1.2312600e+003  5.6474000e+002
  4.8372215e+005  8.2866904e+006  1.2343100e+003  5.3775000e+002
  4.8371364e+005  8.2867078e+006  1.2372700e+003  5.1665000e+002
  4.8370471e+005  8.2867247e+006  1.2402500e+003  5.0327000e+002
  4.8369533e+005  8.2867423e+006  1.2434300e+003  4.9093000e+002
  4.8368586e+005  8.2867595e+006  1.2466300e+003  4.8279000e+002
  4.8367561e+005  8.2867772e+006  1.2500500e+003  4.7696000e+002
  4.8366571e+005  8.2867946e+006  1.2534500e+003  4.7422000e+002
  4.8365673e+005  8.2868120e+006  1.2568700e+003  4.7327000e+002
  4.8364791e+005  8.2868286e+006  1.2601900e+003  4.7031000e+002
  4.8363747e+005  8.2868459e+006  1.2637500e+003  4.6708000e+002
  4.8362765e+005  8.2868623e+006  1.2671500e+003  4.6546000e+002
  4.8361677e+005  8.2868797e+006  1.2708000e+003  4.6627000e+002
  4.8360671e+005  8.2868966e+006  1.2743100e+003  4.6744000e+002
  4.8359778e+005  8.2869132e+006  1.2777000e+003  4.6723000e+002
  4.8358793e+005  8.2869302e+006  1.2812000e+003  4.6610000e+002
  4.8357829e+005  8.2869479e+006  1.2847900e+003  4.6669000e+002
  4.8356801e+005  8.2869653e+006  1.2883400e+003  4.6893000e+002
  4.8355806e+005  8.2869811e+006  1.2915600e+003  4.7322000e+002
  4.8354691e+005  8.2869976e+006  1.2949500e+003  4.7898000e+002
  4.8353504e+005  8.2870137e+006  1.2982900e+003  4.8338000e+002
  4.8352318e+005  8.2870294e+006  1.3015400e+003  4.8409000e+002
  4.8351160e+005  8.2870452e+006  1.3047800e+003  4.8349000e+002
  4.8350034e+005  8.2870610e+006  1.3079900e+003  4.8712000e+002
  4.8348817e+005  8.2870777e+006  1.3113900e+003  4.9194000e+002
  4.8347685e+005  8.2870933e+006  1.3145700e+003  4.9386000e+002
  4.8346484e+005  8.2871094e+006  1.3178700e+003  4.9001000e+002
  4.8345400e+005  8.2871258e+006  1.3211500e+003  4.7947000e+002
  4.8344461e+005  8.2871430e+006  1.3244700e+003  4.7235000e+002
  4.8343656e+005  8.2871604e+006  1.3277300e+003  4.7264000e+002
  4.8342913e+005  8.2871790e+006  1.3311400e+003  4.7550000e+002
  4.8342109e+005  8.2871970e+006  1.3344900e+003  4.7790000e+002
  4.8341069e+005  8.2872135e+006  1.3377500e+003  4.7869000e+002
  4.8339779e+005  8.2872286e+006  1.3409800e+003  4.7777000e+002
  4.8338440e+005  8.2872429e+006  1.3441400e+003  4.7656000e+002
  4.8337089e+005  8.2872577e+006  1.3473700e+003  4.7466000e+002
  4.8335695e+005  8.2872724e+006  1.3506400e+003  4.7018000e+002
  4.8334533e+005  8.2872873e+006  1.3537500e+003  4.6054000e+002
  4.8333236e+005  8.2873028e+006  1.3570400e+003  4.5215000e+002
  4.8331999e+005  8.2873181e+006  1.3602400e+003  4.4997000e+002
  4.8330855e+005  8.2873340e+006  1.3634000e+003  4.4747000e+002
  4.8329685e+005  8.2873492e+006  1.3664500e+003  4.4252000e+002
  4.8328415e+005  8.2873654e+006  1.3696800e+003  4.3839000e+002
  4.8327298e+005  8.2873810e+006  1.3726000e+003  4.3327000e+002
  4.8326203e+005  8.2873980e+006  1.3756700e+003  4.2777000e+002
  4.8325005e+005  8.2874134e+006  1.3785100e+003  4.2528000e+002
  4.8323679e+005  8.2874290e+006  1.3813800e+003  4.2742000e+002
  4.8322481e+005  8.2874442e+006  1.3840400e+003  4.2956000e+002
  4.8321300e+005  8.2874602e+006  1.3866300e+003  4.3184000e+002
  4.8320152e+005  8.2874760e+006  1.3890700e+003  4.3242000e+002
  4.8319117e+005  8.2874929e+006  1.3914400e+003  4.2570000e+002
  4.8318032e+005  8.2875103e+006  1.3936800e+003  4.1744000e+002
  4.8317014e+005  8.2875268e+006  1.3956300e+003  4.0672000e+002
  4.8315833e+005  8.2875436e+006  1.3975800e+003  3.9597000e+002
  4.8314697e+005  8.2875599e+006  1.3991300e+003  3.9033000e+002
  4.8313613e+005  8.2875766e+006  1.4005700e+003  3.8695000e+002
  4.8312449e+005  8.2875927e+006  1.4017600e+003  3.7880000e+002
  4.8311303e+005  8.2876086e+006  1.4026700e+003  3.6731000e+002
  4.8310213e+005  8.2876251e+006  1.4033900e+003  3.5863000e+002
  4.8309196e+005  8.2876421e+006  1.4038700e+003  3.5367000e+002
  4.8308455e+005  8.2876570e+006  1.4040400e+003  3.5165000e+002
  4.8487458e+005  8.2869513e+006  1.2695300e+003  2.9364000e+002
  4.8485549e+005  8.2869549e+006  1.2714400e+003  2.6027000e+002
  4.8483613e+005  8.2869604e+006  1.2734400e+003  2.3985000e+002
  4.8481695e+005  8.2869666e+006  1.2753800e+003  2.2419000e+002
  4.8479878e+005  8.2869733e+006  1.2771500e+003  2.0894000e+002
  4.8477980e+005  8.2869810e+006  1.2789600e+003  1.9269000e+002
  4.8476181e+005  8.2869892e+006  1.2806500e+003  1.7717000e+002
  4.8474367e+005  8.2869975e+006  1.2822100e+003  1.6290000e+002
  4.8472488e+005  8.2870052e+006  1.2837000e+003  1.5141000e+002
  4.8470624e+005  8.2870118e+006  1.2850600e+003  1.4027000e+002
  4.8468787e+005  8.2870185e+006  1.2863300e+003  1.2871000e+002
  4.8466850e+005  8.2870260e+006  1.2875300e+003  1.1650000e+002
  4.8464990e+005  8.2870321e+006  1.2885900e+003  9.5340000e+001
  4.8463095e+005  8.2870374e+006  1.2895900e+003  8.7720000e+001
  4.8461111e+005  8.2870438e+006  1.2905400e+003  1.0350000e+002
  4.8459387e+005  8.2870505e+006  1.2912700e+003  1.2960000e+002
  4.8457505e+005  8.2870580e+006  1.2920100e+003  1.5799000e+002
  4.8455564e+005  8.2870646e+006  1.2926900e+003  1.8949000e+002
  4.8453612e+005  8.2870714e+006  1.2932700e+003  2.2253000e+002
  4.8451809e+005  8.2870781e+006  1.2937200e+003  2.5850000e+002
  4.8449869e+005  8.2870850e+006  1.2941400e+003  2.9097000e+002
  4.8448038e+005  8.2870909e+006  1.2945000e+003  3.2542000e+002
  4.8446129e+005  8.2870986e+006  1.2947800e+003  3.5968000e+002
  4.8444294e+005  8.2871065e+006  1.2949800e+003  3.9669000e+002
  4.8442440e+005  8.2871129e+006  1.2951700e+003  4.3014000e+002
  4.8440540e+005  8.2871184e+006  1.2953300e+003  4.6112000e+002
  4.8438630e+005  8.2871245e+006  1.2954300e+003  4.8743000e+002
  4.8436667e+005  8.2871308e+006  1.2955100e+003  5.1477000e+002
  4.8434850e+005  8.2871368e+006  1.2955700e+003  5.4521000e+002
  4.8432872e+005  8.2871428e+006  1.2956300e+003  5.6970000e+002
  4.8431080e+005  8.2871492e+006  1.2956700e+003  5.9343000e+002
  4.8429156e+005  8.2871571e+006  1.2957100e+003  6.1494000e+002
  4.8427360e+005  8.2871645e+006  1.2957700e+003  6.3672000e+002
  4.8425542e+005  8.2871723e+006  1.2958600e+003  6.5604000e+002
  4.8423639e+005  8.2871810e+006  1.2959700e+003  6.7288000e+002
  4.8421897e+005  8.2871889e+006  1.2961400e+003  6.8884000e+002
  4.8420004e+005  8.2871983e+006  1.2963500e+003  7.0296000e+002
  4.8418248e+005  8.2872070e+006  1.2966100e+003  7.1765000e+002
  4.8416489e+005  8.2872156e+006  1.2969500e+003  7.2748000e+002
  4.8414731e+005  8.2872238e+006  1.2973200e+003  7.3566000e+002
  4.8412825e+005  8.2872321e+006  1.2978000e+003  7.4039000e+002
  4.8411055e+005  8.2872394e+006  1.2983200e+003  7.4177000e+002
  4.8409195e+005  8.2872470e+006  1.2989400e+003  7.4265000e+002
  4.8407261e+005  8.2872545e+006  1.2996600e+003  7.4226000e+002
  4.8405395e+005  8.2872625e+006  1.3004800e+003  7.3756000e+002
  4.8403572e+005  8.2872705e+006  1.3013700e+003  7.2537000e+002
  4.8401815e+005  8.2872781e+006  1.3023100e+003  7.1087000e+002
  4.8399882e+005  8.2872865e+006  1.3034600e+003  6.9825000e+002
  4.8398127e+005  8.2872944e+006  1.3046000e+003  6.8795000e+002
  4.8396258e+005  8.2873031e+006  1.3059100e+003  6.7792000e+002
  4.8394519e+005  8.2873105e+006  1.3072200e+003  6.6061000e+002
  4.8392608e+005  8.2873183e+006  1.3087500e+003  6.4145000e+002
  4.8390751e+005  8.2873258e+006  1.3103000e+003  6.2490000e+002
  4.8388874e+005  8.2873334e+006  1.3119800e+003  6.1301000e+002
  4.8387131e+005  8.2873403e+006  1.3136500e+003  6.0090000e+002
  4.8385305e+005  8.2873481e+006  1.3154700e+003  5.8754000e+002
  4.8383348e+005  8.2873562e+006  1.3175100e+003  5.7425000e+002
  4.8381561e+005  8.2873639e+006  1.3194900e+003  5.6085000e+002
  4.8379784e+005  8.2873711e+006  1.3215100e+003  5.4744000e+002
  4.8377941e+005  8.2873786e+006  1.3236600e+003  5.3610000e+002
  4.8376072e+005  8.2873856e+006  1.3258900e+003  5.2516000e+002
  4.8374221e+005  8.2873929e+006  1.3282100e+003  5.1845000e+002
  4.8372337e+005  8.2874004e+006  1.3306000e+003  5.1633000e+002
  4.8370471e+005  8.2874087e+006  1.3330900e+003  5.1522000e+002
  4.8368738e+005  8.2874166e+006  1.3354800e+003  5.0887000e+002
  4.8366846e+005  8.2874248e+006  1.3380900e+003  5.0506000e+002
  4.8365095e+005  8.2874326e+006  1.3405600e+003  5.1162000e+002
  4.8363275e+005  8.2874386e+006  1.3430400e+003  5.1865000e+002
  4.8361367e+005  8.2874446e+006  1.3456500e+003  5.2133000e+002
  4.8359464e+005  8.2874510e+006  1.3482800e+003  5.1952000e+002
  4.8357578e+005  8.2874575e+006  1.3509300e+003  5.1470000e+002
  4.8355733e+005  8.2874645e+006  1.3535900e+003  5.0779000e+002
  4.8353890e+005  8.2874719e+006  1.3562700e+003  5.0170000e+002
  4.8352002e+005  8.2874791e+006  1.3589700e+003  4.9850000e+002
  4.8350169e+005  8.2874866e+006  1.3616500e+003  4.9597000e+002
  4.8348345e+005  8.2874944e+006  1.3643500e+003  4.9306000e+002
  4.8346476e+005  8.2875011e+006  1.3669600e+003  4.9015000e+002
  4.8344597e+005  8.2875070e+006  1.3695200e+003  4.8741000e+002
  4.8342726e+005  8.2875125e+006  1.3720200e+003  4.8420000e+002
  4.8340886e+005  8.2875185e+006  1.3745200e+003  4.8188000e+002
  4.8338939e+005  8.2875260e+006  1.3771400e+003  4.7901000e+002
  4.8337123e+005  8.2875331e+006  1.3795700e+003  4.7311000e+002
  4.8335297e+005  8.2875404e+006  1.3820000e+003  4.6839000e+002
  4.8333485e+005  8.2875474e+006  1.3843100e+003  4.6406000e+002
  4.8331512e+005  8.2875544e+006  1.3866700e+003  4.5582000e+002
  4.8329712e+005  8.2875604e+006  1.3887500e+003  4.4432000e+002
  4.8327824e+005  8.2875658e+006  1.3908000e+003  4.3076000e+002
  4.8325911e+005  8.2875710e+006  1.3927500e+003  4.1892000e+002
  4.8323887e+005  8.2875772e+006  1.3946800e+003  4.0656000e+002
  4.8322072e+005  8.2875839e+006  1.3963600e+003  3.8744000e+002
  4.8320219e+005  8.2875901e+006  1.3979300e+003  3.7264000e+002
  4.8318253e+005  8.2875966e+006  1.3994300e+003  3.6394000e+002
  4.8316330e+005  8.2876023e+006  1.4006200e+003  3.5883000e+002
  4.8314545e+005  8.2876075e+006  1.4015800e+003  3.5678000e+002
  4.8312584e+005  8.2876132e+006  1.4024800e+003  3.5637000e+002
  4.8310628e+005  8.2876192e+006  1.4032100e+003  3.6753000e+002
  4.8309265e+005  8.2876258e+006  1.4035600e+003  3.7618000e+002
  4.8307382e+005  8.2876335e+006  1.4039000e+003  3.9955000e+002
  4.8305628e+005  8.2876400e+006  1.4041000e+003  4.0704000e+002
  4.8303647e+005  8.2876472e+006  1.4040700e+003  4.1439000e+002
  4.8301846e+005  8.2876533e+006  1.4038600e+003  4.1877000e+002
  4.8299893e+005  8.2876606e+006  1.4035200e+003  4.2118000e+002
  4.8298171e+005  8.2876685e+006  1.4031700e+003  4.2804000e+002
  4.8296253e+005  8.2876751e+006  1.4025700e+003  4.3575000e+002
  4.8294420e+005  8.2876827e+006  1.4019200e+003  4.4404000e+002
  4.8292578e+005  8.2876911e+006  1.4012400e+003  4.5278000e+002
  4.8290752e+005  8.2876999e+006  1.4004800e+003  4.6051000e+002
  4.8288890e+005  8.2877080e+006  1.3996600e+003  4.6595000e+002
  4.8286975e+005  8.2877157e+006  1.3988500e+003  4.7456000e+002
  4.8285222e+005  8.2877226e+006  1.3981100e+003  4.8723000e+002
  4.8283330e+005  8.2877303e+006  1.3972800e+003  4.9812000e+002
  4.8281465e+005  8.2877380e+006  1.3965200e+003  5.1039000e+002
  4.8279662e+005  8.2877459e+006  1.3958200e+003  5.2246000e+002
  4.8277827e+005  8.2877536e+006  1.3951300e+003  5.3187000e+002
  4.8275989e+005  8.2877599e+006  1.3945400e+003  5.4279000e+002
  4.8274011e+005  8.2877674e+006  1.3939900e+003  5.5816000e+002
  4.8272116e+005  8.2877743e+006  1.3935300e+003  5.7690000e+002
  4.8270315e+005  8.2877815e+006  1.3931800e+003  5.9305000e+002
  4.8268536e+005  8.2877889e+006  1.3929500e+003  6.1052000e+002
  4.8266627e+005  8.2877973e+006  1.3928500e+003  6.2029000e+002
  4.8264872e+005  8.2878050e+006  1.3928800e+003  6.1637000e+002
  4.8262934e+005  8.2878124e+006  1.3930600e+003  6.1001000e+002
  4.8261011e+005  8.2878197e+006  1.3934000e+003  6.0497000e+002
  4.8259158e+005  8.2878271e+006  1.3939000e+003  5.9686000e+002
  4.8257455e+005  8.2878349e+006  1.3945000e+003  5.8479000e+002
  4.8255624e+005  8.2878438e+006  1.3953100e+003  5.7291000e+002
  4.8253933e+005  8.2878531e+006  1.3962300e+003  5.5840000e+002
  4.8252211e+005  8.2878636e+006  1.3973200e+003  5.4288000e+002
  4.8250469e+005  8.2878740e+006  1.3985300e+003  5.2731000e+002
  4.8248758e+005  8.2878843e+006  1.3998000e+003  5.0909000e+002
  4.8247069e+005  8.2878949e+006  1.4011500e+003  4.8853000e+002
  4.8245309e+005  8.2879062e+006  1.4026100e+003  4.6796000e+002
  4.8243727e+005  8.2879161e+006  1.4039500e+003  4.4733000e+002
  4.8241992e+005  8.2879265e+006  1.4053800e+003  4.3148000e+002
  4.8240188e+005  8.2879370e+006  1.4068300e+003  4.1655000e+002
  4.8238480e+005  8.2879460e+006  1.4081200e+003  4.0068000e+002
  4.8236717e+005  8.2879540e+006  1.4092500e+003  3.8447000e+002
  4.8234826e+005  8.2879617e+006  1.4103300e+003  3.7204000e+002
  4.8232931e+005  8.2879688e+006  1.4112700e+003  3.6128000e+002
  4.8231040e+005  8.2879751e+006  1.4119600e+003  3.4773000e+002
  4.8229527e+005  8.2879798e+006  1.4123600e+003  3.3772000e+002
  4.8219204e+005  8.2879936e+006  1.4118300e+003  3.4112000e+002
  4.8217323e+005  8.2879895e+006  1.4111500e+003  3.5047000e+002
  4.8215283e+005  8.2879840e+006  1.4103400e+003  3.6161000e+002
  4.8213464e+005  8.2879792e+006  1.4095800e+003  3.7393000e+002
  4.8211459e+005  8.2879744e+006  1.4087300e+003  3.8565000e+002
  4.8209610e+005  8.2879704e+006  1.4079700e+003  4.0626000e+002
  4.8207529e+005  8.2879661e+006  1.4070600e+003  4.2979000e+002
  4.8205635e+005  8.2879621e+006  1.4062800e+003  4.5177000e+002
  4.8203619e+005  8.2879579e+006  1.4055000e+003  4.6695000e+002
  4.8197788e+005  8.2879478e+006  1.4036300e+003  5.7255000e+002
  4.8195736e+005  8.2879454e+006  1.4031100e+003  5.8708000e+002
  4.8169846e+005  8.2879242e+006  1.4020100e+003  1.0756100e+003
  4.8167833e+005  8.2879238e+006  1.4022900e+003  1.0832400e+003
  4.8165900e+005  8.2879239e+006  1.4025900e+003  1.0841600e+003
  4.8163825e+005  8.2879240e+006  1.4029700e+003  1.0814600e+003
  4.8161872e+005  8.2879245e+006  1.4033600e+003  1.0783100e+003
  4.8159835e+005  8.2879253e+006  1.4038200e+003  1.0739100e+003
  4.8157944e+005  8.2879253e+006  1.4042900e+003  1.0702800e+003
  4.8155880e+005  8.2879243e+006  1.4048800e+003  1.0661600e+003
  4.8153816e+005  8.2879234e+006  1.4055200e+003  1.0589600e+003
  4.8151955e+005  8.2879228e+006  1.4061400e+003  1.0548500e+003
  4.8150234e+005  8.2879216e+006  1.4067500e+003  1.0542500e+003
  4.8140552e+005  8.2878846e+006  1.4112800e+003  1.0274100e+003
  4.8138806e+005  8.2878756e+006  1.4122400e+003  1.0248500e+003
  4.8137006e+005  8.2878673e+006  1.4132300e+003  1.0220700e+003
  4.8135216e+005  8.2878596e+006  1.4142300e+003  1.0204700e+003
  4.8133360e+005  8.2878517e+006  1.4153000e+003  1.0185300e+003
  4.8131569e+005  8.2878436e+006  1.4163600e+003  1.0163700e+003
  4.8129726e+005  8.2878357e+006  1.4174500e+003  1.0182000e+003
  4.8127743e+005  8.2878289e+006  1.4186200e+003  1.0212300e+003
  4.8125803e+005  8.2878232e+006  1.4197700e+003  1.0231800e+003
  4.8124005e+005  8.2878180e+006  1.4208400e+003  1.0248500e+003
  4.8122102e+005  8.2878123e+006  1.4219700e+003  1.0260400e+003
  4.8118178e+005  8.2878005e+006  1.4243100e+003  1.0276600e+003
  4.8116315e+005  8.2877938e+006  1.4254200e+003  1.0271000e+003
  4.8114410e+005  8.2877880e+006  1.4265300e+003  1.0273900e+003
  4.8112495e+005  8.2877825e+006  1.4276300e+003  1.0306100e+003
  4.8110643e+005  8.2877768e+006  1.4286800e+003  1.0365600e+003
  4.8108768e+005  8.2877704e+006  1.4297300e+003  1.0417500e+003
  4.8106790e+005  8.2877634e+006  1.4308000e+003  1.0454000e+003
  4.8104908e+005  8.2877582e+006  1.4318000e+003  1.0497000e+003
  4.8103029e+005  8.2877529e+006  1.4327700e+003  1.0519800e+003
  4.8101141e+005  8.2877474e+006  1.4337200e+003  1.0535300e+003
  4.8099115e+005  8.2877417e+006  1.4347200e+003  1.0554800e+003
  4.8097155e+005  8.2877369e+006  1.4356500e+003  1.0583100e+003
  4.8095320e+005  8.2877325e+006  1.4365100e+003  1.0596900e+003
  4.8093336e+005  8.2877279e+006  1.4374100e+003  1.0595100e+003
  4.8089418e+005  8.2877186e+006  1.4391500e+003  1.0546900e+003
  4.8087563e+005  8.2877145e+006  1.4399500e+003  1.0506800e+003
  4.8085564e+005  8.2877104e+006  1.4407900e+003  1.0456500e+003
  4.8083592e+005  8.2877064e+006  1.4416200e+003  1.0416800e+003
  4.8081617e+005  8.2877031e+006  1.4424400e+003  1.0378300e+003
  4.8079652e+005  8.2877006e+006  1.4432500e+003  1.0309800e+003
  4.8077669e+005  8.2876984e+006  1.4440600e+003  1.0222000e+003
  4.8075637e+005  8.2876950e+006  1.4449000e+003  1.0154100e+003
  4.8073817e+005  8.2876893e+006  1.4456300e+003  1.0107400e+003
  4.8071828e+005  8.2876823e+006  1.4464300e+003  1.0054100e+003
  4.8069918e+005  8.2876759e+006  1.4472100e+003  9.9618000e+002
  4.8068140e+005  8.2876699e+006  1.4479400e+003  9.8293000e+002
  4.8066230e+005  8.2876637e+006  1.4487300e+003  9.7025000e+002
  4.8064295e+005  8.2876581e+006  1.4495600e+003  9.5781000e+002
  4.8062357e+005  8.2876531e+006  1.4504100e+003  9.4596000e+002
  4.8060372e+005  8.2876498e+006  1.4513200e+003  9.3536000e+002
  4.8058355e+005  8.2876474e+006  1.4523000e+003  9.2503000e+002
  4.8056353e+005  8.2876440e+006  1.4533100e+003  9.1363000e+002
  4.8054504e+005  8.2876400e+006  1.4542700e+003  9.0164000e+002
  4.8052461e+005  8.2876349e+006  1.4553600e+003  8.8995000e+002
  4.8050592e+005  8.2876292e+006  1.4564000e+003  8.7683000e+002
  4.8048796e+005  8.2876221e+006  1.4574300e+003  8.6805000e+002
  4.8047038e+005  8.2876137e+006  1.4584400e+003  8.6465000e+002
  4.8045188e+005  8.2876037e+006  1.4595100e+003  8.6118000e+002
  4.8043465e+005  8.2875938e+006  1.4605300e+003  8.5623000e+002
  4.8041779e+005  8.2875843e+006  1.4615200e+003  8.5148000e+002
  4.8039980e+005  8.2875752e+006  1.4625900e+003  8.4838000e+002
  4.8038258e+005  8.2875646e+006  1.4635900e+003  8.4889000e+002
  4.8036601e+005  8.2875537e+006  1.4645100e+003  8.5011000e+002
  4.8034927e+005  8.2875415e+006  1.4654000e+003  8.4940000e+002
  4.8033215e+005  8.2875313e+006  1.4663100e+003  8.4916000e+002
  4.8031558e+005  8.2875211e+006  1.4671500e+003  8.4930000e+002
  4.8029849e+005  8.2875106e+006  1.4679600e+003  8.4867000e+002
  4.8028190e+005  8.2874996e+006  1.4686800e+003  8.4877000e+002
  4.8026586e+005  8.2874877e+006  1.4692900e+003  8.5168000e+002
  4.8025016e+005  8.2874754e+006  1.4698100e+003  8.5696000e+002
  4.8023482e+005  8.2874622e+006  1.4702200e+003  8.6408000e+002
  4.8022017e+005  8.2874493e+006  1.4705600e+003  8.7506000e+002
  4.8020531e+005  8.2874350e+006  1.4708000e+003  8.8051000e+002
  4.8019216e+005  8.2874213e+006  1.4709500e+003  8.7148000e+002
  4.8017760e+005  8.2874065e+006  1.4710800e+003  8.5821000e+002
  4.8016172e+005  8.2873945e+006  1.4714000e+003  8.4600000e+002
  4.8014755e+005  8.2873815e+006  1.4715700e+003  8.3295000e+002
  4.8013218e+005  8.2873676e+006  1.4717600e+003  8.1951000e+002
  4.8011634e+005  8.2873558e+006  1.4721000e+003  8.0271000e+002
  4.8009971e+005  8.2873438e+006  1.4724600e+003  7.8543000e+002
  4.8008495e+005  8.2873308e+006  1.4727000e+003  7.6962000e+002
  4.8006912e+005  8.2873177e+006  1.4729900e+003  7.5835000e+002
  4.8005422e+005  8.2873050e+006  1.4732600e+003  7.4998000e+002
  4.8003966e+005  8.2872925e+006  1.4735100e+003  7.4325000e+002
  4.8002319e+005  8.2872798e+006  1.4738500e+003  7.3550000e+002
  4.8000684e+005  8.2872678e+006  1.4741800e+003  7.2798000e+002
  4.7999101e+005  8.2872567e+006  1.4744900e+003  7.2381000e+002
  4.7997523e+005  8.2872432e+006  1.4746200e+003  7.2172000e+002
  4.7996043e+005  8.2872314e+006  1.4747100e+003  7.1930000e+002
  4.7994446e+005  8.2872198e+006  1.4747900e+003  7.1680000e+002
  4.7992725e+005  8.2872071e+006  1.4747800e+003  7.1598000e+002
  4.7991195e+005  8.2871970e+006  1.4747000e+003  7.1891000e+002
  4.7989474e+005  8.2871845e+006  1.4744600e+003  7.2716000e+002
  4.7987983e+005  8.2871725e+006  1.4741000e+003  7.3857000e+002
  4.7986311e+005  8.2871598e+006  1.4735900e+003  7.4867000e+002
  4.7984817e+005  8.2871481e+006  1.4730600e+003  7.6148000e+002
  4.7983827e+005  8.2871322e+006  1.4721500e+003  7.7074000e+002
  4.7983361e+005  8.2871132e+006  1.4710400e+003  7.7637000e+002
  4.7983354e+005  8.2870933e+006  1.4698700e+003  7.8406000e+002
  4.7983461e+005  8.2870734e+006  1.4687200e+003  7.9205000e+002
  4.7983548e+005  8.2870535e+006  1.4675800e+003  7.9945000e+002
  4.7983652e+005  8.2870336e+006  1.4664400e+003  8.0916000e+002
  4.7983625e+005  8.2870137e+006  1.4653300e+003  8.1682000e+002
  4.7983650e+005  8.2869937e+006  1.4642200e+003  8.2218000e+002
  4.7983739e+005  8.2869738e+006  1.4631300e+003  8.2688000e+002
  4.7983811e+005  8.2869538e+006  1.4620400e+003  8.3192000e+002
  4.7983932e+005  8.2869340e+006  1.4609700e+003  8.3868000e+002
  4.7983999e+005  8.2869141e+006  1.4599100e+003  8.4737000e+002
  4.7983982e+005  8.2868941e+006  1.4588600e+003  8.5697000e+002
  4.7984026e+005  8.2868741e+006  1.4578200e+003  8.6572000e+002
  4.7984072e+005  8.2868542e+006  1.4568000e+003  8.7269000e+002
  4.7984021e+005  8.2868342e+006  1.4557900e+003  8.7866000e+002
  4.7983976e+005  8.2868143e+006  1.4548100e+003  8.8544000e+002
  4.7984007e+005  8.2867943e+006  1.4538300e+003  8.9297000e+002
  4.7984022e+005  8.2867744e+006  1.4528800e+003  9.0120000e+002
  4.7984081e+005  8.2867544e+006  1.4519400e+003  9.0895000e+002
  4.7984175e+005  8.2867345e+006  1.4510300e+003  9.1577000e+002
  4.7984296e+005  8.2867145e+006  1.4501300e+003  9.2392000e+002
  4.7984525e+005  8.2866947e+006  1.4492800e+003  9.3357000e+002
  4.7984700e+005  8.2866748e+006  1.4484600e+003  9.4318000e+002
  4.7984868e+005  8.2866549e+006  1.4476700e+003  9.5548000e+002
  4.7984978e+005  8.2866350e+006  1.4469200e+003  9.6970000e+002
  4.7985021e+005  8.2866150e+006  1.4462000e+003  9.8345000e+002
  4.7985094e+005  8.2865951e+006  1.4455400e+003  1.0019700e+003
  4.7985167e+005  8.2865751e+006  1.4449300e+003  1.0236500e+003
  4.7985261e+005  8.2865552e+006  1.4443600e+003  1.0502200e+003
  4.7985389e+005  8.2865352e+006  1.4438300e+003  1.0836900e+003
  4.7985543e+005  8.2865153e+006  1.4433600e+003  1.1071200e+003
  4.7985955e+005  8.2864555e+006  1.4423200e+003  1.2994400e+003
  4.7986057e+005  8.2864356e+006  1.4420700e+003  1.3282100e+003
  4.7986207e+005  8.2864156e+006  1.4418800e+003  1.3689200e+003
  4.7986328e+005  8.2863957e+006  1.4417500e+003  1.4020300e+003
  4.7986465e+005  8.2863757e+006  1.4416400e+003  1.4268400e+003
  4.7986623e+005  8.2863558e+006  1.4415800e+003  1.4481500e+003
  4.7986743e+005  8.2863359e+006  1.4415300e+003  1.4700500e+003
  4.7986857e+005  8.2863159e+006  1.4415000e+003  1.5081600e+003
  4.7986977e+005  8.2863028e+006  1.4414900e+003  1.5280800e+003
  4.7987260e+005  8.2862831e+006  1.4414700e+003  1.5606600e+003
  4.7987797e+005  8.2862626e+006  1.4414500e+003  1.5713900e+003
  4.7988372e+005  8.2862448e+006  1.4414000e+003  1.5805100e+003
  4.7988992e+005  8.2862253e+006  1.4413600e+003  1.5863400e+003
  4.7989475e+005  8.2862055e+006  1.4413500e+003  1.5908000e+003
  4.7989889e+005  8.2861854e+006  1.4413500e+003  1.5936700e+003
  4.7990186e+005  8.2861666e+006  1.4413800e+003  1.5954400e+003
  4.7990457e+005  8.2861460e+006  1.4414400e+003  1.5957500e+003
  4.7990652e+005  8.2861273e+006  1.4415400e+003  1.5946900e+003
  4.7990707e+005  8.2861069e+006  1.4416900e+003  1.5875800e+003
  4.7990776e+005  8.2860862e+006  1.4418900e+003  1.5718000e+003
  4.7990901e+005  8.2860672e+006  1.4421300e+003  1.5515400e+003
  4.7991024e+005  8.2860464e+006  1.4424300e+003  1.5304600e+003
  4.7991084e+005  8.2860272e+006  1.4427600e+003  1.5016700e+003
  4.7991165e+005  8.2860063e+006  1.4431800e+003  1.4690300e+003
  4.7991242e+005  8.2859874e+006  1.4436000e+003  1.4298400e+003
  4.7991312e+005  8.2859670e+006  1.4441200e+003  1.3919600e+003
  4.7991274e+005  8.2859477e+006  1.4446700e+003  1.3495900e+003
  4.7991162e+005  8.2859273e+006  1.4453200e+003  1.3103900e+003
  4.7991035e+005  8.2859067e+006  1.4460400e+003  1.2712100e+003
  4.7990923e+005  8.2858878e+006  1.4467500e+003  1.2292400e+003
  4.7990827e+005  8.2858677e+006  1.4475700e+003  1.1860300e+003
  4.7990689e+005  8.2858475e+006  1.4484600e+003  1.1395700e+003
  4.7990500e+005  8.2858270e+006  1.4494300e+003  1.0954400e+003
  4.7990295e+005  8.2858071e+006  1.4504300e+003  1.0519100e+003
  4.7990095e+005  8.2857872e+006  1.4514900e+003  1.0072900e+003
  4.7989823e+005  8.2857671e+006  1.4526400e+003  9.6436000e+002
  4.7989523e+005  8.2857488e+006  1.4537500e+003  9.2194000e+002
  4.7989133e+005  8.2857291e+006  1.4550000e+003  8.8219000e+002
  4.7988686e+005  8.2857083e+006  1.4564000e+003  8.4298000e+002
  4.7988272e+005  8.2856891e+006  1.4577500e+003  8.0708000e+002
  4.7987867e+005  8.2856704e+006  1.4591100e+003  7.7596000e+002
  4.7987513e+005  8.2856503e+006  1.4606000e+003  7.4265000e+002
  4.7987191e+005  8.2856298e+006  1.4621500e+003  7.0999000e+002
  4.7986864e+005  8.2856101e+006  1.4636900e+003  6.8494000e+002
  4.7986488e+005  8.2855911e+006  1.4652300e+003  6.6807000e+002
  4.7986116e+005  8.2855711e+006  1.4668700e+003  6.5987000e+002
  4.7985860e+005  8.2855516e+006  1.4684600e+003  6.6229000e+002
  4.7985670e+005  8.2855315e+006  1.4701100e+003  6.7235000e+002
  4.7985525e+005  8.2855120e+006  1.4717200e+003  6.8120000e+002
  4.7985277e+005  8.2854928e+006  1.4733300e+003  6.8784000e+002
  4.7985095e+005  8.2854724e+006  1.4750200e+003  6.9375000e+002
  4.7985011e+005  8.2854530e+006  1.4766100e+003  6.9865000e+002
  4.7984965e+005  8.2854334e+006  1.4781900e+003  7.0185000e+002
  4.7984963e+005  8.2854125e+006  1.4798500e+003  7.0599000e+002
  4.7985003e+005  8.2853928e+006  1.4813800e+003  7.1257000e+002
  4.7985072e+005  8.2853724e+006  1.4829400e+003  7.1824000e+002
  4.7985151e+005  8.2853529e+006  1.4844000e+003  7.2513000e+002
  4.7985143e+005  8.2853328e+006  1.4858900e+003  7.3428000e+002
  4.7985123e+005  8.2853133e+006  1.4872900e+003  7.4426000e+002
  4.7985179e+005  8.2852925e+006  1.4887300e+003  7.5619000e+002
  4.7985322e+005  8.2852737e+006  1.4899700e+003  7.6907000e+002
  4.7985460e+005  8.2852537e+006  1.4912500e+003  7.8039000e+002
  4.7985539e+005  8.2852337e+006  1.4924900e+003  7.9365000e+002
  4.7985559e+005  8.2852129e+006  1.4937200e+003  8.0486000e+002
  4.7985592e+005  8.2851932e+006  1.4948200e+003  8.1514000e+002
  4.7985715e+005  8.2851732e+006  1.4958700e+003  8.2323000e+002
  4.7986037e+005  8.2851534e+006  1.4968300e+003  8.3035000e+002
  4.7986413e+005  8.2851344e+006  1.4977000e+003  8.4091000e+002
  4.7986578e+005  8.2851142e+006  1.4985700e+003  8.5101000e+002
  4.7986600e+005  8.2850937e+006  1.4994000e+003  8.5863000e+002
  4.7986573e+005  8.2850752e+006  1.5001000e+003  8.6827000e+002
  4.7986980e+005  8.2850553e+006  1.5007600e+003  8.7960000e+002
  4.7987743e+005  8.2850362e+006  1.5013300e+003  8.8756000e+002
  4.7988464e+005  8.2850173e+006  1.5018400e+003  8.9396000e+002
  4.7988999e+005  8.2849990e+006  1.5023000e+003  8.9918000e+002
  4.7989380e+005  8.2849786e+006  1.5027700e+003  9.0381000e+002
  4.7989566e+005  8.2849584e+006  1.5031700e+003  9.1273000e+002
  4.7989706e+005  8.2849393e+006  1.5034700e+003  9.2156000e+002
  4.7989905e+005  8.2849187e+006  1.5037400e+003  9.2695000e+002
  4.7990173e+005  8.2848998e+006  1.5039400e+003  9.3186000e+002
  4.7990481e+005  8.2848795e+006  1.5041100e+003  9.3606000e+002
  4.7990751e+005  8.2848600e+006  1.5042100e+003  9.3298000e+002
  4.7991040e+005  8.2848408e+006  1.5042500e+003  9.2376000e+002
  4.7991423e+005  8.2848198e+006  1.5042600e+003  9.1869000e+002
  4.7991735e+005  8.2848003e+006  1.5042100e+003  9.1606000e+002
  4.7992033e+005  8.2847812e+006  1.5041300e+003  9.1593000e+002
  4.7992393e+005  8.2847616e+006  1.5039900e+003  9.1791000e+002
  4.7992793e+005  8.2847422e+006  1.5038300e+003  9.1949000e+002
  4.7993175e+005  8.2847220e+006  1.5036100e+003  9.1522000e+002
  4.7993616e+005  8.2847046e+006  1.5034200e+003  9.0981000e+002
  4.7995123e+005  8.2846926e+006  1.5035400e+003  8.9522000e+002
  4.7996965e+005  8.2846841e+006  1.5038000e+003  8.8672000e+002
  4.7998809e+005  8.2846759e+006  1.5040800e+003  8.7362000e+002
  4.8000614e+005  8.2846670e+006  1.5043400e+003  8.6021000e+002
  4.8002476e+005  8.2846580e+006  1.5046400e+003  8.5019000e+002
  4.8004173e+005  8.2846504e+006  1.5049200e+003  8.4072000e+002
  4.8005951e+005  8.2846415e+006  1.5052000e+003  8.3032000e+002
  4.8007706e+005  8.2846318e+006  1.5054900e+003  8.2036000e+002
  4.8009490e+005  8.2846227e+006  1.5057900e+003  8.1055000e+002
  4.8011444e+005  8.2846142e+006  1.5061600e+003  7.9884000e+002
  4.8013181e+005  8.2846069e+006  1.5065100e+003  7.8261000e+002
  4.8015083e+005  8.2845984e+006  1.5068700e+003  7.6871000e+002
  4.8016819e+005  8.2845897e+006  1.5072100e+003  7.5711000e+002
  4.8018650e+005  8.2845799e+006  1.5075700e+003  7.4768000e+002
  4.8020305e+005  8.2845703e+006  1.5078900e+003  7.3657000e+002
  4.8022081e+005  8.2845602e+006  1.5082500e+003  7.2493000e+002
  4.8023756e+005  8.2845511e+006  1.5086000e+003  7.1392000e+002
  4.8025598e+005  8.2845413e+006  1.5090000e+003  7.0538000e+002
  4.8027370e+005  8.2845308e+006  1.5093900e+003  6.9820000e+002
  4.8028968e+005  8.2845208e+006  1.5097300e+003  6.9425000e+002
  4.8030670e+005  8.2845095e+006  1.5101000e+003  6.9369000e+002
  4.8032240e+005  8.2844984e+006  1.5104500e+003  6.9676000e+002
  4.8033972e+005  8.2844872e+006  1.5108400e+003  7.0231000e+002
  4.8035720e+005  8.2844765e+006  1.5112600e+003  7.0684000e+002
  4.8037402e+005  8.2844656e+006  1.5116500e+003  7.1062000e+002
  4.8039027e+005  8.2844542e+006  1.5120300e+003  7.1611000e+002
  4.8040733e+005  8.2844440e+006  1.5124400e+003  7.2439000e+002
  4.8042502e+005  8.2844360e+006  1.5128600e+003  7.3262000e+002
  4.8044315e+005  8.2844280e+006  1.5132900e+003  7.4040000e+002
  4.8046247e+005  8.2844196e+006  1.5137200e+003  7.4972000e+002
  4.8048112e+005  8.2844146e+006  1.5141200e+003  7.6264000e+002
  4.8050162e+005  8.2844113e+006  1.5145300e+003  7.7488000e+002
  4.8052051e+005  8.2844081e+006  1.5148600e+003  7.8581000e+002
  4.8054093e+005  8.2844046e+006  1.5151700e+003  7.9400000e+002
  4.8056068e+005  8.2844005e+006  1.5154400e+003  8.0012000e+002
  4.8057887e+005  8.2843965e+006  1.5156600e+003  8.0651000e+002
  4.8059993e+005  8.2843929e+006  1.5158500e+003  8.1455000e+002
  4.8061917e+005  8.2843896e+006  1.5159700e+003  8.2727000e+002
  4.8063779e+005  8.2843853e+006  1.5160600e+003  8.4500000e+002
  4.8065868e+005  8.2843809e+006  1.5161100e+003  8.5868000e+002
  4.8067802e+005  8.2843768e+006  1.5161100e+003  8.6686000e+002
  4.8069731e+005  8.2843710e+006  1.5160700e+003  8.7570000e+002
  4.8071512e+005  8.2843649e+006  1.5160100e+003  8.8786000e+002
  4.8073506e+005  8.2843576e+006  1.5159200e+003  8.9711000e+002
  4.8075276e+005  8.2843519e+006  1.5157800e+003  9.0180000e+002
  4.8077259e+005  8.2843464e+006  1.5155400e+003  9.0169000e+002
  4.8079251e+005  8.2843420e+006  1.5152400e+003  9.0259000e+002
  4.8081205e+005  8.2843379e+006  1.5149000e+003  9.0725000e+002
  4.8083154e+005  8.2843327e+006  1.5145300e+003  9.1399000e+002
  4.8085048e+005  8.2843258e+006  1.5141500e+003  9.2014000e+002
  4.8086776e+005  8.2843185e+006  1.5137700e+003  9.2576000e+002
  4.8088521e+005  8.2843091e+006  1.5134000e+003  9.3118000e+002
  4.8090260e+005  8.2842989e+006  1.5130100e+003  9.3692000e+002
  4.8091982e+005  8.2842883e+006  1.5125700e+003  9.4175000e+002
  4.8093668e+005  8.2842769e+006  1.5121300e+003  9.4543000e+002
  4.8095289e+005  8.2842651e+006  1.5116900e+003  9.4578000e+002
  4.8096946e+005  8.2842547e+006  1.5111600e+003  9.4300000e+002
  4.8098706e+005  8.2842447e+006  1.5105300e+003  9.3835000e+002
  4.8100564e+005  8.2842358e+006  1.5098200e+003  9.3111000e+002
  4.8102277e+005  8.2842283e+006  1.5091100e+003  9.2096000e+002
  4.8104169e+005  8.2842183e+006  1.5082800e+003  9.1036000e+002
  4.8105875e+005  8.2842082e+006  1.5075300e+003  8.9483000e+002
  4.8107517e+005  8.2841983e+006  1.5067500e+003  8.7553000e+002
  4.8109409e+005  8.2841895e+006  1.5057600e+003  8.5835000e+002
  4.8111238e+005  8.2841833e+006  1.5047400e+003  8.3790000e+002
  4.8113160e+005  8.2841761e+006  1.5036200e+003  8.1685000e+002
  4.8114990e+005  8.2841698e+006  1.5024700e+003  7.9415000e+002
  4.8116810e+005  8.2841638e+006  1.5012700e+003  7.7119000e+002
  4.8118807e+005  8.2841572e+006  1.4999100e+003  7.5123000e+002
  4.8120687e+005  8.2841516e+006  1.4985600e+003  7.3124000e+002
  4.8122569e+005  8.2841462e+006  1.4971300e+003  7.1277000e+002
  4.8124474e+005  8.2841404e+006  1.4956300e+003  6.9889000e+002
  4.8126454e+005  8.2841355e+006  1.4940000e+003  6.6776000e+002
  4.8128338e+005  8.2841322e+006  1.4923700e+003  6.4796000e+002
  4.8130324e+005  8.2841285e+006  1.4906000e+003  6.3240000e+002
  4.8132199e+005  8.2841221e+006  1.4889000e+003  6.1865000e+002
  4.8134187e+005  8.2841156e+006  1.4870500e+003  6.0720000e+002
  4.8136049e+005  8.2841110e+006  1.4852700e+003  5.9540000e+002
  4.8137977e+005  8.2841065e+006  1.4833800e+003  5.8763000e+002
  4.8139832e+005  8.2841014e+006  1.4815300e+003  5.8598000e+002
  4.8141744e+005  8.2840963e+006  1.4795900e+003  5.8807000e+002
  4.8143703e+005  8.2840923e+006  1.4775800e+003  5.9742000e+002
  4.8145644e+005  8.2840888e+006  1.4755700e+003  6.1534000e+002
  4.8147618e+005  8.2840857e+006  1.4735200e+003  6.3791000e+002
  4.8149586e+005  8.2840827e+006  1.4714800e+003  6.6252000e+002
  4.8151554e+005  8.2840796e+006  1.4694800e+003  6.8909000e+002
  4.8153682e+005  8.2840758e+006  1.4673400e+003  7.2027000e+002
  4.8155619e+005  8.2840726e+006  1.4654300e+003  7.5625000e+002
  4.8157506e+005  8.2840698e+006  1.4636100e+003  7.9385000e+002
  4.8159551e+005  8.2840673e+006  1.4616900e+003  8.3628000e+002
  4.8161407e+005  8.2840647e+006  1.4599900e+003  8.8560000e+002
  4.8163425e+005  8.2840604e+006  1.4582400e+003  9.2028000e+002
  4.8165412e+005  8.2840567e+006  1.4565600e+003  9.2984000e+002
  4.8167457e+005  8.2840548e+006  1.4548400e+003  9.2119000e+002
  4.8169432e+005  8.2840523e+006  1.4532400e+003  9.1177000e+002
  4.8171363e+005  8.2840497e+006  1.4517200e+003  9.0598000e+002
  4.8173267e+005  8.2840472e+006  1.4502400e+003  9.0349000e+002
  4.8175341e+005  8.2840454e+006  1.4486300e+003  9.0237000e+002
  4.8177224e+005  8.2840443e+006  1.4471600e+003  9.0027000e+002
  4.8179252e+005  8.2840447e+006  1.4455200e+003  8.9852000e+002
  4.8181266e+005  8.2840455e+006  1.4438600e+003  8.9936000e+002
  4.8183329e+005  8.2840460e+006  1.4421800e+003  9.0334000e+002
  4.8185278e+005  8.2840465e+006  1.4405800e+003  9.0598000e+002
  4.8187287e+005  8.2840476e+006  1.4389000e+003  9.0377000e+002
  4.8189154e+005  8.2840499e+006  1.4372700e+003  8.9779000e+002
  4.8191159e+005  8.2840516e+006  1.4355500e+003  8.9185000e+002
  4.8193259e+005  8.2840498e+006  1.4339200e+003  8.8746000e+002
  4.8195225e+005  8.2840467e+006  1.4324800e+003  8.8352000e+002
  4.8197161e+005  8.2840424e+006  1.4311300e+003  8.8182000e+002
  4.8199136e+005  8.2840385e+006  1.4297400e+003  8.8194000e+002
  4.8201106e+005  8.2840360e+006  1.4283000e+003  8.8786000e+002
  4.8203069e+005  8.2840340e+006  1.4268500e+003  8.9449000e+002
  4.8204995e+005  8.2840314e+006  1.4255000e+003  8.9486000e+002
  4.8206863e+005  8.2840265e+006  1.4243300e+003  8.9800000e+002
  4.8208954e+005  8.2840218e+006  1.4230200e+003  9.0239000e+002
  4.8210907e+005  8.2840177e+006  1.4218200e+003  9.0480000e+002
  4.8212784e+005  8.2840140e+006  1.4207000e+003  9.0595000e+002
  4.8214654e+005  8.2840096e+006  1.4196600e+003  8.9884000e+002
  4.8216674e+005  8.2840044e+006  1.4186100e+003  8.8466000e+002
  4.8218611e+005  8.2839985e+006  1.4177100e+003  8.7279000e+002
  4.8220475e+005  8.2839918e+006  1.4169500e+003  8.6737000e+002
  4.8222302e+005  8.2839862e+006  1.4162200e+003  8.6805000e+002
  4.8224298e+005  8.2839814e+006  1.4154000e+003  8.7203000e+002
  4.8226286e+005  8.2839774e+006  1.4146200e+003  8.7694000e+002
  4.8228259e+005  8.2839744e+006  1.4138500e+003  8.8425000e+002
  4.8230193e+005  8.2839723e+006  1.4131200e+003  8.8711000e+002
  4.8232268e+005  8.2839705e+006  1.4123800e+003  8.8309000e+002
  4.8234163e+005  8.2839687e+006  1.4117700e+003  8.7560000e+002
  4.8236182e+005  8.2839665e+006  1.4111900e+003  8.6925000e+002
  4.8238246e+005  8.2839636e+006  1.4107200e+003  8.6416000e+002
  4.8244133e+005  8.2839622e+006  1.4092500e+003  8.2390000e+002
  4.8246140e+005  8.2839634e+006  1.4087200e+003  8.2627000e+002
  4.8248133e+005  8.2839654e+006  1.4081800e+003  8.2424000e+002
  4.8250107e+005  8.2839679e+006  1.4076400e+003  8.1206000e+002
  4.8252139e+005  8.2839702e+006  1.4071300e+003  7.9708000e+002
  4.8256086e+005  8.2839706e+006  1.4065200e+003  7.3862000e+002
  4.8258036e+005  8.2839695e+006  1.4063500e+003  7.1637000e+002
  4.8260155e+005  8.2839662e+006  1.4063500e+003  6.8556000e+002
  4.8262000e+005  8.2839642e+006  1.4062900e+003  6.5390000e+002
  4.8264061e+005  8.2839627e+006  1.4061500e+003  6.3262000e+002
  4.8266002e+005  8.2839598e+006  1.4061600e+003  6.1449000e+002
  4.8267920e+005  8.2839554e+006  1.4063000e+003  6.0292000e+002
  4.8269851e+005  8.2839504e+006  1.4065000e+003  5.8797000e+002
  4.8271867e+005  8.2839443e+006  1.4067800e+003  5.7223000e+002
  4.8273657e+005  8.2839376e+006  1.4071500e+003  5.6515000e+002
  4.8275580e+005  8.2839300e+006  1.4075800e+003  5.5998000e+002
  4.8277421e+005  8.2839237e+006  1.4078600e+003  5.5317000e+002
  4.8279430e+005  8.2839180e+006  1.4080200e+003  5.4791000e+002
  4.8281309e+005  8.2839127e+006  1.4081200e+003  5.4163000e+002
  4.8283307e+005  8.2839081e+006  1.4080800e+003  5.3167000e+002
  4.8285121e+005  8.2839028e+006  1.4081000e+003  5.2251000e+002
  4.8287015e+005  8.2838963e+006  1.4081600e+003  5.1921000e+002
  4.8288914e+005  8.2838900e+006  1.4081500e+003  5.1556000e+002
  4.8290831e+005  8.2838845e+006  1.4079800e+003  5.0903000e+002
  4.8292841e+005  8.2838785e+006  1.4077200e+003  4.9971000e+002
  4.8294763e+005  8.2838726e+006  1.4073800e+003  4.8579000e+002
  4.8296661e+005  8.2838690e+006  1.4066800e+003  4.6746000e+002
  4.8298595e+005  8.2838672e+006  1.4056500e+003  4.4708000e+002
  4.8300708e+005  8.2838666e+006  1.4042000e+003  4.2891000e+002
  4.8302604e+005  8.2838670e+006  1.4026100e+003  4.1141000e+002
  4.8304700e+005  8.2838660e+006  1.4008800e+003  3.9476000e+002
  4.8306578e+005  8.2838639e+006  1.3993400e+003  3.7762000e+002
  4.8308562e+005  8.2838586e+006  1.3979600e+003  3.6495000e+002
  4.8310442e+005  8.2838519e+006  1.3967000e+003  3.5079000e+002
  4.8312210e+005  8.2838430e+006  1.3956500e+003  3.3865000e+002
  4.8313875e+005  8.2838335e+006  1.3947100e+003  3.2806000e+002
  4.8315556e+005  8.2838219e+006  1.3938600e+003  3.1821000e+002
  4.8317163e+005  8.2838091e+006  1.3930700e+003  3.0986000e+002
  4.8318709e+005  8.2837976e+006  1.3920900e+003  2.9953000e+002
  4.8320459e+005  8.2837863e+006  1.3905800e+003  2.8845000e+002
  4.8322040e+005  8.2837753e+006  1.3891300e+003  2.7626000e+002
  4.8323645e+005  8.2837628e+006  1.3876400e+003  2.6760000e+002
  4.8325282e+005  8.2837526e+006  1.3856600e+003  2.5333000e+002
  4.8327001e+005  8.2837412e+006  1.3833900e+003  2.4319000e+002
  4.8328630e+005  8.2837310e+006  1.3810400e+003  2.3633000e+002
  4.8330132e+005  8.2837175e+006  1.3790200e+003  2.2977000e+002
  4.8331577e+005  8.2837032e+006  1.3770400e+003  2.2403000e+002
  4.8332971e+005  8.2836901e+006  1.3748200e+003  2.1798000e+002
  4.8334226e+005  8.2836793e+006  1.3725900e+003  2.1140000e+002
  4.8335784e+005  8.2836616e+006  1.3699000e+003  2.2070000e+002
  4.8335346e+005  8.2836434e+006  1.3721900e+003  2.4673000e+002
  4.8333900e+005  8.2836307e+006  1.3766700e+003  2.7473000e+002
  4.8332311e+005  8.2836205e+006  1.3811300e+003  3.0157000e+002
  4.8330637e+005  8.2836108e+006  1.3856000e+003  3.2838000e+002
  4.8328979e+005  8.2836010e+006  1.3897600e+003  3.5733000e+002
  4.8327229e+005  8.2835909e+006  1.3938100e+003  3.8667000e+002
  4.8325580e+005  8.2835806e+006  1.3974900e+003  4.1539000e+002
  4.8323825e+005  8.2835705e+006  1.4010100e+003  4.3363000e+002
  4.8322157e+005  8.2835610e+006  1.4041200e+003  4.4919000e+002
  4.8320491e+005  8.2835506e+006  1.4070900e+003  4.6618000e+002
  4.8318746e+005  8.2835396e+006  1.4098900e+003  4.8196000e+002
  4.8317075e+005  8.2835301e+006  1.4124100e+003  5.0027000e+002
  4.8315435e+005  8.2835200e+006  1.4147300e+003  5.2051000e+002
  4.8313795e+005  8.2835082e+006  1.4168700e+003  5.3703000e+002
  4.8312256e+005  8.2834950e+006  1.4187100e+003  5.5565000e+002
  4.8310728e+005  8.2834825e+006  1.4204600e+003  5.7848000e+002
  4.8309158e+005  8.2834700e+006  1.4220700e+003  6.0067000e+002
  4.8307649e+005  8.2834575e+006  1.4235600e+003  6.2058000e+002
  4.8306138e+005  8.2834449e+006  1.4249500e+003  6.4109000e+002
  4.8304630e+005  8.2834317e+006  1.4262300e+003  6.5787000e+002
  4.8303212e+005  8.2834176e+006  1.4273700e+003  6.6605000e+002
  4.8298036e+005  8.2833561e+006  1.4307600e+003  7.1619000e+002
  4.8296885e+005  8.2833404e+006  1.4313700e+003  7.2504000e+002
  4.8295631e+005  8.2833234e+006  1.4320400e+003  7.3019000e+002
  4.8294575e+005  8.2833073e+006  1.4325000e+003  7.3777000e+002
  4.8293579e+005  8.2832892e+006  1.4328800e+003  7.4602000e+002
  4.8292670e+005  8.2832725e+006  1.4331900e+003  7.5274000e+002
  4.8291729e+005  8.2832538e+006  1.4334500e+003  7.5729000e+002
  4.8291096e+005  8.2832351e+006  1.4334600e+003  7.6173000e+002
  4.8290660e+005  8.2832162e+006  1.4333000e+003  7.6616000e+002
  4.8290353e+005  8.2831969e+006  1.4329900e+003  7.6764000e+002
  4.8290159e+005  8.2831756e+006  1.4325200e+003  7.6897000e+002
  4.8289766e+005  8.2831564e+006  1.4322500e+003  7.7118000e+002
  4.8289617e+005  8.2831374e+006  1.4317700e+003  7.8014000e+002
  4.8289604e+005  8.2831229e+006  1.4313200e+003  7.8296000e+002
  4.8290757e+005  8.2831082e+006  1.4299000e+003  7.8124000e+002
  4.8292080e+005  8.2830921e+006  1.4282000e+003  7.8024000e+002
  4.8293266e+005  8.2830771e+006  1.4266400e+003  7.7952000e+002
  4.8294506e+005  8.2830600e+006  1.4248900e+003  7.7966000e+002
  4.8295549e+005  8.2830443e+006  1.4233600e+003  7.8130000e+002
  4.8296626e+005  8.2830270e+006  1.4216900e+003  7.8119000e+002
  4.8297754e+005  8.2830098e+006  1.4199800e+003  7.8037000e+002
  4.8298854e+005  8.2829948e+006  1.4183400e+003  7.8184000e+002
  4.8300056e+005  8.2829788e+006  1.4165600e+003  7.8124000e+002
  4.8301343e+005  8.2829618e+006  1.4146400e+003  7.8273000e+002
  4.8302556e+005  8.2829460e+006  1.4128400e+003  7.8563000e+002
  4.8303789e+005  8.2829306e+006  1.4110300e+003  7.8240000e+002
  4.8304992e+005  8.2829154e+006  1.4092500e+003  7.7852000e+002
  4.8306134e+005  8.2828996e+006  1.4075500e+003  7.7484000e+002
  4.8307304e+005  8.2828839e+006  1.4058200e+003  7.7073000e+002
  4.8308781e+005  8.2828685e+006  1.4037800e+003  7.6793000e+002
  4.8310168e+005  8.2828545e+006  1.4018800e+003  7.6466000e+002
  4.8311530e+005  8.2828400e+006  1.4000200e+003  7.6223000e+002
  4.8312840e+005  8.2828254e+006  1.3982400e+003  7.6077000e+002
  4.8314147e+005  8.2828108e+006  1.3964900e+003  7.6209000e+002
  4.8315537e+005  8.2827970e+006  1.3947000e+003  7.6827000e+002
  4.8316936e+005  8.2827833e+006  1.3929200e+003  7.7217000e+002
  4.8318518e+005  8.2827690e+006  1.3909700e+003  7.7074000e+002
  4.8321472e+005  8.2827439e+006  1.3874200e+003  7.5773000e+002
  4.8323191e+005  8.2827327e+006  1.3854300e+003  7.5477000e+002
  4.8324948e+005  8.2827235e+006  1.3834000e+003  7.5348000e+002
  4.8326758e+005  8.2827153e+006  1.3813300e+003  7.5590000e+002
  4.8328630e+005  8.2827084e+006  1.3792000e+003  7.5997000e+002
  4.8330562e+005  8.2827041e+006  1.3769600e+003  7.6120000e+002
  4.8332471e+005  8.2827011e+006  1.3747200e+003  7.5750000e+002
  4.8334430e+005  8.2826989e+006  1.3724000e+003  7.5047000e+002
  4.8336405e+005  8.2826974e+006  1.3700300e+003  7.4462000e+002
  4.8338393e+005  8.2826969e+006  1.3675900e+003  7.4120000e+002
  4.8340376e+005  8.2826979e+006  1.3650800e+003  7.3727000e+002
  4.8342368e+005  8.2827004e+006  1.3624800e+003  7.3318000e+002
  4.8344308e+005  8.2827049e+006  1.3598100e+003  7.2901000e+002
  4.8346212e+005  8.2827085e+006  1.3571900e+003  7.2487000e+002
  4.8348291e+005  8.2827120e+006  1.3542900e+003  7.2071000e+002
  4.8350236e+005  8.2827160e+006  1.3515000e+003  7.1705000e+002
  4.8352133e+005  8.2827199e+006  1.3487400e+003  7.1514000e+002
  4.8353601e+005  8.2827233e+006  1.3465500e+003  7.1410000e+002
  4.8362910e+005  8.2827675e+006  1.3303400e+003  6.5701000e+002
  4.8364494e+005  8.2827796e+006  1.3270300e+003  6.4116000e+002
  4.8365954e+005  8.2827919e+006  1.3238100e+003  6.1026000e+002
  4.8367463e+005  8.2828048e+006  1.3204000e+003  5.9761000e+002
  4.8369000e+005  8.2828164e+006  1.3169900e+003  5.6501000e+002
  4.8370623e+005  8.2828281e+006  1.3133800e+003  5.4470000e+002
  4.8372237e+005  8.2828407e+006  1.3096300e+003  5.2637000e+002
  4.8373782e+005  8.2828512e+006  1.3061400e+003  5.1637000e+002
  4.8375434e+005  8.2828624e+006  1.3023600e+003  5.0931000e+002
  4.8376945e+005  8.2828754e+006  1.2985600e+003  5.0401000e+002
  4.8378374e+005  8.2828886e+006  1.2948100e+003  5.0354000e+002
  4.8379754e+005  8.2829025e+006  1.2910200e+003  5.0868000e+002
  4.8381041e+005  8.2829169e+006  1.2872600e+003  5.1662000e+002
  4.8382346e+005  8.2829321e+006  1.2833500e+003  5.2249000e+002
  4.8383593e+005  8.2829473e+006  1.2794700e+003  5.2512000e+002
  4.8384812e+005  8.2829619e+006  1.2757000e+003  5.1772000e+002
  4.8386073e+005  8.2829778e+006  1.2716400e+003  5.0625000e+002
  4.8387149e+005  8.2829929e+006  1.2679900e+003  4.9998000e+002
  4.8388244e+005  8.2830107e+006  1.2639200e+003  4.9874000e+002
  4.8389142e+005  8.2830279e+006  1.2602500e+003  5.0134000e+002
  4.8389902e+005  8.2830453e+006  1.2567700e+003  5.0115000e+002
  4.8390727e+005  8.2830640e+006  1.2530000e+003  4.9333000e+002
  4.8391451e+005  8.2830813e+006  1.2495800e+003  4.8770000e+002
  4.8392118e+005  8.2830998e+006  1.2461100e+003  4.9268000e+002
  4.8392237e+005  8.2831207e+006  1.2433000e+003  5.0387000e+002
  4.8392139e+005  8.2831396e+006  1.2411400e+003  5.2024000e+002
  4.8391799e+005  8.2831598e+006  1.2392800e+003  5.3772000e+002
  4.8391330e+005  8.2831782e+006  1.2379200e+003  5.5779000e+002
  4.8390721e+005  8.2831985e+006  1.2366700e+003  5.7793000e+002
  4.8390367e+005  8.2832169e+006  1.2352500e+003  6.0622000e+002
  4.8389928e+005  8.2832366e+006  1.2339100e+003  6.3515000e+002
  4.8389479e+005  8.2832557e+006  1.2327300e+003  6.6772000e+002
  4.8389078e+005  8.2832759e+006  1.2314300e+003  7.0174000e+002
  4.8388811e+005  8.2832956e+006  1.2300400e+003  7.1646000e+002
  4.8388685e+005  8.2833161e+006  1.2284000e+003  7.0261000e+002
  4.8388584e+005  8.2833346e+006  1.2269900e+003  6.8484000e+002
  4.8388650e+005  8.2833551e+006  1.2251800e+003  6.7376000e+002
  4.8388873e+005  8.2833743e+006  1.2232500e+003  6.6515000e+002
  4.8389479e+005  8.2833944e+006  1.2205500e+003  6.7022000e+002
  4.8390311e+005  8.2834110e+006  1.2176300e+003  6.9249000e+002
  4.8391393e+005  8.2834283e+006  1.2141500e+003  7.1589000e+002
  4.8392673e+005  8.2834439e+006  1.2104200e+003  7.3379000e+002
  4.8394089e+005  8.2834556e+006  1.2066100e+003  7.5204000e+002
  4.8395690e+005  8.2834670e+006  1.2024500e+003  7.6399000e+002
  4.8397144e+005  8.2834814e+006  1.1984200e+003  7.6568000e+002
  4.8398635e+005  8.2834918e+006  1.1945500e+003  7.8843000e+002
  4.8400649e+005  8.2834890e+006  1.1905500e+003  8.2449000e+002
  4.8402555e+005  8.2834834e+006  1.1871200e+003  8.5346000e+002
  4.8404447e+005  8.2834776e+006  1.1838400e+003  8.8647000e+002
  4.8406343e+005  8.2834720e+006  1.1806600e+003  9.1854000e+002
  4.8408265e+005  8.2834671e+006  1.1774900e+003  9.4368000e+002
  4.8410196e+005  8.2834625e+006  1.1743800e+003  9.6141000e+002
  4.8412029e+005  8.2834576e+006  1.1715600e+003  9.6954000e+002
  4.8413943e+005  8.2834524e+006  1.1687000e+003  9.7093000e+002
  4.8415847e+005  8.2834466e+006  1.1660300e+003  9.7406000e+002
  4.8417731e+005  8.2834402e+006  1.1635400e+003  9.7954000e+002
  4.8419623e+005  8.2834340e+006  1.1610800e+003  9.8756000e+002
  4.8421496e+005  8.2834274e+006  1.1587800e+003  9.9875000e+002
  4.8423356e+005  8.2834203e+006  1.1566300e+003  1.0112400e+003
  4.8425202e+005  8.2834131e+006  1.1545800e+003  1.0176500e+003
  4.8427055e+005  8.2834060e+006  1.1525600e+003  1.0206000e+003
  4.8428934e+005  8.2833995e+006  1.1504800e+003  1.0146200e+003
  4.8430771e+005  8.2833919e+006  1.1486600e+003  9.9438000e+002
  4.8432481e+005  8.2833818e+006  1.1474100e+003  9.7412000e+002
  4.8434157e+005  8.2833709e+006  1.1463500e+003  9.5956000e+002
  4.8435912e+005  8.2833616e+006  1.1450000e+003  9.5489000e+002
  4.8437738e+005  8.2833535e+006  1.1434100e+003  9.5509000e+002
  4.8439557e+005  8.2833456e+006  1.1418100e+003  9.5165000e+002
  4.8441457e+005  8.2833374e+006  1.1401400e+003  9.4545000e+002
  4.8443262e+005  8.2833290e+006  1.1386500e+003  9.3763000e+002
  4.8445045e+005  8.2833202e+006  1.1372200e+003  9.3114000e+002
  4.8446758e+005  8.2833102e+006  1.1360500e+003  9.2081000e+002
  4.8448467e+005  8.2833004e+006  1.1348300e+003  9.1255000e+002
  4.8450182e+005  8.2832904e+006  1.1335600e+003  9.1495000e+002
  4.8451873e+005  8.2832800e+006  1.1323400e+003  9.2130000e+002
  4.8453504e+005  8.2832686e+006  1.1313100e+003  9.2733000e+002
  4.8455194e+005  8.2832568e+006  1.1301400e+003  9.3213000e+002
  4.8456948e+005  8.2832477e+006  1.1284600e+003  9.3762000e+002
  4.8458763e+005  8.2832398e+006  1.1264600e+003  9.4218000e+002
  4.8460587e+005  8.2832319e+006  1.1243700e+003  9.4429000e+002
  4.8462329e+005  8.2832226e+006  1.1225600e+003  9.4840000e+002
  4.8463970e+005  8.2832116e+006  1.1211600e+003  9.5511000e+002
  4.8465583e+005  8.2832000e+006  1.1198700e+003  9.5337000e+002
  4.8467209e+005  8.2831888e+006  1.1185200e+003  9.4105000e+002
  4.8468960e+005  8.2831777e+006  1.1169300e+003  9.2877000e+002
  4.8470555e+005  8.2831662e+006  1.1157300e+003  9.1482000e+002
  4.8472091e+005  8.2831540e+006  1.1147800e+003  8.9790000e+002
  4.8473716e+005  8.2831415e+006  1.1137900e+003  8.8278000e+002
  4.8475368e+005  8.2831308e+006  1.1124800e+003  8.7235000e+002
  4.8477108e+005  8.2831205e+006  1.1110000e+003  8.6244000e+002
  4.8478818e+005  8.2831109e+006  1.1095200e+003  8.4867000e+002
  4.8480563e+005  8.2831024e+006  1.1078100e+003  8.3877000e+002
  4.8482517e+005  8.2830969e+006  1.1052000e+003  8.3146000e+002
  4.8484455e+005  8.2830966e+006  1.1016300e+003  8.2031000e+002
  4.8486408e+005  8.2830995e+006  1.0973900e+003  8.0980000e+002
  4.8488278e+005  8.2831046e+006  1.0928800e+003  8.0077000e+002
  4.8490149e+005  8.2831106e+006  1.0881900e+003  7.8839000e+002
  4.8491913e+005  8.2831170e+006  1.0836200e+003  7.7541000e+002
  4.8493742e+005  8.2831239e+006  1.0788100e+003  7.6507000e+002
  4.8495605e+005  8.2831302e+006  1.0741500e+003  7.5442000e+002
  4.8497484e+005  8.2831352e+006  1.0697800e+003  7.4408000e+002
  4.8499387e+005  8.2831406e+006  1.0653400e+003  7.3407000e+002
  4.8501217e+005  8.2831476e+006  1.0607500e+003  7.2020000e+002
  4.8502851e+005  8.2831567e+006  1.0562000e+003  7.0635000e+002
  4.8504475e+005  8.2831679e+006  1.0513100e+003  6.9784000e+002
  4.8506007e+005  8.2831801e+006  1.0464500e+003  6.9389000e+002
  4.8507489e+005  8.2831929e+006  1.0417200e+003  6.9728000e+002
  4.8508894e+005  8.2832051e+006  1.0372900e+003  6.9963000e+002
  4.8510379e+005  8.2832179e+006  1.0328100e+003  6.9758000e+002
  4.8511801e+005  8.2832315e+006  1.0283600e+003  6.9931000e+002
  4.8513183e+005  8.2832452e+006  1.0240700e+003  7.0553000e+002
  4.8514619e+005  8.2832584e+006  1.0199400e+003  7.1388000e+002
  4.8516211e+005  8.2832701e+006  1.0159800e+003  7.2328000e+002
  4.8517766e+005  8.2832822e+006  1.0122000e+003  7.3046000e+002
  4.8519252e+005  8.2832950e+006  1.0084300e+003  7.2806000e+002
  4.8520835e+005  8.2833064e+006  1.0049500e+003  7.1540000e+002
  4.8522463e+005  8.2833177e+006  1.0015800e+003  7.0414000e+002
  4.8524037e+005  8.2833292e+006  9.9828000e+002  6.9731000e+002
  4.8525512e+005  8.2833420e+006  9.9498000e+002  6.8276000e+002
  4.8526869e+005  8.2833574e+006  9.9136000e+002  6.6491000e+002
  4.8527937e+005  8.2833739e+006  9.8782000e+002  6.5290000e+002
  4.8528824e+005  8.2833911e+006  9.8433000e+002  6.5010000e+002
  4.8529723e+005  8.2834083e+006  9.8094000e+002  6.5417000e+002
  4.8530710e+005  8.2834251e+006  9.7761000e+002  6.5808000e+002
  4.8531762e+005  8.2834428e+006  9.7420000e+002  6.6094000e+002
  4.8532713e+005  8.2834595e+006  9.7109000e+002  6.6524000e+002
  4.8533679e+005  8.2834764e+006  9.6799000e+002  6.7752000e+002
  4.8534605e+005  8.2834938e+006  9.6499000e+002  6.9950000e+002
  4.8535561e+005  8.2835118e+006  9.6198000e+002  7.2237000e+002
  4.8536608e+005  8.2835285e+006  9.5918000e+002  7.4524000e+002
  4.8537978e+005  8.2835425e+006  9.5676000e+002  7.6744000e+002
  4.8539644e+005  8.2835531e+006  9.5472000e+002  7.8700000e+002
  4.8541396e+005  8.2835624e+006  9.5293000e+002  8.0889000e+002
  4.8543160e+005  8.2835715e+006  9.5123000e+002  8.3826000e+002
  4.8544891e+005  8.2835809e+006  9.4959000e+002  8.7235000e+002
  4.8546679e+005  8.2835897e+006  9.4808000e+002  9.0889000e+002
  4.8548468e+005  8.2835984e+006  9.4663000e+002  9.4699000e+002
  4.8550233e+005  8.2836077e+006  9.4520000e+002  9.8755000e+002
  4.8552024e+005  8.2836165e+006  9.4388000e+002  1.0309500e+003
  4.8553838e+005  8.2836249e+006  9.4260000e+002  1.0781900e+003
  4.8555677e+005  8.2836327e+006  9.4142000e+002  1.1285800e+003
  4.8557522e+005  8.2836404e+006  9.4028000e+002  1.1780300e+003
  4.8559405e+005  8.2836470e+006  9.3920000e+002  1.2323200e+003
  4.8561323e+005  8.2836526e+006  9.3818000e+002  1.2956700e+003
  4.8563120e+005  8.2836609e+006  9.3706000e+002  1.3623400e+003
  4.8564950e+005  8.2836709e+006  9.3581000e+002  1.4140500e+003
  4.8566732e+005  8.2836797e+006  9.3468000e+002  1.4548600e+003
  4.8568586e+005  8.2836871e+006  9.3365000e+002  1.4963100e+003
  4.8570411e+005  8.2836952e+006  9.3260000e+002  1.5356500e+003
  4.8572268e+005  8.2837025e+006  9.3158000e+002  1.5708900e+003
  4.8574180e+005  8.2837083e+006  9.3067000e+002  1.6049900e+003
  4.8576087e+005  8.2837143e+006  9.2977000e+002  1.6377400e+003
  4.8577964e+005  8.2837211e+006  9.2890000e+002  1.6708300e+003
  4.8579869e+005  8.2837270e+006  9.2806000e+002  1.7028000e+003
  4.8581810e+005  8.2837317e+006  9.2731000e+002  1.7318500e+003
  4.8583767e+005  8.2837358e+006  9.2659000e+002  1.7608900e+003
  4.8585706e+005  8.2837405e+006  9.2591000e+002  1.7820800e+003
  4.8587629e+005  8.2837459e+006  9.2528000e+002  1.7890200e+003
  4.8589588e+005  8.2837497e+006  9.2468000e+002  1.7926400e+003
  4.8591477e+005  8.2837516e+006  9.2412000e+002  1.8012700e+003
  4.8593443e+005  8.2837551e+006  9.2359000e+002  1.8078400e+003
  4.8595353e+005  8.2837611e+006  9.2316000e+002  1.8060300e+003
  4.8597257e+005  8.2837672e+006  9.2276000e+002  1.7995800e+003
  4.8599198e+005  8.2837720e+006  9.2235000e+002  1.7948500e+003
  4.8601135e+005  8.2837769e+006  9.2195000e+002  1.7947500e+003
  4.8603070e+005  8.2837820e+006  9.2154000e+002  1.7995700e+003
  4.8604992e+005  8.2837875e+006  9.2113000e+002  1.8036700e+003
  4.8606892e+005  8.2837937e+006  9.2072000e+002  1.8029000e+003
  4.8608803e+005  8.2837996e+006  9.2027000e+002  1.7996500e+003
  4.8610746e+005  8.2838042e+006  9.1976000e+002  1.7976800e+003
  4.8612687e+005  8.2838090e+006  9.1922000e+002  1.7942200e+003
  4.8614602e+005  8.2838147e+006  9.1868000e+002  1.7857700e+003
  4.8616497e+005  8.2838211e+006  9.1814000e+002  1.7758700e+003
  4.8618413e+005  8.2838268e+006  9.1756000e+002  1.7661300e+003
  4.8620338e+005  8.2838322e+006  9.1694000e+002  1.7587900e+003
  4.8622230e+005  8.2838387e+006  9.1633000e+002  1.7563200e+003
  4.8624107e+005  8.2838455e+006  9.1570000e+002  1.7562700e+003
  4.8626011e+005  8.2838515e+006  9.1505000e+002  1.7526800e+003
  4.8627926e+005  8.2838570e+006  9.1438000e+002  1.7448900e+003
  4.8629835e+005  8.2838628e+006  9.1369000e+002  1.7337200e+003
  4.8631711e+005  8.2838697e+006  9.1300000e+002  1.7232600e+003
  4.8633566e+005  8.2838771e+006  9.1232000e+002  1.7150300e+003
  4.8635419e+005  8.2838846e+006  9.1162000e+002  1.7074600e+003
  4.8637312e+005  8.2838910e+006  9.1089000e+002  1.7004900e+003
  4.8639235e+005  8.2838964e+006  9.1014000e+002  1.6797200e+003
  4.8641166e+005  8.2839015e+006  9.0937000e+002  1.6507300e+003
  4.8643106e+005  8.2839060e+006  9.0859000e+002  1.6253300e+003
  4.8645036e+005  8.2839111e+006  9.0780000e+002  1.5994800e+003
  4.8646956e+005  8.2839166e+006  9.0701000e+002  1.5758500e+003
  4.8648882e+005  8.2839214e+006  9.0620000e+002  1.5561500e+003
  4.8650845e+005  8.2839251e+006  9.0537000e+002  1.5373600e+003
  4.8652797e+005  8.2839292e+006  9.0453000e+002  1.5170000e+003
  4.8654750e+005  8.2839333e+006  9.0368000e+002  1.4961500e+003
  4.8656711e+005  8.2839372e+006  9.0282000e+002  1.4741200e+003
  4.8658669e+005  8.2839411e+006  9.0195000e+002  1.4536700e+003
  4.8660637e+005  8.2839442e+006  9.0107000e+002  1.4352800e+003
  4.8662603e+005  8.2839478e+006  9.0018000e+002  1.4152200e+003
  4.8664543e+005  8.2839523e+006  8.9930000e+002  1.3970700e+003
  4.8666495e+005  8.2839564e+006  8.9840000e+002  1.3831400e+003
  4.8668465e+005  8.2839597e+006  8.9748000e+002  1.3681600e+003
  4.8670445e+005  8.2839624e+006  8.9654000e+002  1.3508300e+003
  4.8672432e+005  8.2839640e+006  8.9559000e+002  1.3360200e+003
  4.8674397e+005  8.2839671e+006  8.9464000e+002  1.3211800e+003
  4.8676387e+005  8.2839689e+006  8.9366000e+002  1.3032500e+003
  4.8678377e+005  8.2839703e+006  8.9266000e+002  1.2871400e+003
  4.8680372e+005  8.2839713e+006  8.9165000e+002  1.2736300e+003
  4.8682365e+005  8.2839727e+006  8.9063000e+002  1.2503400e+003
  4.8684355e+005  8.2839742e+006  8.8959000e+002  1.2170900e+003
  4.8686344e+005  8.2839757e+006  8.8854000e+002  1.1908100e+003
  4.8688330e+005  8.2839778e+006  8.8748000e+002  1.1727900e+003
  4.8690310e+005  8.2839799e+006  8.8642000e+002  1.1491800e+003
  4.8692296e+005  8.2839818e+006  8.8534000e+002  1.1191800e+003
  4.8694283e+005  8.2839839e+006  8.8426000e+002  1.0889600e+003
  4.8696349e+005  8.2839865e+006  8.8312000e+002  1.0622000e+003
  4.8698310e+005  8.2839901e+006  8.8204000e+002  1.0379100e+003
  4.8700242e+005  8.2839951e+006  8.8098000e+002  1.0108100e+003
  4.8702076e+005  8.2840001e+006  8.7996000e+002  9.7359000e+002
  4.8704001e+005  8.2840054e+006  8.7889000e+002  9.3292000e+002
  4.8705971e+005  8.2840124e+006  8.7780000e+002  8.9149000e+002
  4.8707751e+005  8.2840189e+006  8.7680000e+002  8.4778000e+002
  4.8709665e+005  8.2840247e+006  8.7573000e+002  8.0842000e+002
  4.8711591e+005  8.2840301e+006  8.7464000e+002  7.7469000e+002
  4.8713520e+005  8.2840353e+006  8.7354000e+002  7.5562000e+002
  4.8715473e+005  8.2840393e+006  8.7241000e+002  7.4295000e+002
  4.8717525e+005  8.2840428e+006  8.7121000e+002  7.2165000e+002
  4.8719486e+005  8.2840464e+006  8.7005000e+002  6.9314000e+002
  4.8721447e+005  8.2840501e+006  8.6886000e+002  6.6529000e+002
  4.8723321e+005  8.2840531e+006  8.6770000e+002  6.2498000e+002
  4.8725388e+005  8.2840562e+006  8.6641000e+002  5.7901000e+002
  4.8727350e+005  8.2840598e+006  8.6517000e+002  5.2711000e+002
  4.8729313e+005  8.2840634e+006  8.6390000e+002  4.8367000e+002
  4.8731286e+005  8.2840662e+006  8.6262000e+002  4.4320000e+002
  4.8733254e+005  8.2840692e+006  8.6132000e+002  3.9978000e+002
  4.8735216e+005  8.2840724e+006  8.6002000e+002  3.5699000e+002
  4.8737159e+005  8.2840769e+006  8.5872000e+002  3.1340000e+002
  4.8739122e+005  8.2840804e+006  8.5740000e+002  2.7057000e+002
  4.8741076e+005  8.2840843e+006  8.5609000e+002  2.3477000e+002
  4.8742838e+005  8.2840883e+006  8.5490000e+002  2.7579000e+002
  4.8743007e+005  8.2840692e+006  8.5476000e+002  3.2728000e+002
  4.8742963e+005  8.2840495e+006  8.5482000e+002  4.4480000e+002
  4.8743008e+005  8.2840286e+006  8.5490000e+002  4.7550000e+002
  4.8743232e+005  8.2840095e+006  8.5494000e+002  5.1692000e+002
  4.8743553e+005  8.2839893e+006  8.5499000e+002  5.6589000e+002
  4.8743833e+005  8.2839692e+006  8.5514000e+002  6.1506000e+002
  4.8744154e+005  8.2839505e+006  8.5528000e+002  6.6104000e+002
  4.8744547e+005  8.2839304e+006  8.5542000e+002  7.0059000e+002
  4.8744765e+005  8.2839101e+006  8.5571000e+002  7.4884000e+002
  4.8744795e+005  8.2838905e+006  8.5611000e+002  8.0058000e+002
  4.8744795e+005  8.2838710e+006  8.5651000e+002  8.3451000e+002
  4.8744806e+005  8.2838512e+006  8.5685000e+002  8.6671000e+002
  4.8744895e+005  8.2838312e+006  8.5707000e+002  9.0628000e+002
  4.8745065e+005  8.2838113e+006  8.5715000e+002  9.5299000e+002
  4.8745289e+005  8.2837914e+006  8.5711000e+002  1.0025100e+003
  4.8745574e+005  8.2837706e+006  8.5695000e+002  1.0499900e+003
  4.8745864e+005  8.2837513e+006  8.5672000e+002  1.0933100e+003
  4.8746143e+005  8.2837307e+006  8.5642000e+002  1.1184600e+003
  4.8746373e+005  8.2837111e+006  8.5610000e+002  1.1348800e+003
  4.8746642e+005  8.2836917e+006  8.5572000e+002  1.1496000e+003
  4.8746959e+005  8.2836723e+006  8.5526000e+002  1.1617700e+003
  4.8747372e+005  8.2836520e+006  8.5470000e+002  1.1718500e+003
  4.8747796e+005  8.2836329e+006  8.5413000e+002  1.1819600e+003
  4.8748433e+005  8.2836141e+006  8.5341000e+002  1.1875600e+003
  4.8749302e+005  8.2835956e+006  8.5255000e+002  1.1911200e+003
  4.8750402e+005  8.2835788e+006  8.5154000e+002  1.1948300e+003
  4.8751606e+005  8.2835627e+006  8.5050000e+002  1.1994500e+003
  4.8752743e+005  8.2835480e+006  8.4953000e+002  1.2016200e+003
  4.8753998e+005  8.2835324e+006  8.4850000e+002  1.1958300e+003
  4.8755323e+005  8.2835169e+006  8.4742000e+002  1.1891500e+003
  4.8756685e+005  8.2835016e+006  8.4637000e+002  1.1852900e+003
  4.8757970e+005  8.2834874e+006  8.4537000e+002  1.1833200e+003
  4.8759410e+005  8.2834722e+006  8.4429000e+002  1.1859800e+003
  4.8760780e+005  8.2834589e+006  8.4329000e+002  1.1848300e+003
  4.8762268e+005  8.2834447e+006  8.4222000e+002  1.1767900e+003
  4.8763645e+005  8.2834314e+006  8.4122000e+002  1.1666900e+003
  4.8765091e+005  8.2834175e+006  8.4018000e+002  1.1595900e+003
  4.8766395e+005  8.2834019e+006  8.3920000e+002  1.1602100e+003
  4.8767494e+005  8.2833854e+006  8.3831000e+002  1.1690700e+003
  4.8768463e+005  8.2833679e+006  8.3747000e+002  1.1768500e+003
  4.8769425e+005  8.2833503e+006  8.3663000e+002  1.1768700e+003
  4.8770434e+005  8.2833327e+006  8.3574000e+002  1.1729500e+003
  4.8771489e+005  8.2833154e+006  8.3482000e+002  1.1718800e+003
  4.8772551e+005  8.2832980e+006  8.3388000e+002  1.1781700e+003
  4.8773569e+005  8.2832819e+006  8.3297000e+002  1.1832400e+003
  4.8774687e+005  8.2832647e+006  8.3198000e+002  1.1827400e+003
  4.8775790e+005  8.2832476e+006  8.3099000e+002  1.1822100e+003
  4.8776850e+005  8.2832322e+006  8.3004000e+002  1.1809100e+003
  4.8778045e+005  8.2832158e+006  8.2897000e+002  1.1799400e+003
  4.8779247e+005  8.2831995e+006  8.2790000e+002  1.1792300e+003
  4.8780442e+005  8.2831846e+006  8.2684000e+002  1.1732900e+003
  4.8781731e+005  8.2831689e+006  8.2569000e+002  1.1601600e+003
  4.8783025e+005  8.2831532e+006  8.2452000e+002  1.1495600e+003
  4.8784377e+005  8.2831396e+006  8.2334000e+002  1.1447000e+003
  4.8785935e+005  8.2831261e+006  8.2203000e+002  1.1433300e+003
  4.8787471e+005  8.2831127e+006  8.2071000e+002  1.1444700e+003
  4.8788801e+005  8.2830992e+006  8.1951000e+002  1.1445900e+003
  4.8790212e+005  8.2830842e+006  8.1819000e+002  1.1419200e+003
  4.8791694e+005  8.2830698e+006  8.1683000e+002  1.1366600e+003
  4.8793120e+005  8.2830572e+006  8.1554000e+002  1.1353300e+003
  4.8794677e+005  8.2830435e+006  8.1412000e+002  1.1426500e+003
  4.8795986e+005  8.2830301e+006  8.1284000e+002  1.1516500e+003
  4.8797306e+005  8.2830145e+006  8.1145000e+002  1.1534500e+003
  4.8798641e+005  8.2829986e+006  8.1004000e+002  1.1510600e+003
  4.8799917e+005  8.2829846e+006  8.0869000e+002  1.1461100e+003
  4.8801329e+005  8.2829700e+006  8.0723000e+002  1.1391700e+003
  4.8802773e+005  8.2829555e+006  8.0574000e+002  1.1317700e+003
  4.8804122e+005  8.2829426e+006  8.0437000e+002  1.1258200e+003
  4.8805587e+005  8.2829284e+006  8.0287000e+002  1.1208400e+003
  4.8806985e+005  8.2829136e+006  8.0137000e+002  1.1138700e+003
  4.8808258e+005  8.2828994e+006  7.9998000e+002  1.1008100e+003
  4.8809683e+005  8.2828845e+006  7.9846000e+002  1.0862100e+003
  4.8811116e+005  8.2828694e+006  7.9693000e+002  1.0770800e+003
  4.8812374e+005  8.2828550e+006  7.9554000e+002  1.0691100e+003
  4.8813672e+005  8.2828390e+006  7.9406000e+002  1.0569800e+003
  4.8814784e+005  8.2828237e+006  7.9271000e+002  1.0431200e+003
  4.8815929e+005  8.2828066e+006  7.9126000e+002  1.0334600e+003
  4.8816999e+005  8.2827906e+006  7.8991000e+002  1.0248400e+003
  4.8818399e+005  8.2827749e+006  7.8845000e+002  1.0158500e+003
  4.8819934e+005  8.2827633e+006  7.8718000e+002  1.0044400e+003
  4.8821698e+005  8.2827544e+006  7.8600000e+002  9.9372000e+002
  4.8823442e+005  8.2827446e+006  7.8482000e+002  9.8489000e+002
  4.8825052e+005  8.2827325e+006  7.8359000e+002  9.7577000e+002
  4.8826558e+005  8.2827196e+006  7.8239000e+002  9.6716000e+002
  4.8828086e+005  8.2827073e+006  7.8124000e+002  9.6306000e+002
  4.8829707e+005  8.2826958e+006  7.8012000e+002  9.5773000e+002
  4.8831435e+005  8.2826839e+006  7.7897000e+002  9.4839000e+002
  4.8832957e+005  8.2826717e+006  7.7788000e+002  9.3840000e+002
  4.8834421e+005  8.2826587e+006  7.7676000e+002  9.2831000e+002
  4.8835958e+005  8.2826446e+006  7.7557000e+002  9.1838000e+002
  4.8837413e+005  8.2826318e+006  7.7445000e+002  9.0678000e+002
  4.8838838e+005  8.2826183e+006  7.7329000e+002  8.9240000e+002
  4.8840173e+005  8.2826039e+006  7.7207000e+002  8.7777000e+002
  4.8841510e+005  8.2825875e+006  7.7072000e+002  8.6703000e+002
  4.8842744e+005  8.2825723e+006  7.6943000e+002  8.5904000e+002
  4.8844005e+005  8.2825577e+006  7.6814000e+002  8.5415000e+002
  4.8845396e+005  8.2825420e+006  7.6668000e+002  8.5307000e+002
  4.8846641e+005  8.2825265e+006  7.6528000e+002  8.5615000e+002
  4.8847684e+005  8.2825096e+006  7.6384000e+002  8.5972000e+002
  4.8848606e+005  8.2824918e+006  7.6239000e+002  8.6041000e+002
  4.8849578e+005  8.2824742e+006  7.6093000e+002  8.5833000e+002
  4.8850581e+005  8.2824570e+006  7.5945000e+002  8.5656000e+002
  4.8851533e+005  8.2824397e+006  7.5800000e+002  8.5785000e+002
  4.8852405e+005  8.2824223e+006  7.5658000e+002  8.6052000e+002
  4.8853198e+005  8.2824048e+006  7.5518000e+002  8.6224000e+002
  4.8854158e+005  8.2823862e+006  7.5365000e+002  8.5940000e+002
  4.8855155e+005  8.2823696e+006  7.5220000e+002  8.4450000e+002
  4.8856270e+005  8.2823519e+006  7.5062000e+002  8.2371000e+002
  4.8857420e+005  8.2823362e+006  7.4912000e+002  8.0164000e+002
  4.8858773e+005  8.2823225e+006  7.4761000e+002  7.8059000e+002
  4.8860367e+005  8.2823090e+006  7.4597000e+002  7.6500000e+002
  4.8861785e+005  8.2822957e+006  7.4444000e+002  7.5360000e+002
  4.8863145e+005  8.2822817e+006  7.4288000e+002  7.4338000e+002
  4.8864560e+005  8.2822677e+006  7.4130000e+002  7.3307000e+002
  4.8865924e+005  8.2822516e+006  7.3962000e+002  7.2393000e+002
  4.8867017e+005  8.2822349e+006  7.3805000e+002  7.1549000e+002
  4.8867940e+005  8.2822190e+006  7.3661000e+002  7.0742000e+002
  4.8869049e+005  8.2822022e+006  7.3500000e+002  7.0147000e+002
  4.8870223e+005  8.2821856e+006  7.3337000e+002  6.9639000e+002
  4.8871369e+005  8.2821687e+006  7.3172000e+002  6.9392000e+002
  4.8872514e+005  8.2821519e+006  7.3008000e+002  6.9383000e+002
  4.8873564e+005  8.2821367e+006  7.2858000e+002  6.9612000e+002
  4.8874726e+005  8.2821197e+006  7.2692000e+002  6.9992000e+002
  4.8875840e+005  8.2821024e+006  7.2526000e+002  7.0100000e+002
  4.8876801e+005  8.2820862e+006  7.2376000e+002  6.9867000e+002
  4.8877857e+005  8.2820682e+006  7.2210000e+002  6.9393000e+002
  4.8878922e+005  8.2820510e+006  7.2049000e+002  6.9009000e+002
  4.8879839e+005  8.2820350e+006  7.1905000e+002  6.8560000e+002
  4.8880827e+005  8.2820168e+006  7.1744000e+002  6.7961000e+002
  4.8881858e+005  8.2819992e+006  7.1586000e+002  6.7697000e+002
  4.8882936e+005  8.2819821e+006  7.1429000e+002  6.7579000e+002
  4.8883921e+005  8.2819664e+006  7.1287000e+002  6.7358000e+002
  4.8885036e+005  8.2819497e+006  7.1132000e+002  6.7277000e+002
  4.8886147e+005  8.2819329e+006  7.0978000e+002  6.7226000e+002
  4.8887106e+005  8.2819155e+006  7.0831000e+002  6.7216000e+002
  4.8887981e+005  8.2818975e+006  7.0685000e+002  6.7254000e+002
  4.8888871e+005  8.2818799e+006  7.0542000e+002  6.7215000e+002
  4.8889746e+005  8.2818618e+006  7.0400000e+002  6.7004000e+002
  4.8890581e+005  8.2818437e+006  7.0260000e+002  6.6859000e+002
  4.8891401e+005  8.2818259e+006  7.0125000e+002  6.6591000e+002
  4.8892320e+005  8.2818066e+006  6.9979000e+002  6.6276000e+002
  4.8893167e+005  8.2817893e+006  6.9847000e+002  6.5982000e+002
  4.8894050e+005  8.2817722e+006  6.9716000e+002  6.5571000e+002
  4.8895040e+005  8.2817543e+006  6.9574000e+002  6.5039000e+002
  4.8896019e+005  8.2817373e+006  6.9437000e+002  6.4379000e+002
  4.8897068e+005  8.2817192e+006  6.9293000e+002  6.3750000e+002
  4.8898002e+005  8.2817024e+006  6.9157000e+002  6.2920000e+002
  4.8898983e+005  8.2816843e+006  6.9015000e+002  6.1908000e+002
  4.8899943e+005  8.2816677e+006  6.8879000e+002  6.0940000e+002
  4.8901028e+005  8.2816501e+006  6.8726000e+002  6.0633000e+002
  4.8901985e+005  8.2816331e+006  6.8586000e+002  6.0674000e+002
  4.8902900e+005  8.2816157e+006  6.8441000e+002  6.0630000e+002
  4.8903832e+005  8.2815973e+006  6.8290000e+002  6.0377000e+002
  4.8904722e+005  8.2815800e+006  6.8145000e+002  6.0284000e+002
  4.8905593e+005  8.2815624e+006  6.7995000e+002  6.0382000e+002
  4.8906291e+005  8.2815426e+006  6.7848000e+002  6.0530000e+002
  4.8906593e+005  8.2815234e+006  6.7734000e+002  6.0788000e+002
  4.8906595e+005  8.2815036e+006  6.7638000e+002  6.1070000e+002
  4.8906445e+005  8.2814834e+006  6.7550000e+002  6.1287000e+002
  4.8906392e+005  8.2814636e+006  6.7454000e+002  6.1608000e+002
  4.8906573e+005  8.2814429e+006  6.7332000e+002  6.1687000e+002
  4.8906894e+005  8.2814244e+006  6.7210000e+002  6.1209000e+002
  4.8907219e+005  8.2814047e+006  6.7078000e+002  6.0931000e+002
  4.8907483e+005  8.2813849e+006  6.6947000e+002  6.0857000e+002
  4.8907714e+005  8.2813650e+006  6.6817000e+002  6.0835000e+002
  4.8907786e+005  8.2813449e+006  6.6695000e+002  6.1008000e+002
  4.8907722e+005  8.2813247e+006  6.6579000e+002  6.0809000e+002
  4.8907391e+005  8.2813047e+006  6.6480000e+002  5.9196000e+002
  4.8906168e+005  8.2812903e+006  6.6471000e+002  5.7408000e+002
  4.8904456e+005  8.2812816e+006  6.6522000e+002  5.7377000e+002
  4.8902452e+005  8.2812788e+006  6.6617000e+002  5.9068000e+002
  4.8900470e+005  8.2812836e+006  6.6752000e+002  6.1857000e+002
  4.8898655e+005  8.2812926e+006  6.6900000e+002  6.4541000e+002
  4.8896974e+005  8.2813017e+006  6.7034000e+002  6.5696000e+002
  4.8895142e+005  8.2813119e+006  6.7171000e+002  6.6226000e+002
  4.8893494e+005  8.2813209e+006  6.7285000e+002  6.7410000e+002
  4.8891678e+005  8.2813312e+006  6.7405000e+002  6.7496000e+002
  4.8862382e+005  8.2812935e+006  6.6666000e+002  3.7170000e+002
  4.8864161e+005  8.2813013e+006  6.6800000e+002  5.0378000e+002
  4.8865987e+005  8.2813088e+006  6.6933000e+002  5.3614000e+002
  4.8867894e+005  8.2813155e+006  6.7060000e+002  5.7239000e+002
  4.8869844e+005  8.2813216e+006  6.7179000e+002  6.0698000e+002
  4.8871640e+005  8.2813287e+006  6.7293000e+002  6.3065000e+002
  4.8873454e+005  8.2813380e+006  6.7414000e+002  6.4746000e+002
  4.8875232e+005  8.2813471e+006  6.7526000e+002  6.5957000e+002
  4.8876996e+005  8.2813549e+006  6.7620000e+002  6.6661000e+002
  4.8878907e+005  8.2813629e+006  6.7704000e+002  6.7351000e+002
  4.8880781e+005  8.2813700e+006  6.7772000e+002  6.7958000e+002
  4.8882576e+005  8.2813767e+006  6.7826000e+002  6.8344000e+002
  4.8884446e+005  8.2813837e+006  6.7872000e+002  6.8829000e+002
  4.8886350e+005  8.2813915e+006  6.7908000e+002  6.9059000e+002
  4.8888123e+005  8.2813998e+006  6.7938000e+002  6.8888000e+002
  4.8890020e+005  8.2814083e+006  6.7957000e+002  6.8644000e+002
  4.8891852e+005  8.2814157e+006  6.7957000e+002  6.8338000e+002
  4.8893665e+005  8.2814232e+006  6.7944000e+002  6.7949000e+002
  4.8895449e+005  8.2814316e+006  6.7926000e+002  6.7500000e+002
  4.8897217e+005  8.2814416e+006  6.7909000e+002  6.7178000e+002
  4.8898856e+005  8.2814525e+006  6.7888000e+002  6.6432000e+002
  4.8900493e+005  8.2814638e+006  6.7859000e+002  6.4936000e+002
  4.8902256e+005  8.2814750e+006  6.7812000e+002  6.3691000e+002
  4.8903901e+005  8.2814850e+006  6.7751000e+002  6.2526000e+002
  4.8905622e+005  8.2814965e+006  6.7680000e+002  6.1276000e+002
  4.8907231e+005  8.2815072e+006  6.7604000e+002  5.9615000e+002
  4.8908902e+005  8.2815177e+006  6.7506000e+002  5.7479000e+002
  4.8910585e+005  8.2815292e+006  6.7399000e+002  5.5075000e+002
  4.8912123e+005  8.2815422e+006  6.7305000e+002  5.2899000e+002
  4.8913610e+005  8.2815558e+006  6.7203000e+002  5.1080000e+002
  4.8915090e+005  8.2815682e+006  6.7092000e+002  4.9196000e+002
  4.8916621e+005  8.2815804e+006  6.6966000e+002  4.7105000e+002
  4.8918316e+005  8.2815926e+006  6.6816000e+002  4.4960000e+002
  4.8919586e+005  8.2816071e+006  6.6724000e+002  4.2826000e+002
  4.8919138e+005  8.2816253e+006  6.6846000e+002  4.3220000e+002
  4.8917336e+005  8.2816322e+006  6.7081000e+002  4.5871000e+002
  4.8915410e+005  8.2816359e+006  6.7314000e+002  4.7909000e+002
  4.8913478e+005  8.2816385e+006  6.7538000e+002  5.0070000e+002
  4.8911458e+005  8.2816409e+006  6.7763000e+002  5.2068000e+002
  4.8909507e+005  8.2816434e+006  6.7973000e+002  5.3976000e+002
  4.8907544e+005  8.2816459e+006  6.8170000e+002  5.5787000e+002
  4.8905562e+005  8.2816481e+006  6.8356000e+002  5.7648000e+002
  4.8903556e+005  8.2816494e+006  6.8529000e+002  5.9708000e+002
  4.8901521e+005  8.2816507e+006  6.8693000e+002  6.1657000e+002
  4.8899546e+005  8.2816529e+006  6.8845000e+002  6.3497000e+002
  4.8897623e+005  8.2816559e+006  6.8985000e+002  6.5356000e+002
  4.8895669e+005  8.2816594e+006  6.9120000e+002  6.6821000e+002
  4.8893724e+005  8.2816629e+006  6.9248000e+002  6.8313000e+002
  4.8891745e+005  8.2816661e+006  6.9369000e+002  6.9810000e+002
  4.8889700e+005  8.2816689e+006  6.9483000e+002  7.1320000e+002
  4.8887790e+005  8.2816716e+006  6.9582000e+002  7.2865000e+002
  4.8885861e+005  8.2816764e+006  6.9686000e+002  7.3707000e+002
  4.8884573e+005  8.2816894e+006  6.9807000e+002  7.4649000e+002
  4.8883995e+005  8.2817094e+006  6.9935000e+002  7.5078000e+002
  4.8883653e+005  8.2817299e+006  7.0056000e+002  7.5469000e+002
  4.8883211e+005  8.2817483e+006  7.0170000e+002  7.5820000e+002
  4.8882501e+005  8.2817677e+006  7.0300000e+002  7.6271000e+002
  4.8881673e+005  8.2817852e+006  7.0426000e+002  7.6781000e+002
  4.8880606e+005  8.2818030e+006  7.0563000e+002  7.7285000e+002
  4.8879523e+005  8.2818190e+006  7.0693000e+002  7.7679000e+002
  4.8878287e+005  8.2818354e+006  7.0829000e+002  7.7930000e+002
  4.8877119e+005  8.2818505e+006  7.0958000e+002  7.8131000e+002
  4.8875993e+005  8.2818676e+006  7.1096000e+002  7.8476000e+002
  4.8875042e+005  8.2818857e+006  7.1235000e+002  7.8850000e+002
  4.8874183e+005  8.2819026e+006  7.1366000e+002  7.9177000e+002
  4.8873253e+005  8.2819203e+006  7.1505000e+002  7.9595000e+002
  4.8872245e+005  8.2819374e+006  7.1647000e+002  8.0070000e+002
  4.8871122e+005  8.2819546e+006  7.1795000e+002  8.0504000e+002
  4.8870048e+005  8.2819711e+006  7.1940000e+002  8.1017000e+002
  4.8868951e+005  8.2819876e+006  7.2089000e+002  8.1655000e+002
  4.8867818e+005  8.2820040e+006  7.2240000e+002  8.2224000e+002
  4.8866672e+005  8.2820213e+006  7.2402000e+002  8.2497000e+002
  4.8865664e+005  8.2820373e+006  7.2552000e+002  8.2575000e+002
  4.8864618e+005  8.2820552e+006  7.2721000e+002  8.2457000e+002
  4.8863616e+005  8.2820722e+006  7.2883000e+002  8.2255000e+002
  4.8862651e+005  8.2820893e+006  7.3047000e+002  8.2121000e+002
  4.8861701e+005  8.2821069e+006  7.3216000e+002  8.2122000e+002
  4.8860825e+005  8.2821244e+006  7.3382000e+002  8.2274000e+002
  4.8859879e+005  8.2821424e+006  7.3555000e+002  8.2613000e+002
  4.8858915e+005  8.2821600e+006  7.3725000e+002  8.3099000e+002
  4.8858095e+005  8.2821778e+006  7.3889000e+002  8.3826000e+002
  4.8857260e+005  8.2821963e+006  7.4059000e+002  8.4798000e+002
  4.8856315e+005  8.2822142e+006  7.4225000e+002  8.5853000e+002
  4.8855308e+005  8.2822310e+006  7.4386000e+002  8.6930000e+002
  4.8854186e+005  8.2822478e+006  7.4550000e+002  8.7861000e+002
  4.8853168e+005  8.2822641e+006  7.4702000e+002  8.8773000e+002
  4.8852181e+005  8.2822822e+006  7.4863000e+002  8.9649000e+002
  4.8851239e+005  8.2822991e+006  7.5011000e+002  9.0533000e+002
  4.8850189e+005  8.2823168e+006  7.5165000e+002  9.1343000e+002
  4.8849168e+005  8.2823335e+006  7.5310000e+002  9.1810000e+002
  4.8848121e+005  8.2823509e+006  7.5456000e+002  9.2033000e+002
  4.8847087e+005  8.2823679e+006  7.5599000e+002  9.2585000e+002
  4.8846028e+005  8.2823840e+006  7.5733000e+002  9.3393000e+002
  4.8844888e+005  8.2824011e+006  7.5875000e+002  9.4100000e+002
  4.8843715e+005  8.2824169e+006  7.6008000e+002  9.4691000e+002
  4.8842522e+005  8.2824323e+006  7.6137000e+002  9.5221000e+002
  4.8841315e+005  8.2824484e+006  7.6268000e+002  9.5823000e+002
  4.8840026e+005  8.2824643e+006  7.6399000e+002  9.6361000e+002
  4.8838792e+005  8.2824797e+006  7.6524000e+002  9.6788000e+002
  4.8837610e+005  8.2824962e+006  7.6652000e+002  9.7165000e+002
  4.8836410e+005  8.2825119e+006  7.6776000e+002  9.7540000e+002
  4.8835135e+005  8.2825274e+006  7.6899000e+002  9.7874000e+002
  4.8833807e+005  8.2825420e+006  7.7018000e+002  9.8172000e+002
  4.8832462e+005  8.2825565e+006  7.7136000e+002  9.8555000e+002
  4.8831103e+005  8.2825711e+006  7.7255000e+002  9.8933000e+002
  4.8829735e+005  8.2825859e+006  7.7377000e+002  9.9240000e+002
  4.8828346e+005  8.2826005e+006  7.7499000e+002  9.9538000e+002
  4.8826977e+005  8.2826150e+006  7.7622000e+002  1.0001300e+003
  4.8825508e+005  8.2826276e+006  7.7737000e+002  1.0101600e+003
  4.8823803e+005  8.2826387e+006  7.7851000e+002  1.0214700e+003
  4.8822149e+005  8.2826497e+006  7.7967000e+002  1.0308200e+003
  4.8820459e+005  8.2826611e+006  7.8089000e+002  1.0359600e+003
  4.8818865e+005  8.2826721e+006  7.8210000e+002  1.0379200e+003
  4.8817266e+005  8.2826837e+006  7.8337000e+002  1.0434000e+003
  4.8815630e+005  8.2826963e+006  7.8477000e+002  1.0532300e+003
  4.8814146e+005  8.2827088e+006  7.8612000e+002  1.0613900e+003
  4.8812650e+005  8.2827227e+006  7.8761000e+002  1.0675000e+003
  4.8811164e+005  8.2827355e+006  7.8904000e+002  1.0735000e+003
  4.8809552e+005  8.2827474e+006  7.9050000e+002  1.0789800e+003
  4.8807914e+005  8.2827585e+006  7.9194000e+002  1.0903800e+003
  4.8806257e+005  8.2827694e+006  7.9341000e+002  1.1082600e+003
  4.8804548e+005  8.2827808e+006  7.9497000e+002  1.1205000e+003
  4.8802954e+005  8.2827918e+006  7.9647000e+002  1.1253100e+003
  4.8801348e+005  8.2828041e+006  7.9808000e+002  1.1310200e+003
  4.8799821e+005  8.2828162e+006  7.9966000e+002  1.1410100e+003
  4.8798104e+005  8.2828275e+006  8.0131000e+002  1.1516900e+003
  4.8796346e+005  8.2828371e+006  8.0287000e+002  1.1569200e+003
  4.8794585e+005  8.2828458e+006  8.0441000e+002  1.1591500e+003
  4.8792818e+005  8.2828546e+006  8.0597000e+002  1.1657300e+003
  4.8791094e+005  8.2828637e+006  8.0753000e+002  1.1715300e+003
  4.8789338e+005  8.2828734e+006  8.0917000e+002  1.1678000e+003
  4.8787556e+005  8.2828834e+006  8.1082000e+002  1.1620200e+003
  4.8785811e+005  8.2828933e+006  8.1246000e+002  1.1634600e+003
  4.8784079e+005  8.2829031e+006  8.1408000e+002  1.1702000e+003
  4.8782346e+005  8.2829124e+006  8.1564000e+002  1.1830300e+003
  4.8780634e+005  8.2829216e+006  8.1719000e+002  1.1961900e+003
  4.8778826e+005  8.2829317e+006  8.1880000e+002  1.2001100e+003
  4.8777153e+005  8.2829412e+006  8.2028000e+002  1.2009300e+003
  4.8775446e+005  8.2829516e+006  8.2181000e+002  1.2041200e+003
  4.8773733e+005  8.2829630e+006  8.2333000e+002  1.2086400e+003
  4.8772183e+005  8.2829740e+006  8.2471000e+002  1.2148800e+003
  4.8770490e+005  8.2829862e+006  8.2615000e+002  1.2233800e+003
  4.8768856e+005  8.2829974e+006  8.2749000e+002  1.2320600e+003
  4.8767223e+005  8.2830083e+006  8.2875000e+002  1.2361300e+003
  4.8765540e+005  8.2830193e+006  8.2999000e+002  1.2388800e+003
  4.8763872e+005  8.2830303e+006  8.3117000e+002  1.2425000e+003
  4.8762270e+005  8.2830413e+006  8.3226000e+002  1.2467200e+003
  4.8760600e+005  8.2830532e+006  8.3336000e+002  1.2528000e+003
  4.8758961e+005  8.2830639e+006  8.3436000e+002  1.2582700e+003
  4.8757204e+005  8.2830744e+006  8.3535000e+002  1.2601200e+003
  4.8755518e+005  8.2830838e+006  8.3621000e+002  1.2641600e+003
  4.8753794e+005  8.2830940e+006  8.3709000e+002  1.2713400e+003
  4.8752019e+005  8.2831045e+006  8.3794000e+002  1.2791700e+003
  4.8750296e+005  8.2831143e+006  8.3872000e+002  1.2869800e+003
  4.8748603e+005  8.2831243e+006  8.3948000e+002  1.2940300e+003
  4.8746967e+005  8.2831352e+006  8.4024000e+002  1.3005800e+003
  4.8745287e+005  8.2831475e+006  8.4104000e+002  1.3093800e+003
  4.8743654e+005  8.2831587e+006  8.4180000e+002  1.3183300e+003
  4.8741962e+005  8.2831693e+006  8.4255000e+002  1.3232200e+003
  4.8740274e+005  8.2831797e+006  8.4330000e+002  1.3300800e+003
  4.8738622e+005  8.2831904e+006  8.4408000e+002  1.3343900e+003
  4.8736971e+005  8.2832020e+006  8.4492000e+002  1.3350200e+003
  4.8735302e+005  8.2832137e+006  8.4580000e+002  1.3399200e+003
  4.8733753e+005  8.2832253e+006  8.4668000e+002  1.3484500e+003
  4.8732146e+005  8.2832368e+006  8.4762000e+002  1.3564000e+003
  4.8730409e+005  8.2832479e+006  8.4860000e+002  1.3616000e+003
  4.8728772e+005  8.2832587e+006  8.4959000e+002  1.3646300e+003
  4.8727133e+005  8.2832708e+006  8.5070000e+002  1.3681600e+003
  4.8725579e+005  8.2832822e+006  8.5179000e+002  1.3745200e+003
  4.8723951e+005  8.2832939e+006  8.5296000e+002  1.3790600e+003
  4.8722237e+005  8.2833053e+006  8.5418000e+002  1.3822600e+003
  4.8720591e+005  8.2833162e+006  8.5540000e+002  1.3902500e+003
  4.8718947e+005  8.2833272e+006  8.5665000e+002  1.4000800e+003
  4.8717263e+005  8.2833386e+006  8.5797000e+002  1.4050100e+003
  4.8715606e+005  8.2833488e+006  8.5925000e+002  1.4095300e+003
  4.8713850e+005  8.2833588e+006  8.6058000e+002  1.4177300e+003
  4.8712121e+005  8.2833676e+006  8.6185000e+002  1.4261200e+003
  4.8710254e+005  8.2833759e+006  8.6320000e+002  1.4319500e+003
  4.8708497e+005  8.2833842e+006  8.6449000e+002  1.4352400e+003
  4.8706661e+005  8.2833938e+006  8.6590000e+002  1.4382800e+003
  4.8704986e+005  8.2834033e+006  8.6724000e+002  1.4447500e+003
  4.8703263e+005  8.2834130e+006  8.6859000e+002  1.4518500e+003
  4.8701504e+005  8.2834223e+006  8.6994000e+002  1.4575300e+003
  4.8699672e+005  8.2834317e+006  8.7133000e+002  1.4625600e+003
  4.8697967e+005  8.2834413e+006  8.7264000e+002  1.4670600e+003
  4.8696214e+005  8.2834508e+006  8.7396000e+002  1.4710100e+003
  4.8694476e+005  8.2834609e+006  8.7527000e+002  1.4773400e+003
  4.8692734e+005  8.2834712e+006  8.7657000e+002  1.4868200e+003
  4.8691093e+005  8.2834813e+006  8.7779000e+002  1.4978200e+003
  4.8689338e+005  8.2834909e+006  8.7904000e+002  1.5073300e+003
  4.8687492e+005  8.2834982e+006  8.8025000e+002  1.5322800e+003
  4.8685626e+005  8.2835050e+006  8.8144000e+002  1.5419100e+003
  4.8683628e+005  8.2835080e+006  8.8258000e+002  1.5446200e+003
  4.8681613e+005  8.2835052e+006  8.8355000e+002  1.5434300e+003
  4.8679758e+005  8.2834999e+006  8.8436000e+002  1.5481500e+003
  4.8677808e+005  8.2834940e+006  8.8520000e+002  1.5579900e+003
  4.8675858e+005  8.2834896e+006  8.8609000e+002  1.5713400e+003
  4.8673921e+005  8.2834858e+006  8.8699000e+002  1.5791200e+003
  4.8671936e+005  8.2834821e+006  8.8793000e+002  1.5699600e+003
  4.8670025e+005  8.2834790e+006  8.8885000e+002  1.5458300e+003
  4.8668013e+005  8.2834756e+006  8.8982000e+002  1.5166900e+003
  4.8666067e+005  8.2834723e+006  8.9076000e+002  1.4865400e+003
  4.8664115e+005  8.2834695e+006  8.9171000e+002  1.4583200e+003
  4.8662069e+005  8.2834664e+006  8.9271000e+002  1.4312900e+003
  4.8660090e+005  8.2834628e+006  8.9365000e+002  1.4017100e+003
  4.8658162e+005  8.2834589e+006  8.9454000e+002  1.3723300e+003
  4.8656182e+005  8.2834545e+006  8.9545000e+002  1.3460500e+003
  4.8654276e+005  8.2834505e+006  8.9632000e+002  1.3220200e+003
  4.8652342e+005  8.2834464e+006  8.9721000e+002  1.3034400e+003
  4.8650356e+005  8.2834423e+006  8.9814000e+002  1.2920700e+003
  4.8648452e+005  8.2834385e+006  8.9904000e+002  1.2875100e+003
  4.8646478e+005  8.2834352e+006  9.0000000e+002  1.2795800e+003
  4.8644436e+005  8.2834317e+006  9.0103000e+002  1.2665200e+003
  4.8642521e+005  8.2834281e+006  9.0203000e+002  1.2484900e+003
  4.8640506e+005  8.2834238e+006  9.0318000e+002  1.2249200e+003
  4.8638605e+005  8.2834192e+006  9.0437000e+002  1.2021000e+003
  4.8636668e+005  8.2834142e+006  9.0569000e+002  1.1749500e+003
  4.8634740e+005  8.2834091e+006  9.0713000e+002  1.1497500e+003
  4.8632847e+005  8.2834041e+006  9.0865000e+002  1.1191300e+003
  4.8630902e+005  8.2833988e+006  9.1038000e+002  1.0830700e+003
  4.8628987e+005  8.2833938e+006  9.1223000e+002  1.0443500e+003
  4.8627095e+005  8.2833892e+006  9.1416000e+002  1.0058800e+003
  4.8625076e+005  8.2833843e+006  9.1635000e+002  9.6532000e+002
  4.8623162e+005  8.2833799e+006  9.1851000e+002  9.2102000e+002
  4.8621207e+005  8.2833755e+006  9.2084000e+002  8.8327000e+002
  4.8619284e+005  8.2833714e+006  9.2325000e+002  8.4407000e+002
  4.8617416e+005  8.2833666e+006  9.2580000e+002  8.0205000e+002
  4.8615450e+005  8.2833622e+006  9.2850000e+002  7.6219000e+002
  4.8613466e+005  8.2833591e+006  9.3113000e+002  7.2491000e+002
  4.8611567e+005  8.2833555e+006  9.3382000e+002  6.8625000e+002
  4.8609700e+005  8.2833501e+006  9.3681000e+002  6.4413000e+002
  4.8607750e+005  8.2833444e+006  9.4007000e+002  6.0647000e+002
  4.8605842e+005  8.2833395e+006  9.4322000e+002  5.6503000e+002
  4.8604002e+005  8.2833329e+006  9.4663000e+002  5.1921000e+002
  4.8602276e+005  8.2833243e+006  9.5034000e+002  4.8067000e+002
  4.8600501e+005  8.2833147e+006  9.5443000e+002  4.4898000e+002
  4.8598871e+005  8.2833052e+006  9.5839000e+002  4.2916000e+002
  4.8597186e+005  8.2832957e+006  9.6252000e+002  4.0263000e+002
  4.8595360e+005  8.2832863e+006  9.6691000e+002  3.4556000e+002
  4.8593582e+005  8.2832782e+006  9.7100000e+002  2.8636000e+002
  4.8591718e+005  8.2832729e+006  9.7463000e+002  2.4882000e+002
  4.8589826e+005  8.2832724e+006  9.7717000e+002  2.4603000e+002
  4.8587844e+005  8.2832785e+006  9.7819000e+002  2.6271000e+002
  4.8586076e+005  8.2832853e+006  9.7872000e+002  2.7081000e+002
  4.8584187e+005  8.2832943e+006  9.7871000e+002  2.8023000e+002
  4.8582416e+005  8.2833035e+006  9.7840000e+002  2.9903000e+002
  4.8580739e+005  8.2833124e+006  9.7802000e+002  3.1390000e+002
  4.8578912e+005  8.2833219e+006  9.7753000e+002  3.2753000e+002
  4.8577074e+005  8.2833306e+006  9.7711000e+002  3.4440000e+002
  4.8575280e+005  8.2833380e+006  9.7688000e+002  3.6235000e+002
  4.8573489e+005  8.2833479e+006  9.7599000e+002  3.8097000e+002
  4.8571800e+005  8.2833585e+006  9.7482000e+002  3.9532000e+002
  4.8570112e+005  8.2833689e+006  9.7364000e+002  4.0366000e+002
  4.8568383e+005  8.2833793e+006  9.7244000e+002  4.1590000e+002
  4.8566692e+005  8.2833894e+006  9.7129000e+002  4.3867000e+002
  4.8564957e+005  8.2833992e+006  9.7014000e+002  4.5868000e+002
  4.8563212e+005  8.2834092e+006  9.6901000e+002  4.7433000e+002
  4.8561507e+005  8.2834200e+006  9.6768000e+002  4.9106000e+002
  4.8559813e+005  8.2834301e+006  9.6646000e+002  5.0579000e+002
  4.8558073e+005  8.2834394e+006  9.6546000e+002  5.2143000e+002
  4.8556351e+005  8.2834489e+006  9.6439000e+002  5.4084000e+002
  4.8554620e+005  8.2834601e+006  9.6309000e+002  5.5938000e+002
  4.8552950e+005  8.2834710e+006  9.6185000e+002  5.7880000e+002
  4.8551286e+005  8.2834807e+006  9.6085000e+002  5.9779000e+002
  4.8549513e+005  8.2834912e+006  9.5982000e+002  6.1746000e+002
  4.8547831e+005  8.2835015e+006  9.5881000e+002  6.4174000e+002
  4.8546127e+005  8.2835118e+006  9.5791000e+002  6.6529000e+002
  4.8544426e+005  8.2835224e+006  9.5700000e+002  6.9369000e+002
  4.8542835e+005  8.2835335e+006  9.5607000e+002  7.3345000e+002
  4.8541084e+005  8.2835452e+006  9.5518000e+002  7.7033000e+002
  4.8539458e+005  8.2835563e+006  9.5440000e+002  8.1383000e+002
  4.8537955e+005  8.2835683e+006  9.5355000e+002  8.5371000e+002
  4.8536383e+005  8.2835819e+006  9.5258000e+002  8.7745000e+002
  4.8534842e+005  8.2835945e+006  9.5184000e+002  8.9355000e+002
  4.8533274e+005  8.2836064e+006  9.5124000e+002  8.9327000e+002
  4.8531637e+005  8.2836175e+006  9.5087000e+002  8.8144000e+002
  4.8529953e+005  8.2836278e+006  9.5068000e+002  8.7660000e+002
  4.8528131e+005  8.2836368e+006  9.5084000e+002  8.6354000e+002
  4.8526218e+005  8.2836438e+006  9.5134000e+002  8.1642000e+002
  4.8524261e+005  8.2836476e+006  9.5237000e+002  7.4392000e+002
  4.8522342e+005  8.2836458e+006  9.5412000e+002  6.5276000e+002
  4.8520333e+005  8.2836418e+006  9.5634000e+002  5.5924000e+002
  4.8518411e+005  8.2836379e+006  9.5861000e+002  4.7909000e+002
  4.8516427e+005  8.2836339e+006  9.6113000e+002  4.0666000e+002
  4.8514516e+005  8.2836289e+006  9.6387000e+002  3.3308000e+002
  4.8512701e+005  8.2836217e+006  9.6692000e+002  2.6652000e+002
  4.8511035e+005  8.2836124e+006  9.7016000e+002  2.0097000e+002
  4.8509538e+005  8.2836001e+006  9.7372000e+002  1.9937000e+002
  4.8509831e+005  8.2835820e+006  9.7568000e+002  2.4500000e+002
  4.8511028e+005  8.2835673e+006  9.7600000e+002  4.0361000e+002
  4.8512643e+005  8.2835539e+006  9.7570000e+002  4.9641000e+002
  4.8514378e+005  8.2835447e+006  9.7479000e+002  5.5324000e+002
  4.8516206e+005  8.2835379e+006  9.7355000e+002  6.0275000e+002
  4.8518165e+005  8.2835320e+006  9.7221000e+002  6.5680000e+002
  4.8520086e+005  8.2835272e+006  9.7090000e+002  7.0895000e+002
  4.8521950e+005  8.2835219e+006  9.6985000e+002  7.5649000e+002
  4.8523860e+005  8.2835158e+006  9.6900000e+002  7.8243000e+002
  4.8525809e+005  8.2835092e+006  9.6835000e+002  7.7792000e+002
  4.8527648e+005  8.2835028e+006  9.6788000e+002  7.6148000e+002
  4.8529651e+005  8.2834987e+006  9.6711000e+002  7.5342000e+002
  4.8531563e+005  8.2835003e+006  9.6569000e+002  7.4772000e+002
  4.8533081e+005  8.2835117e+006  9.6325000e+002  7.7176000e+002
  4.8532945e+005  8.2835285e+006  9.6102000e+002  7.9389000e+002
  4.8532176e+005  8.2835469e+006  9.5902000e+002  8.5834000e+002
  4.8531673e+005  8.2835663e+006  9.5685000e+002  8.8075000e+002
  4.8531236e+005  8.2835858e+006  9.5471000e+002  8.8153000e+002
  4.8530943e+005  8.2836053e+006  9.5260000e+002  8.8238000e+002
  4.8530748e+005  8.2836246e+006  9.5057000e+002  8.9342000e+002
  4.8530649e+005  8.2836446e+006  9.4853000e+002  9.0330000e+002
  4.8530642e+005  8.2836647e+006  9.4654000e+002  8.9087000e+002
  4.8530591e+005  8.2836845e+006  9.4471000e+002  8.7117000e+002
  4.8530406e+005  8.2837038e+006  9.4311000e+002  8.6917000e+002
  4.8530085e+005  8.2837240e+006  9.4164000e+002  8.7303000e+002
  4.8529345e+005  8.2837427e+006  9.4061000e+002  8.4838000e+002
  4.8528231e+005  8.2837582e+006  9.4007000e+002  7.8987000e+002
  4.8526717e+005  8.2837730e+006  9.3990000e+002  7.3276000e+002
  4.8525165e+005  8.2837847e+006  9.4010000e+002  6.8102000e+002
  4.8523568e+005  8.2837963e+006  9.4041000e+002  6.5017000e+002
  4.8536174e+005  8.2839971e+006  9.3752000e+002  1.6319500e+003
  4.8537340e+005  8.2840132e+006  9.3821000e+002  1.6415100e+003
  4.8538502e+005  8.2840295e+006  9.3892000e+002  1.6610200e+003
  4.8539667e+005  8.2840456e+006  9.3969000e+002  1.6779200e+003
  4.8540844e+005  8.2840618e+006  9.4046000e+002  1.6938300e+003
  4.8542001e+005  8.2840780e+006  9.4124000e+002  1.7179100e+003
  4.8543132e+005  8.2840944e+006  9.4205000e+002  1.7399100e+003
  4.8544282e+005  8.2841107e+006  9.4282000e+002  1.7498600e+003
  4.8545451e+005  8.2841268e+006  9.4356000e+002  1.7544700e+003
  4.8546638e+005  8.2841429e+006  9.4427000e+002  1.7548500e+003
  4.8547816e+005  8.2841590e+006  9.4496000e+002  1.7556400e+003
  4.8548991e+005  8.2841751e+006  9.4561000e+002  1.7615200e+003
  4.8550223e+005  8.2841907e+006  9.4617000e+002  1.7606700e+003
  4.8551488e+005  8.2842074e+006  9.4674000e+002  1.7554400e+003
  4.8552633e+005  8.2842237e+006  9.4728000e+002  1.7532400e+003
  4.8553784e+005  8.2842399e+006  9.4777000e+002  1.7531500e+003
  4.8555027e+005  8.2842556e+006  9.4813000e+002  1.7506300e+003
  4.8556271e+005  8.2842711e+006  9.4844000e+002  1.7430000e+003
  4.8557481e+005  8.2842868e+006  9.4871000e+002  1.7353600e+003
  4.8558652e+005  8.2843030e+006  9.4897000e+002  1.7108100e+003
  4.8559808e+005  8.2843192e+006  9.4917000e+002  1.6758400e+003
  4.8560981e+005  8.2843354e+006  9.4932000e+002  1.6428200e+003
  4.8562154e+005  8.2843515e+006  9.4939000e+002  1.6044900e+003
  4.8563343e+005  8.2843676e+006  9.4939000e+002  1.5660100e+003
  4.8564534e+005  8.2843835e+006  9.4932000e+002  1.5207100e+003
  4.8565683e+005  8.2843998e+006  9.4923000e+002  1.4628900e+003
  4.8566786e+005  8.2844164e+006  9.4911000e+002  1.4004500e+003
  4.8567865e+005  8.2844332e+006  9.4896000e+002  1.3438900e+003
  4.8568893e+005  8.2844503e+006  9.4879000e+002  1.2814100e+003
  4.8569705e+005  8.2844655e+006  9.4864000e+002  1.2391300e+003
  4.8570325e+005  8.2844846e+006  9.4871000e+002  1.1674500e+003
  4.8569265e+005  8.2844984e+006  9.4986000e+002  1.1559900e+003
  4.8567444e+005  8.2845078e+006  9.5143000e+002  1.1684500e+003
  4.8565576e+005  8.2845141e+006  9.5291000e+002  1.1971900e+003
  4.8563623e+005  8.2845188e+006  9.5436000e+002  1.2746300e+003
  4.8561733e+005  8.2845241e+006  9.5574000e+002  1.3455900e+003
  4.8559750e+005  8.2845250e+006  9.5704000e+002  1.4000900e+003
  4.8557771e+005  8.2845252e+006  9.5830000e+002  1.4204900e+003
  4.8555776e+005  8.2845257e+006  9.5954000e+002  1.4456000e+003
  4.8553789e+005  8.2845277e+006  9.6078000e+002  1.4704200e+003
  4.8551832e+005  8.2845312e+006  9.6202000e+002  1.4973500e+003
  4.8549887e+005  8.2845354e+006  9.6323000e+002  1.5270400e+003
  4.8547941e+005  8.2845395e+006  9.6444000e+002  1.5587900e+003
  4.8545991e+005  8.2845435e+006  9.6565000e+002  1.5898500e+003
  4.8544042e+005  8.2845477e+006  9.6687000e+002  1.6179900e+003
  4.8542101e+005  8.2845521e+006  9.6809000e+002  1.6580200e+003
  4.8540155e+005  8.2845566e+006  9.6933000e+002  1.6910800e+003
  4.8538203e+005  8.2845604e+006  9.7054000e+002  1.7018600e+003
  4.8536239e+005  8.2845640e+006  9.7177000e+002  1.7090400e+003
  4.8534268e+005  8.2845661e+006  9.7297000e+002  1.7157100e+003
  4.8532273e+005  8.2845671e+006  9.7416000e+002  1.7240900e+003
  4.8530280e+005  8.2845681e+006  9.7535000e+002  1.7339200e+003
  4.8528285e+005  8.2845689e+006  9.7652000e+002  1.7470300e+003
  4.8526305e+005  8.2845696e+006  9.7766000e+002  1.7653300e+003
  4.8524311e+005  8.2845703e+006  9.7880000e+002  1.7892100e+003
  4.8522226e+005  8.2845709e+006  9.7996000e+002  1.8158500e+003
  4.8520235e+005  8.2845706e+006  9.8102000e+002  1.8389100e+003
  4.8518246e+005  8.2845714e+006  9.8209000e+002  1.8517700e+003
  4.8516261e+005  8.2845737e+006  9.8320000e+002  1.8529100e+003
  4.8514282e+005  8.2845764e+006  9.8429000e+002  1.8496600e+003
  4.8512307e+005  8.2845793e+006  9.8537000e+002  1.8526000e+003
  4.8510355e+005  8.2845834e+006  9.8646000e+002  1.8557000e+003
  4.8508392e+005  8.2845870e+006  9.8750000e+002  1.8520500e+003
  4.8506415e+005  8.2845899e+006  9.8849000e+002  1.8438200e+003
  4.8504447e+005  8.2845932e+006  9.8946000e+002  1.8353500e+003
  4.8502574e+005  8.2845963e+006  9.9035000e+002  1.8241800e+003
  4.8500496e+005  8.2845989e+006  9.9128000e+002  1.8129200e+003
  4.8498526e+005  8.2846018e+006  9.9215000e+002  1.7986300e+003
  4.8496544e+005  8.2846041e+006  9.9297000e+002  1.7831900e+003
  4.8494564e+005  8.2846062e+006  9.9375000e+002  1.7745600e+003
  4.8492575e+005  8.2846083e+006  9.9450000e+002  1.7667600e+003
  4.8490590e+005  8.2846105e+006  9.9522000e+002  1.7588500e+003
  4.8488615e+005  8.2846135e+006  9.9595000e+002  1.6789900e+003
  4.8486655e+005  8.2846172e+006  9.9667000e+002  1.5846000e+003
  4.8484702e+005  8.2846213e+006  9.9737000e+002  1.5535400e+003
  4.8482758e+005  8.2846258e+006  9.9805000e+002  1.5248900e+003
  4.8480813e+005  8.2846304e+006  9.9872000e+002  1.4979600e+003
  4.8478876e+005  8.2846350e+006  9.9934000e+002  1.4743500e+003
  4.8476937e+005  8.2846395e+006  9.9992000e+002  1.4462200e+003
  4.8474980e+005  8.2846432e+006  1.0004500e+003  1.4064100e+003
  4.8473005e+005  8.2846462e+006  1.0009300e+003  1.3622100e+003
  4.8471014e+005  8.2846472e+006  1.0013200e+003  1.3196800e+003
  4.8469023e+005  8.2846459e+006  1.0016000e+003  1.2767000e+003
  4.8467045e+005  8.2846440e+006  1.0018400e+003  1.2329400e+003
  4.8465060e+005  8.2846418e+006  1.0020600e+003  1.1851500e+003
  4.8463074e+005  8.2846395e+006  1.0022600e+003  1.1359100e+003
  4.8461100e+005  8.2846365e+006  1.0024400e+003  1.0890900e+003
  4.8459120e+005  8.2846340e+006  1.0026500e+003  1.0552800e+003
  4.8453799e+005  8.2849045e+006  1.0062300e+003  1.7626900e+003
  4.8455663e+005  8.2849132e+006  1.0062300e+003  1.7848100e+003
  4.8457431e+005  8.2849217e+006  1.0063200e+003  1.8015500e+003
  4.8459231e+005  8.2849307e+006  1.0064800e+003  1.8196400e+003
  4.8460983e+005  8.2849397e+006  1.0067600e+003  1.8551400e+003
  4.8462769e+005  8.2849485e+006  1.0071200e+003  1.8921900e+003
  4.8464596e+005  8.2849574e+006  1.0075300e+003  1.9120500e+003
  4.8466396e+005  8.2849660e+006  1.0080600e+003  1.9255500e+003
  4.8468257e+005  8.2849749e+006  1.0086600e+003  1.9332800e+003
  4.8470056e+005  8.2849828e+006  1.0092400e+003  1.9435900e+003
  4.8471832e+005  8.2849908e+006  1.0099400e+003  1.9607800e+003
  4.8473646e+005  8.2849990e+006  1.0106900e+003  1.9769100e+003
  4.8475537e+005  8.2850078e+006  1.0115000e+003  1.9848900e+003
  4.8477311e+005  8.2850163e+006  1.0123500e+003  1.9798800e+003
  4.8479114e+005  8.2850244e+006  1.0131800e+003  1.9599500e+003
  4.8480977e+005  8.2850325e+006  1.0139800e+003  1.9383900e+003
  4.8495959e+005  8.2851191e+006  1.0189800e+003  1.4725500e+003
  4.8494319e+005  8.2851083e+006  1.0186700e+003  1.5127700e+003
  4.8492697e+005  8.2850964e+006  1.0182000e+003  1.5798800e+003
  4.8491085e+005  8.2850856e+006  1.0177400e+003  1.6505100e+003
  4.8489358e+005  8.2850747e+006  1.0171700e+003  1.7153800e+003
  4.8487622e+005  8.2850650e+006  1.0166000e+003  1.7781600e+003
  4.8485929e+005  8.2850557e+006  1.0159700e+003  1.8445900e+003
  4.8484158e+005  8.2850447e+006  1.0151200e+003  1.9000500e+003
  4.8482420e+005  8.2850346e+006  1.0142400e+003  1.9344200e+003
  4.8480703e+005  8.2850264e+006  1.0135000e+003  1.9618800e+003
  4.8478800e+005  8.2850186e+006  1.0127300e+003  1.9801400e+003
  4.8476964e+005  8.2850111e+006  1.0119400e+003  1.9846200e+003
  4.8475119e+005  8.2850027e+006  1.0111300e+003  1.9765300e+003
  4.8473324e+005  8.2849938e+006  1.0103400e+003  1.9610700e+003
  4.8471520e+005  8.2849855e+006  1.0096100e+003  1.9453900e+003
  4.8469695e+005  8.2849775e+006  1.0089700e+003  1.9335200e+003
  4.8467894e+005  8.2849697e+006  1.0084000e+003  1.9208400e+003
  4.8466035e+005  8.2849611e+006  1.0078300e+003  1.9055700e+003
  4.8464295e+005  8.2849524e+006  1.0073700e+003  1.8865500e+003
  4.8462502e+005  8.2849438e+006  1.0069800e+003  1.8481300e+003
  4.8460720e+005  8.2849350e+006  1.0066400e+003  1.8000700e+003
  4.8458920e+005  8.2849258e+006  1.0064000e+003  1.7829200e+003
  4.8457095e+005  8.2849168e+006  1.0062500e+003  1.7744100e+003
  4.8455280e+005  8.2849082e+006  1.0061800e+003  1.7507100e+003
  4.8453502e+005  8.2848998e+006  1.0062300e+003  1.7311300e+003
  4.8451708e+005  8.2848909e+006  1.0064000e+003  1.7239600e+003
  4.8589167e+005  8.2834880e+006  9.3842000e+002  1.2537900e+003
  4.8590213e+005  8.2835038e+006  9.3559000e+002  1.2797400e+003
  4.8591370e+005  8.2835207e+006  9.3282000e+002  1.3146300e+003
  4.8592509e+005  8.2835371e+006  9.3033000e+002  1.3590700e+003
  4.8593636e+005  8.2835528e+006  9.2811000e+002  1.4134600e+003
  4.8594856e+005  8.2835693e+006  9.2608000e+002  1.5101000e+003
  4.8596046e+005  8.2835852e+006  9.2434000e+002  1.6514800e+003
  4.8597215e+005  8.2836006e+006  9.2289000e+002  1.7251500e+003
  4.8598457e+005  8.2836164e+006  9.2172000e+002  1.7335400e+003
  4.8599654e+005  8.2836317e+006  9.2080000e+002  1.7474400e+003
  4.8600865e+005  8.2836483e+006  9.2013000e+002  1.7670100e+003
  4.8601966e+005  8.2836653e+006  9.1975000e+002  1.7796400e+003
  4.8603019e+005  8.2836821e+006  9.1956000e+002  1.7615400e+003
  4.8604107e+005  8.2836988e+006  9.1949000e+002  1.7442200e+003
  4.8605259e+005  8.2837157e+006  9.1951000e+002  1.7524900e+003
  4.8606362e+005  8.2837315e+006  9.1956000e+002  1.7670300e+003
  4.8607518e+005  8.2837479e+006  9.1962000e+002  1.7784100e+003
  4.8608675e+005  8.2837650e+006  9.1967000e+002  1.7872700e+003
  4.8609764e+005  8.2837813e+006  9.1968000e+002  1.7946500e+003
  4.8610840e+005  8.2837982e+006  9.1964000e+002  1.7992500e+003
  4.8611855e+005  8.2838157e+006  9.1956000e+002  1.8018400e+003
  4.8612799e+005  8.2838324e+006  9.1945000e+002  1.8015900e+003
  4.8613784e+005  8.2838500e+006  9.1927000e+002  1.7979000e+003
  4.8614772e+005  8.2838674e+006  9.1904000e+002  1.7890300e+003
  4.8615792e+005  8.2838847e+006  9.1876000e+002  1.7795100e+003
  4.8616792e+005  8.2839028e+006  9.1845000e+002  1.7740300e+003
  4.8617624e+005  8.2839198e+006  9.1815000e+002  1.7702500e+003
  4.8618535e+005  8.2839380e+006  9.1779000e+002  1.7614900e+003
  4.8619469e+005  8.2839559e+006  9.1741000e+002  1.7455100e+003
  4.8620350e+005  8.2839739e+006  9.1701000e+002  1.7199700e+003
  4.8621254e+005  8.2839917e+006  9.1659000e+002  1.6825600e+003
  4.8622197e+005  8.2840091e+006  9.1614000e+002  1.6428900e+003
  4.8623094e+005  8.2840266e+006  9.1569000e+002  1.6075800e+003
  4.8623976e+005  8.2840453e+006  9.1523000e+002  1.5792600e+003
  4.8624861e+005  8.2840628e+006  9.1478000e+002  1.5517900e+003
  4.8625758e+005  8.2840814e+006  9.1431000e+002  1.5236000e+003
  4.8626581e+005  8.2840989e+006  9.1388000e+002  1.4978500e+003
  4.8627415e+005  8.2841175e+006  9.1344000e+002  1.4776100e+003
  4.8627976e+005  8.2841370e+006  9.1309000e+002  1.4350200e+003
  4.8628364e+005  8.2841562e+006  9.1280000e+002  1.3628800e+003
  4.8628593e+005  8.2841761e+006  9.1256000e+002  1.2889100e+003
  4.8628956e+005  8.2841959e+006  9.1230000e+002  1.2230000e+003
  4.8629626e+005  8.2842148e+006  9.1197000e+002  1.1591600e+003
  4.8630266e+005  8.2842330e+006  9.1168000e+002  1.0974400e+003
  4.8630944e+005  8.2842526e+006  9.1139000e+002  1.0662400e+003
  4.8725172e+005  8.2838769e+006  8.6796000e+002  1.1162200e+003
  4.8724107e+005  8.2838603e+006  8.6861000e+002  1.1391800e+003
  4.8722942e+005  8.2838430e+006  8.6926000e+002  1.1616900e+003
  4.8721835e+005  8.2838271e+006  8.6984000e+002  1.1875100e+003
  4.8720702e+005  8.2838107e+006  8.7037000e+002  1.2184000e+003
  4.8719532e+005  8.2837937e+006  8.7088000e+002  1.2541100e+003
  4.8718420e+005  8.2837772e+006  8.7133000e+002  1.2938000e+003
  4.8717334e+005  8.2837613e+006  8.7171000e+002  1.3293700e+003
  4.8716153e+005  8.2837444e+006  8.7210000e+002  1.3502500e+003
  4.8714984e+005  8.2837278e+006  8.7246000e+002  1.3612100e+003
  4.8713809e+005  8.2837117e+006  8.7277000e+002  1.3734400e+003
  4.8712711e+005  8.2836953e+006  8.7302000e+002  1.3918500e+003
  4.8711642e+005  8.2836783e+006  8.7322000e+002  1.4094500e+003
  4.8710591e+005  8.2836620e+006  8.7338000e+002  1.4225200e+003
  4.8709505e+005  8.2836455e+006  8.7353000e+002  1.4363800e+003
  4.8708311e+005  8.2836288e+006  8.7370000e+002  1.4468900e+003
  4.8707055e+005  8.2836131e+006  8.7389000e+002  1.4523700e+003
  4.8705785e+005  8.2835976e+006  8.7408000e+002  1.4576300e+003
  4.8704594e+005  8.2835811e+006  8.7418000e+002  1.4679500e+003
  4.8703478e+005  8.2835650e+006  8.7424000e+002  1.4736300e+003
  4.8702343e+005  8.2835491e+006  8.7430000e+002  1.4758800e+003
  4.8701190e+005  8.2835328e+006  8.7434000e+002  1.4817100e+003
  4.8700029e+005  8.2835165e+006  8.7437000e+002  1.4888200e+003
  4.8698796e+005  8.2835002e+006  8.7444000e+002  1.4907200e+003
  4.8697545e+005  8.2834843e+006  8.7451000e+002  1.4876000e+003
  4.8696317e+005  8.2834683e+006  8.7456000e+002  1.4824300e+003
  4.8695111e+005  8.2834527e+006  8.7462000e+002  1.4773600e+003
  4.8693953e+005  8.2834367e+006  8.7463000e+002  1.4770500e+003
  4.8692816e+005  8.2834205e+006  8.7462000e+002  1.4897400e+003
  4.8691647e+005  8.2834041e+006  8.7463000e+002  1.4924400e+003
  4.8690442e+005  8.2833879e+006  8.7465000e+002  1.4741000e+003
  4.8689173e+005  8.2833722e+006  8.7475000e+002  1.4619300e+003
  4.8687934e+005  8.2833566e+006  8.7482000e+002  1.4546900e+003
  4.8686712e+005  8.2833408e+006  8.7488000e+002  1.3726200e+003
  4.8685521e+005  8.2833251e+006  8.7492000e+002  1.2697100e+003
  4.8684361e+005  8.2833084e+006  8.7489000e+002  1.2314700e+003
  4.8683301e+005  8.2832922e+006  8.7482000e+002  1.2046700e+003
  4.8744280e+005  8.2829307e+006  8.3143000e+002  9.9839000e+002
  4.8745895e+005  8.2829431e+006  8.3203000e+002  1.0247300e+003
  4.8747272e+005  8.2829573e+006  8.3266000e+002  1.0537700e+003
  4.8748524e+005  8.2829727e+006  8.3329000e+002  1.0824000e+003
  4.8749747e+005  8.2829884e+006  8.3383000e+002  1.1119200e+003
  4.8751152e+005  8.2830023e+006  8.3419000e+002  1.1413400e+003
  4.8752727e+005  8.2830151e+006  8.3437000e+002  1.1738700e+003
  4.8754384e+005  8.2830263e+006  8.3442000e+002  1.2096500e+003
  4.8756050e+005  8.2830364e+006  8.3432000e+002  1.2408000e+003
  4.8757720e+005  8.2830480e+006  8.3422000e+002  1.2577700e+003
  4.8759362e+005  8.2830584e+006  8.3402000e+002  1.2609800e+003
  4.8761240e+005  8.2830683e+006  8.3364000e+002  1.2576100e+003
  4.8763006e+005  8.2830770e+006  8.3321000e+002  1.2548300e+003
  4.8764778e+005  8.2830857e+006  8.3272000e+002  1.2512400e+003
  4.8766586e+005  8.2830948e+006  8.3217000e+002  1.2455900e+003
  4.8768309e+005  8.2831040e+006  8.3160000e+002  1.2394100e+003
  4.8770114e+005  8.2831138e+006  8.3097000e+002  1.2334500e+003
  4.8771834e+005  8.2831233e+006  8.3034000e+002  1.2260700e+003
  4.8773665e+005  8.2831322e+006  8.2957000e+002  1.2191500e+003
  4.8775537e+005  8.2831383e+006  8.2866000e+002  1.2130600e+003
  4.8777426e+005  8.2831442e+006  8.2771000e+002  1.2081900e+003
  4.8779246e+005  8.2831512e+006  8.2681000e+002  1.2035600e+003
  4.8781025e+005  8.2831602e+006  8.2592000e+002  1.1954000e+003
  4.8782850e+005  8.2831696e+006  8.2500000e+002  1.1822300e+003
  4.8784714e+005  8.2831772e+006  8.2399000e+002  1.1684400e+003
  4.8786477e+005  8.2831851e+006  8.2302000e+002  1.1529400e+003
  4.8788270e+005  8.2831954e+006  8.2206000e+002  1.1338600e+003
  4.8789936e+005  8.2832061e+006  8.2117000e+002  1.1011600e+003
  4.8791662e+005  8.2832150e+006  8.2019000e+002  1.0641300e+003
  4.8793521e+005  8.2832222e+006  8.1909000e+002  1.0338300e+003
  4.8795421e+005  8.2832293e+006  8.1796000e+002  1.0072400e+003
  4.8797235e+005  8.2832369e+006  8.1689000e+002  9.8188000e+002
  4.8799118e+005  8.2832446e+006  8.1579000e+002  9.6029000e+002
  4.8800957e+005  8.2832520e+006  8.1474000e+002  9.5110000e+002
  4.8802768e+005  8.2832602e+006  8.1374000e+002  9.4733000e+002
  4.8804549e+005  8.2832692e+006  8.1279000e+002  9.2908000e+002
  4.8806308e+005  8.2832786e+006  8.1192000e+002  8.8647000e+002
  4.8808098e+005  8.2832874e+006  8.1108000e+002  8.1863000e+002
  4.8809923e+005  8.2832955e+006  8.1027000e+002  7.4438000e+002
  4.8811798e+005  8.2833029e+006  8.0949000e+002  6.9094000e+002
  4.8813633e+005  8.2833108e+006  8.0879000e+002  6.5373000e+002
  4.8815237e+005  8.2833181e+006  8.0821000e+002  6.3642000e+002
  4.8852003e+005  8.2829342e+006  7.7409000e+002  6.7447000e+002
  4.8850758e+005  8.2829186e+006  7.7490000e+002  7.0008000e+002
  4.8849408e+005  8.2829041e+006  7.7577000e+002  7.2712000e+002
  4.8848048e+005  8.2828898e+006  7.7665000e+002  7.5292000e+002
  4.8846787e+005  8.2828744e+006  7.7743000e+002  7.7387000e+002
  4.8845469e+005  8.2828585e+006  7.7816000e+002  7.9314000e+002
  4.8844208e+005  8.2828431e+006  7.7879000e+002  8.1723000e+002
  4.8842986e+005  8.2828273e+006  7.7928000e+002  8.3535000e+002
  4.8841659e+005  8.2828126e+006  7.7972000e+002  8.4897000e+002
  4.8840169e+005  8.2827995e+006  7.8017000e+002  8.6915000e+002
  4.8838678e+005  8.2827863e+006  7.8050000e+002  8.8844000e+002
  4.8837152e+005  8.2827734e+006  7.8077000e+002  9.0525000e+002
  4.8835710e+005  8.2827597e+006  7.8087000e+002  9.2222000e+002
  4.8834339e+005  8.2827452e+006  7.8085000e+002  9.3375000e+002
  4.8832994e+005  8.2827304e+006  7.8070000e+002  9.4157000e+002
  4.8831677e+005  8.2827155e+006  7.8047000e+002  9.5061000e+002
  4.8830313e+005  8.2827009e+006  7.8020000e+002  9.5876000e+002
  4.8828877e+005  8.2826857e+006  7.7983000e+002  9.6391000e+002
  4.8827550e+005  8.2826708e+006  7.7940000e+002  9.7173000e+002
  4.8826169e+005  8.2826564e+006  7.7895000e+002  9.8516000e+002
  4.8824775e+005  8.2826421e+006  7.7847000e+002  1.0019600e+003
  4.8823357e+005  8.2826281e+006  7.7796000e+002  1.0184200e+003
  4.8821934e+005  8.2826142e+006  7.7743000e+002  1.0277600e+003
  4.8820524e+005  8.2826000e+006  7.7685000e+002  1.0298300e+003
  4.8819126e+005  8.2825858e+006  7.7623000e+002  1.0228100e+003
  4.8817757e+005  8.2825715e+006  7.7559000e+002  1.0050500e+003
  4.8816296e+005  8.2825579e+006  7.7502000e+002  9.8363000e+002
  4.8814868e+005  8.2825440e+006  7.7443000e+002  9.5980000e+002
  4.8813497e+005  8.2825295e+006  7.7379000e+002  9.3127000e+002
  4.8812126e+005  8.2825151e+006  7.7319000e+002  9.0360000e+002
  4.8810818e+005  8.2825000e+006  7.7255000e+002  8.8092000e+002
  4.8809532e+005  8.2824848e+006  7.7192000e+002  8.5850000e+002
  4.8808192e+005  8.2824700e+006  7.7135000e+002  8.3156000e+002
  4.8806825e+005  8.2824555e+006  7.7081000e+002  7.9595000e+002
  4.8805461e+005  8.2824410e+006  7.7025000e+002  7.5387000e+002
  4.8803994e+005  8.2824263e+006  7.6968000e+002  7.1732000e+002
  4.8802557e+005  8.2824124e+006  7.6912000e+002  6.8566000e+002
  4.8801123e+005  8.2823985e+006  7.6851000e+002  6.5470000e+002
  4.8799768e+005  8.2823839e+006  7.6779000e+002  6.2717000e+002
  4.8798570e+005  8.2823679e+006  7.6690000e+002  6.0383000e+002
  4.8797223e+005  8.2823532e+006  7.6607000e+002  5.8751000e+002
  4.8828784e+005  8.2818908e+006  7.0524000e+002  3.6370000e+002
  4.8830766e+005  8.2818915e+006  7.0601000e+002  4.0467000e+002
  4.8832720e+005  8.2818950e+006  7.0725000e+002  4.5446000e+002
  4.8834641e+005  8.2818997e+006  7.0877000e+002  5.0086000e+002
  4.8836585e+005  8.2819038e+006  7.1024000e+002  5.3936000e+002
  4.8838531e+005  8.2819080e+006  7.1171000e+002  5.7659000e+002
  4.8840414e+005  8.2819141e+006  7.1332000e+002  6.1966000e+002
  4.8842316e+005  8.2819200e+006  7.1481000e+002  6.6655000e+002
  4.8844198e+005  8.2819266e+006  7.1629000e+002  7.0101000e+002
  4.8846056e+005  8.2819338e+006  7.1766000e+002  7.2686000e+002
  4.8847907e+005  8.2819414e+006  7.1892000e+002  7.5378000e+002
  4.8849740e+005  8.2819493e+006  7.2007000e+002  7.7728000e+002
  4.8851569e+005  8.2819573e+006  7.2107000e+002  7.9783000e+002
  4.8853413e+005  8.2819649e+006  7.2187000e+002  8.1740000e+002
  4.8855310e+005  8.2819709e+006  7.2239000e+002  8.3085000e+002
  4.8857217e+005  8.2819768e+006  7.2277000e+002  8.3826000e+002
  4.8859117e+005  8.2819829e+006  7.2304000e+002  8.4459000e+002
  4.8861004e+005  8.2819884e+006  7.2314000e+002  8.4515000e+002
  4.8862875e+005  8.2819952e+006  7.2324000e+002  8.3565000e+002
  4.8864747e+005  8.2820022e+006  7.2327000e+002  8.2301000e+002
  4.8866644e+005  8.2820084e+006  7.2312000e+002  8.0958000e+002
  4.8868557e+005  8.2820141e+006  7.2283000e+002  7.8646000e+002
  4.8870503e+005  8.2820218e+006  7.2260000e+002  7.6181000e+002
  4.8872365e+005  8.2820290e+006  7.2229000e+002  7.4181000e+002
  4.8874248e+005  8.2820357e+006  7.2186000e+002  7.2216000e+002
  4.8876096e+005  8.2820433e+006  7.2145000e+002  7.0575000e+002
  4.8877924e+005  8.2820514e+006  7.2103000e+002  6.9090000e+002
  4.8879781e+005  8.2820587e+006  7.2051000e+002  6.7228000e+002
  4.8881683e+005  8.2820647e+006  7.1985000e+002  6.5522000e+002
  4.8883568e+005  8.2820712e+006  7.1920000e+002  6.4152000e+002
  4.8885463e+005  8.2820775e+006  7.1852000e+002  6.3045000e+002
  4.8887310e+005  8.2820851e+006  7.1794000e+002  6.1989000e+002
  4.8889127e+005  8.2820933e+006  7.1742000e+002  6.0736000e+002
  4.8890960e+005  8.2821011e+006  7.1687000e+002  5.9781000e+002
  4.8892805e+005  8.2821088e+006  7.1630000e+002  5.8757000e+002
  4.8894670e+005  8.2821160e+006  7.1567000e+002  5.6877000e+002
  4.8896586e+005  8.2821215e+006  7.1489000e+002  5.4559000e+002
  4.8898511e+005  8.2821269e+006  7.1404000e+002  5.1763000e+002
  4.8900426e+005  8.2821324e+006  7.1315000e+002  4.8752000e+002
  4.8902329e+005  8.2821382e+006  7.1224000e+002  4.5884000e+002
  4.8904185e+005  8.2821452e+006  7.1136000e+002  4.2820000e+002
  4.8906052e+005  8.2821518e+006  7.1039000e+002  3.9615000e+002
  4.8806670e+005  8.2823458e+006  7.6399000e+002  6.5025000e+002
  4.8808637e+005  8.2823443e+006  7.6360000e+002  6.8552000e+002
  4.8810604e+005  8.2823387e+006  7.6295000e+002  7.1063000e+002
  4.8812569e+005  8.2823360e+006  7.6248000e+002  7.4817000e+002
  4.8814527e+005  8.2823375e+006  7.6223000e+002  7.8557000e+002
  4.8816550e+005  8.2823410e+006  7.6204000e+002  8.1507000e+002
  4.8818396e+005  8.2823470e+006  7.6198000e+002  8.3998000e+002
  4.8820156e+005  8.2823563e+006  7.6210000e+002  8.5997000e+002
  4.8821965e+005  8.2823665e+006  7.6225000e+002  8.8074000e+002
  4.8823710e+005  8.2823766e+006  7.6246000e+002  9.0355000e+002
  4.8825344e+005  8.2823879e+006  7.6278000e+002  9.2807000e+002
  4.8826891e+005  8.2823990e+006  7.6313000e+002  9.5113000e+002
  4.8828518e+005  8.2824114e+006  7.6354000e+002  9.6872000e+002
  4.8830168e+005  8.2824233e+006  7.6391000e+002  9.7949000e+002
  4.8831724e+005  8.2824355e+006  7.6433000e+002  9.8287000e+002
  4.8833348e+005  8.2824472e+006  7.6466000e+002  9.8090000e+002
  4.8834890e+005  8.2824596e+006  7.6505000e+002  9.7529000e+002
  4.8836491e+005  8.2824715e+006  7.6537000e+002  9.6873000e+002
  4.8838073e+005  8.2824833e+006  7.6564000e+002  9.5765000e+002
  4.8839681e+005  8.2824956e+006  7.6592000e+002  9.3969000e+002
  4.8841209e+005  8.2825086e+006  7.6621000e+002  9.1387000e+002
  4.8842743e+005  8.2825216e+006  7.6646000e+002  8.8555000e+002
  4.8844365e+005  8.2825331e+006  7.6657000e+002  8.5889000e+002
  4.8846099e+005  8.2825439e+006  7.6652000e+002  8.3288000e+002
  4.8847770e+005  8.2825529e+006  7.6634000e+002  8.0949000e+002
  4.8849481e+005  8.2825644e+006  7.6624000e+002  7.9526000e+002
  4.8851081e+005  8.2825757e+006  7.6609000e+002  7.8120000e+002
  4.8852763e+005  8.2825874e+006  7.6586000e+002  7.6828000e+002
  4.8854286e+005  8.2826000e+006  7.6572000e+002  7.5894000e+002
  4.8855739e+005  8.2826132e+006  7.6555000e+002  7.4915000e+002
  4.8857185e+005  8.2826271e+006  7.6537000e+002  7.3311000e+002
  4.8858536e+005  8.2826426e+006  7.6521000e+002  7.1248000e+002
  4.8859455e+005  8.2826599e+006  7.6540000e+002  6.9636000e+002
  4.8859631e+005  8.2826752e+006  7.6599000e+002  6.9147000e+002
  4.8847040e+005  8.2827758e+006  7.7654000e+002  8.4835000e+002
  4.8845731e+005  8.2827616e+006  7.7682000e+002  8.7088000e+002
  4.8844298e+005  8.2827469e+006  7.7706000e+002  8.8550000e+002
  4.8842868e+005  8.2827331e+006  7.7719000e+002  8.9717000e+002
  4.8841322e+005  8.2827205e+006  7.7734000e+002  9.0624000e+002
  4.8839717e+005  8.2827079e+006  7.7741000e+002  9.1720000e+002
  4.8838189e+005  8.2826957e+006  7.7741000e+002  9.3019000e+002
  4.8836647e+005  8.2826821e+006  7.7727000e+002  9.4180000e+002
  4.8835226e+005  8.2826695e+006  7.7709000e+002  9.5459000e+002
  4.8833647e+005  8.2826557e+006  7.7682000e+002  9.6294000e+002
  4.8832203e+005  8.2826431e+006  7.7654000e+002  9.7167000e+002
  4.8830637e+005  8.2826302e+006  7.7621000e+002  9.8435000e+002
  4.8829077e+005  8.2826174e+006  7.7585000e+002  9.9878000e+002
  4.8827637e+005  8.2826043e+006  7.7539000e+002  1.0130900e+003
  4.8826104e+005  8.2825907e+006  7.7490000e+002  1.0184200e+003
  4.8824700e+005  8.2825771e+006  7.7434000e+002  1.0161400e+003
  4.8823234e+005  8.2825629e+006  7.7373000e+002  1.0120200e+003
  4.8821748e+005  8.2825496e+006  7.7316000e+002  9.9918000e+002
  4.8820172e+005  8.2825371e+006  7.7267000e+002  9.7900000e+002
  4.8818644e+005  8.2825247e+006  7.7217000e+002  9.5914000e+002
  4.8817075e+005  8.2825122e+006  7.7170000e+002  9.3536000e+002
  4.8815524e+005  8.2824997e+006  7.7125000e+002  9.0902000e+002
  4.8814025e+005  8.2824868e+006  7.7080000e+002  8.8573000e+002
  4.8812426e+005  8.2824746e+006  7.7044000e+002  8.6292000e+002
  4.8810917e+005  8.2824615e+006  7.7005000e+002  8.3138000e+002
  4.8809360e+005  8.2824487e+006  7.6968000e+002  7.9312000e+002
  4.8807764e+005  8.2824360e+006  7.6933000e+002  7.5812000e+002
  4.8806256e+005  8.2824230e+006  7.6891000e+002  7.2222000e+002
  4.8804728e+005  8.2824107e+006  7.6850000e+002  6.8933000e+002
  4.8803070e+005  8.2823991e+006  7.6813000e+002  6.6159000e+002
  4.8801423e+005  8.2823874e+006  7.6769000e+002  6.2891000e+002
  4.8799860e+005  8.2823757e+006  7.6720000e+002  5.7347000e+002
  4.8798277e+005  8.2823640e+006  7.6667000e+002  5.0636000e+002
  4.8797408e+005  8.2823476e+006  7.6562000e+002  4.7787000e+002
  4.8799113e+005  8.2823400e+006  7.6471000e+002  5.0515000e+002
  4.8800928e+005  8.2823475e+006  7.6498000e+002  5.8619000e+002
  4.8802540e+005  8.2823587e+006  7.6550000e+002  6.3569000e+002
  4.8804178e+005  8.2823693e+006  7.6594000e+002  6.6330000e+002
  4.8805972e+005  8.2823801e+006  7.6631000e+002  6.8499000e+002
  4.8807625e+005  8.2823900e+006  7.6658000e+002  7.1189000e+002
  4.8809365e+005  8.2823995e+006  7.6677000e+002  7.4151000e+002
  4.8811113e+005  8.2824101e+006  7.6697000e+002  7.6848000e+002
  4.8812810e+005  8.2824209e+006  7.6715000e+002  8.0050000e+002
  4.8814505e+005  8.2824315e+006  7.6733000e+002  8.4077000e+002
  4.8816140e+005  8.2824424e+006  7.6755000e+002  8.6947000e+002
  4.8817794e+005  8.2824536e+006  7.6783000e+002  8.9410000e+002
  4.8819480e+005  8.2824644e+006  7.6811000e+002  9.2127000e+002
  4.8821219e+005  8.2824750e+006  7.6843000e+002  9.4829000e+002
  4.8822889e+005  8.2824848e+006  7.6874000e+002  9.7114000e+002
  4.8824621e+005  8.2824949e+006  7.6906000e+002  9.8843000e+002
  4.8826325e+005  8.2825056e+006  7.6943000e+002  9.9724000e+002
  4.8828056e+005  8.2825168e+006  7.6981000e+002  1.0016500e+003
  4.8829681e+005  8.2825272e+006  7.7015000e+002  1.0065000e+003
  4.8831413e+005  8.2825386e+006  7.7050000e+002  1.0004800e+003
  4.8833106e+005  8.2825493e+006  7.7077000e+002  9.8402000e+002
  4.8834815e+005  8.2825590e+006  7.7096000e+002  9.6608000e+002
  4.8836466e+005  8.2825689e+006  7.7113000e+002  9.5005000e+002
  4.8838254e+005  8.2825796e+006  7.7126000e+002  9.2967000e+002
  4.8839963e+005  8.2825898e+006  7.7134000e+002  9.0392000e+002
  4.8841566e+005  8.2826005e+006  7.7144000e+002  8.8369000e+002
  4.8843291e+005  8.2826118e+006  7.7147000e+002  8.6776000e+002
  4.8844966e+005  8.2826223e+006  7.7143000e+002  8.4764000e+002
  4.8846606e+005  8.2826331e+006  7.7135000e+002  8.2488000e+002
  4.8848277e+005  8.2826443e+006  7.7122000e+002  8.0396000e+002
  4.8849948e+005  8.2826557e+006  7.7102000e+002  7.8854000e+002
  4.8851939e+005  8.2829501e+006  7.7413000e+002  6.4578000e+002
  4.8850014e+005  8.2829471e+006  7.7536000e+002  7.0786000e+002
  4.8848429e+005  8.2829349e+006  7.7638000e+002  7.4824000e+002
  4.8846937e+005  8.2829222e+006  7.7734000e+002  7.7310000e+002
  4.8845366e+005  8.2829092e+006  7.7836000e+002  7.9135000e+002
  4.8843748e+005  8.2828974e+006  7.7936000e+002  8.1057000e+002
  4.8842287e+005  8.2828845e+006  7.8021000e+002  8.3009000e+002
  4.8840750e+005  8.2828711e+006  7.8102000e+002  8.4442000e+002
  4.8839229e+005  8.2828591e+006  7.8173000e+002  8.6158000e+002
  4.8837656e+005  8.2828465e+006  7.8238000e+002  8.8664000e+002
  4.8836038e+005  8.2828344e+006  7.8295000e+002  9.1053000e+002
  4.8834529e+005  8.2828217e+006  7.8336000e+002  9.2862000e+002
  4.8832954e+005  8.2828085e+006  7.8369000e+002  9.4750000e+002
  4.8831477e+005  8.2827961e+006  7.8393000e+002  9.6740000e+002
  4.8829970e+005  8.2827827e+006  7.8405000e+002  9.8185000e+002
  4.8828514e+005  8.2827692e+006  7.8407000e+002  9.8678000e+002
  4.8827017e+005  8.2827561e+006  7.8405000e+002  9.8710000e+002
  4.8825514e+005  8.2827420e+006  7.8392000e+002  9.9171000e+002
  4.8824173e+005  8.2827281e+006  7.8367000e+002  1.0012000e+003
  4.8822736e+005  8.2827138e+006  7.8337000e+002  1.0166400e+003
  4.8821259e+005  8.2827004e+006  7.8309000e+002  1.0333000e+003
  4.8819747e+005  8.2826868e+006  7.8275000e+002  1.0414200e+003
  4.8818275e+005  8.2826729e+006  7.8234000e+002  1.0394100e+003
  4.8816819e+005  8.2826594e+006  7.8191000e+002  1.0391000e+003
  4.8815471e+005  8.2826457e+006  7.8141000e+002  1.0430600e+003
  4.8814018e+005  8.2826305e+006  7.8081000e+002  1.0326700e+003
  4.8812607e+005  8.2826164e+006  7.8025000e+002  1.0113600e+003
  4.8811268e+005  8.2826024e+006  7.7967000e+002  9.8593000e+002
  4.8809828e+005  8.2825879e+006  7.7907000e+002  9.5429000e+002
  4.8808384e+005  8.2825743e+006  7.7854000e+002  9.2358000e+002
  4.8806939e+005  8.2825608e+006  7.7802000e+002  8.9703000e+002
  4.8805454e+005  8.2825471e+006  7.7751000e+002  8.7922000e+002
  4.8804089e+005  8.2825320e+006  7.7686000e+002  8.6253000e+002
  4.8802884e+005  8.2825169e+006  7.7616000e+002  8.3902000e+002
  4.8801513e+005  8.2825021e+006  7.7553000e+002  8.0522000e+002
  4.8799969e+005  8.2824898e+006  7.7513000e+002  7.6426000e+002
  4.8798400e+005  8.2824777e+006  7.7474000e+002  7.2431000e+002
  4.8796896e+005  8.2824647e+006  7.7425000e+002  6.8741000e+002
  4.8795437e+005  8.2824508e+006  7.7366000e+002  6.6244000e+002
  4.8794032e+005  8.2824370e+006  7.7305000e+002  6.4211000e+002
  4.8792804e+005  8.2824211e+006  7.7222000e+002  6.3193000e+002
  4.8795174e+005  8.2823939e+006  7.6957000e+002  5.9935000e+002
  4.8796837e+005  8.2824049e+006  7.6996000e+002  6.2190000e+002
  4.8798384e+005  8.2824175e+006  7.7048000e+002  6.5510000e+002
  4.8799845e+005  8.2824312e+006  7.7106000e+002  6.8707000e+002
  4.8801250e+005  8.2824454e+006  7.7166000e+002  7.2277000e+002
  4.8802695e+005  8.2824591e+006  7.7219000e+002  7.6408000e+002
  4.8804174e+005  8.2824736e+006  7.7274000e+002  7.9948000e+002
  4.8805677e+005  8.2824867e+006  7.7319000e+002  8.3186000e+002
  4.8807169e+005  8.2825000e+006  7.7363000e+002  8.5857000e+002
  4.8808720e+005  8.2825125e+006  7.7402000e+002  8.7504000e+002
  4.8810337e+005  8.2825243e+006  7.7434000e+002  8.8947000e+002
  4.8811956e+005  8.2825360e+006  7.7468000e+002  9.1014000e+002
  4.8813472e+005  8.2825488e+006  7.7515000e+002  9.3729000e+002
  4.8814938e+005  8.2825622e+006  7.7569000e+002  9.6269000e+002
  4.8816356e+005  8.2825762e+006  7.7629000e+002  9.8281000e+002
  4.8817727e+005  8.2825906e+006  7.7693000e+002  9.9897000e+002
  4.8818917e+005  8.2826065e+006  7.7770000e+002  1.0157000e+003
  4.8819814e+005  8.2826242e+006  7.7866000e+002  1.0249300e+003
  4.8820915e+005  8.2826408e+006  7.7945000e+002  1.0268500e+003
  4.8822167e+005  8.2826562e+006  7.8008000e+002  1.0297100e+003
  4.8823600e+005  8.2826700e+006  7.8051000e+002  1.0256900e+003
  4.8825021e+005  8.2826850e+006  7.8097000e+002  1.0149500e+003
  4.8826396e+005  8.2826995e+006  7.8137000e+002  1.0006200e+003
  4.8827774e+005  8.2827139e+006  7.8168000e+002  9.8705000e+002
  4.8829128e+005  8.2827286e+006  7.8197000e+002  9.7662000e+002
  4.8830435e+005  8.2827437e+006  7.8221000e+002  9.7081000e+002
  4.8831802e+005  8.2827582e+006  7.8232000e+002  9.6843000e+002
  4.8833156e+005  8.2827729e+006  7.8238000e+002  9.6115000e+002
  4.8834570e+005  8.2827870e+006  7.8228000e+002  9.4819000e+002
  4.8836069e+005  8.2828001e+006  7.8204000e+002  9.3261000e+002
  4.8837658e+005  8.2828119e+006  7.8161000e+002  9.1470000e+002
  4.8839327e+005  8.2828228e+006  7.8106000e+002  8.9025000e+002
  4.8840905e+005  8.2828351e+006  7.8046000e+002  8.6197000e+002
  4.8842343e+005  8.2828489e+006  7.7988000e+002  8.4098000e+002
  4.8843642e+005  8.2828639e+006  7.7925000e+002  8.2133000e+002
  4.8844861e+005  8.2828797e+006  7.7860000e+002  7.9777000e+002
  4.8846151e+005  8.2828949e+006  7.7783000e+002  7.7570000e+002
  4.8847543e+005  8.2829092e+006  7.7695000e+002  7.5085000e+002
  4.8848891e+005  8.2829238e+006  7.7607000e+002  7.2035000e+002
  4.8850219e+005  8.2829387e+006  7.7522000e+002  6.9201000e+002
  4.8851547e+005  8.2829535e+006  7.7439000e+002  6.7161000e+002
  4.8852492e+005  8.2829917e+006  7.7400000e+002  5.7421000e+002
  4.8850761e+005  8.2829829e+006  7.7503000e+002  6.1735000e+002
  4.8848986e+005  8.2829732e+006  7.7612000e+002  6.7323000e+002
  4.8847208e+005  8.2829650e+006  7.7729000e+002  7.2424000e+002
  4.8845449e+005  8.2829559e+006  7.7846000e+002  7.6562000e+002
  4.8843685e+005  8.2829463e+006  7.7964000e+002  7.9209000e+002
  4.8841948e+005  8.2829356e+006  7.8078000e+002  8.1061000e+002
  4.8840347e+005  8.2829246e+006  7.8180000e+002  8.3159000e+002
  4.8838748e+005  8.2829127e+006  7.8274000e+002  8.5354000e+002
  4.8837164e+005  8.2829009e+006  7.8360000e+002  8.7455000e+002
  4.8835499e+005  8.2828886e+006  7.8440000e+002  8.9238000e+002
  4.8833945e+005  8.2828761e+006  7.8505000e+002  9.1304000e+002
  4.8832403e+005  8.2828635e+006  7.8558000e+002  9.3484000e+002
  4.8830847e+005  8.2828508e+006  7.8605000e+002  9.5649000e+002
  4.8829333e+005  8.2828382e+006  7.8640000e+002  9.7688000e+002
  4.8827721e+005  8.2828259e+006  7.8674000e+002  9.9253000e+002
  4.8826206e+005  8.2828138e+006  7.8695000e+002  1.0012500e+003
  4.8824663e+005  8.2828007e+006  7.8708000e+002  1.0056300e+003
  4.8823120e+005  8.2827874e+006  7.8711000e+002  1.0099000e+003
  4.8821712e+005  8.2827738e+006  7.8703000e+002  1.0159900e+003
  4.8820239e+005  8.2827598e+006  7.8687000e+002  1.0263700e+003
  4.8818775e+005  8.2827468e+006  7.8672000e+002  1.0441900e+003
  4.8817221e+005  8.2827342e+006  7.8656000e+002  1.0567900e+003
  4.8815744e+005  8.2827210e+006  7.8631000e+002  1.0603000e+003
  4.8814308e+005  8.2827062e+006  7.8589000e+002  1.0627400e+003
  4.8812915e+005  8.2826918e+006  7.8544000e+002  1.0656400e+003
  4.8811494e+005  8.2826777e+006  7.8499000e+002  1.0598300e+003
  4.8810099e+005  8.2826633e+006  7.8448000e+002  1.0436700e+003
  4.8808774e+005  8.2826488e+006  7.8391000e+002  1.0263900e+003
  4.8807396e+005  8.2826339e+006  7.8330000e+002  1.0027900e+003
  4.8805953e+005  8.2826207e+006  7.8284000e+002  9.7180000e+002
  4.8804410e+005  8.2826073e+006  7.8237000e+002  9.4360000e+002
  4.8803010e+005  8.2825938e+006  7.8185000e+002  9.1868000e+002
  4.8801652e+005  8.2825798e+006  7.8127000e+002  8.9746000e+002
  4.8800283e+005  8.2825651e+006  7.8063000e+002  8.7237000e+002
  4.8798942e+005  8.2825503e+006  7.7996000e+002  8.4006000e+002
  4.8797625e+005  8.2825347e+006  7.7922000e+002  8.0486000e+002
  4.8796398e+005  8.2825189e+006  7.7842000e+002  7.6584000e+002
  4.8795044e+005  8.2825043e+006  7.7776000e+002  7.2345000e+002
  4.8793661e+005  8.2824904e+006  7.7715000e+002  6.8476000e+002
  4.8792281e+005  8.2824755e+006  7.7646000e+002  6.5872000e+002
  4.8790947e+005  8.2824604e+006  7.7573000e+002  6.2981000e+002
  4.8789429e+005  8.2824482e+006  7.7526000e+002  6.0615000e+002
  4.8784388e+005  8.2825022e+006  7.8115000e+002  6.4519000e+002
  4.8785559e+005  8.2825180e+006  7.8202000e+002  7.0400000e+002
  4.8786969e+005  8.2825314e+006  7.8262000e+002  7.3779000e+002
  4.8788389e+005  8.2825450e+006  7.8323000e+002  7.6462000e+002
  4.8789869e+005  8.2825585e+006  7.8381000e+002  7.9452000e+002
  4.8791356e+005  8.2825720e+006  7.8438000e+002  8.2975000e+002
  4.8792816e+005  8.2825859e+006  7.8498000e+002  8.6584000e+002
  4.8794348e+005  8.2825996e+006  7.8553000e+002  8.9803000e+002
  4.8795739e+005  8.2826126e+006  7.8605000e+002  9.2851000e+002
  4.8797302e+005  8.2826264e+006  7.8655000e+002  9.5498000e+002
  4.8798790e+005  8.2826395e+006  7.8700000e+002  9.8052000e+002
  4.8800281e+005  8.2826531e+006  7.8748000e+002  1.0025000e+003
  4.8801683e+005  8.2826664e+006  7.8794000e+002  1.0263600e+003
  4.8803112e+005  8.2826807e+006  7.8845000e+002  1.0537200e+003
  4.8804528e+005  8.2826952e+006  7.8895000e+002  1.0772600e+003
  4.8805928e+005  8.2827084e+006  7.8933000e+002  1.0803300e+003
  4.8807498e+005  8.2827219e+006  7.8964000e+002  1.0731800e+003
  4.8808983e+005  8.2827347e+006  7.8989000e+002  1.0666200e+003
  4.8810436e+005  8.2827483e+006  7.9019000e+002  1.0600000e+003
  4.8811868e+005  8.2827621e+006  7.9045000e+002  1.0584600e+003
  4.8813383e+005  8.2827759e+006  7.9065000e+002  1.0547500e+003
  4.8814790e+005  8.2827896e+006  7.9082000e+002  1.0468600e+003
  4.8816257e+005  8.2828035e+006  7.9094000e+002  1.0430900e+003
  4.8817675e+005  8.2828177e+006  7.9104000e+002  1.0386800e+003
  4.8819077e+005  8.2828314e+006  7.9106000e+002  1.0311800e+003
  4.8820515e+005  8.2828457e+006  7.9103000e+002  1.0256400e+003
  4.8822009e+005  8.2828591e+006  7.9086000e+002  1.0124300e+003
  4.8823532e+005  8.2828726e+006  7.9063000e+002  9.9022000e+002
  4.8824992e+005  8.2828863e+006  7.9035000e+002  9.6874000e+002
  4.8826388e+005  8.2829005e+006  7.9006000e+002  9.4696000e+002
  4.8827774e+005  8.2829147e+006  7.8968000e+002  9.2710000e+002
  4.8829180e+005  8.2829282e+006  7.8921000e+002  9.0854000e+002
  4.8830619e+005  8.2829418e+006  7.8864000e+002  8.8835000e+002
  4.8832055e+005  8.2829553e+006  7.8799000e+002  8.6796000e+002
  4.8833482e+005  8.2829698e+006  7.8729000e+002  8.4954000e+002
  4.8834927e+005  8.2829838e+006  7.8649000e+002  8.2822000e+002
  4.8836419e+005  8.2829979e+006  7.8559000e+002  8.0215000e+002
  4.8837796e+005  8.2830109e+006  7.8474000e+002  7.7113000e+002
  4.8839211e+005  8.2830256e+006  7.8386000e+002  7.4203000e+002
  4.8935506e+005  8.2807458e+006  5.2313000e+002  6.4260000e+001
  4.8934387e+005  8.2807615e+006  5.2840000e+002  7.8765000e+001
  4.8933196e+005  8.2807793e+006  5.3377000e+002  1.0505500e+002
  4.8932102e+005  8.2807959e+006  5.3845000e+002  1.3308500e+002
  4.8930966e+005  8.2808130e+006  5.4307000e+002  1.5616000e+002
  4.8929793e+005  8.2808292e+006  5.4723000e+002  1.7579500e+002
  4.8928465e+005  8.2808460e+006  5.5150000e+002  1.9986500e+002
  4.8927248e+005  8.2808621e+006  5.5535000e+002  2.2708000e+002
  4.8926010e+005  8.2808778e+006  5.5894000e+002  2.4727500e+002
  4.8924821e+005  8.2808937e+006  5.6225000e+002  2.7078000e+002
  4.8923582e+005  8.2809119e+006  5.6572000e+002  2.9048500e+002
  4.8922349e+005  8.2809280e+006  5.6889000e+002  3.0541000e+002
  4.8921156e+005  8.2809444e+006  5.7193000e+002  3.2275500e+002
  4.8920056e+005  8.2809618e+006  5.7482000e+002  3.4034500e+002
  4.8918855e+005  8.2809815e+006  5.7809000e+002  3.5649000e+002
  4.8917770e+005  8.2809995e+006  5.8085000e+002  3.7263000e+002
  4.8917043e+005  8.2810124e+006  5.8270000e+002  3.9101500e+002
  4.8915974e+005  8.2810322e+006  5.8545000e+002  4.1773500e+002
  4.8914912e+005  8.2810525e+006  5.8813000e+002  4.4324000e+002
  4.8914079e+005  8.2810688e+006  5.9019000e+002  4.6466500e+002
  4.8913442e+005  8.2810815e+006  5.9181000e+002  4.7472000e+002
  4.8913397e+005  8.2810824e+006  5.9186000e+002  4.8424500e+002
  4.8912601e+005  8.2810985e+006  5.9384000e+002  4.9341000e+002
  4.8911662e+005  8.2811172e+006  5.9609000e+002  5.0559500e+002
  4.8910751e+005  8.2811364e+006  5.9828000e+002  5.1614000e+002
  4.8909615e+005  8.2811614e+006  6.0112000e+002  5.3032000e+002
  4.8908584e+005  8.2811842e+006  6.0351000e+002  5.4508000e+002
  4.8907488e+005  8.2812076e+006  6.0595000e+002  5.5749000e+002
  4.8906290e+005  8.2812311e+006  6.0852000e+002  5.7020500e+002
  4.8905158e+005  8.2812570e+006  6.1118000e+002  5.8648500e+002
  4.8904122e+005  8.2812824e+006  6.1368000e+002  6.0542000e+002
  4.8902857e+005  8.2813101e+006  6.1637000e+002  6.1748500e+002
  4.8901686e+005  8.2813353e+006  6.1900000e+002  6.2083500e+002
  4.8900582e+005  8.2813638e+006  6.2157000e+002  6.1902500e+002
  4.8899580e+005  8.2813887e+006  6.2393000e+002  6.2514500e+002
  4.8898412e+005  8.2814132e+006  6.2632000e+002  6.3523000e+002
  4.8897608e+005  8.2814297e+006  6.2787000e+002  6.4180500e+002
  4.8897376e+005  8.2814343e+006  6.2827000e+002  6.4602000e+002
  4.8896695e+005  8.2814478e+006  6.2963000e+002  6.5297500e+002
  4.8895692e+005  8.2814690e+006  6.3156000e+002  6.6071000e+002
  4.8894662e+005  8.2814907e+006  6.3361000e+002  6.6248500e+002
  4.8893459e+005  8.2815157e+006  6.3561000e+002  6.6157000e+002
  4.8892418e+005  8.2815389e+006  6.3753000e+002  6.6157000e+002
  4.8891377e+005  8.2815628e+006  6.3944000e+002  6.6430500e+002
  4.8890290e+005  8.2815870e+006  6.4137000e+002  6.7213500e+002
  4.8889129e+005  8.2816130e+006  6.4324000e+002  6.8311500e+002
  4.8888029e+005  8.2816374e+006  6.4500000e+002  6.9286000e+002
  4.8886854e+005  8.2816624e+006  6.4657000e+002  6.9904000e+002
  4.8885720e+005  8.2816869e+006  6.4829000e+002  7.0615500e+002
  4.8884516e+005  8.2817148e+006  6.4996000e+002  7.1219000e+002
  4.8883739e+005  8.2817406e+006  6.5118000e+002  7.1540000e+002
  4.8883068e+005  8.2817607e+006  6.5225000e+002  7.1749500e+002
  4.8881880e+005  8.2817824e+006  6.5354000e+002  7.2207000e+002
  4.8880472e+005  8.2818062e+006  6.5533000e+002  7.2660000e+002
  4.8879597e+005  8.2818205e+006  6.5622000e+002  7.2899500e+002
  4.8879671e+005  8.2818337e+006  6.5674000e+002  7.2843000e+002
  4.8880997e+005  8.2818440e+006  6.5600000e+002  7.1853000e+002
  4.8882834e+005  8.2818525e+006  6.5509000e+002  6.9887500e+002
  4.8885298e+005  8.2818627e+006  6.5427000e+002  6.7779000e+002
  4.8887499e+005  8.2818719e+006  6.5378000e+002  6.5346500e+002
  4.8889932e+005  8.2818821e+006  6.5328000e+002  6.3169500e+002
  4.8892200e+005  8.2818924e+006  6.5363000e+002  6.1740500e+002
  4.8894641e+005  8.2819030e+006  6.5346000e+002  5.9723500e+002
  4.8897535e+005  8.2819167e+006  6.5314000e+002  5.5470500e+002
  4.8899984e+005  8.2819287e+006  6.5311000e+002  5.0918000e+002
  4.8902467e+005  8.2819408e+006  6.5262000e+002  4.7802000e+002
  4.8904796e+005  8.2819531e+006  6.5191000e+002  4.6720000e+002
  4.8906482e+005  8.2819639e+006  6.5138000e+002  4.3603000e+002
  4.8907920e+005  8.2819759e+006  6.5083000e+002  3.9085500e+002
  4.8909532e+005  8.2819803e+006  6.4857000e+002  3.9058000e+002
  4.8909730e+005  8.2819771e+006  6.4813000e+002  3.6776000e+002
  4.8910124e+005  8.2819678e+006  6.4686000e+002  3.3401500e+002
  4.8910122e+005  8.2819547e+006  6.4606000e+002  3.1988000e+002
  4.8909767e+005  8.2819460e+006  6.4624000e+002  3.1533500e+002
  4.8909063e+005  8.2819401e+006  6.4651000e+002  3.0643000e+002
  4.8908849e+005  8.2819385e+006  6.4662000e+002  3.1142500e+002
  4.8907500e+005  8.2819307e+006  6.4765000e+002  3.3725500e+002
  4.8906225e+005  8.2819233e+006  6.4843000e+002  3.7881000e+002
  4.8904781e+005  8.2819147e+006  6.4880000e+002  4.2513500e+002
  4.8902780e+005  8.2819020e+006  6.4919000e+002  4.5791000e+002
  4.8901065e+005  8.2818898e+006  6.4926000e+002  4.8717500e+002
  4.8899242e+005  8.2818768e+006  6.4920000e+002  5.1796000e+002
  4.8897640e+005  8.2818638e+006  6.4923000e+002  5.5019000e+002
  4.8896021e+005  8.2818510e+006  6.4921000e+002  5.7724500e+002
  4.8894330e+005  8.2818377e+006  6.4942000e+002  5.9717000e+002
  4.8892673e+005  8.2818230e+006  6.4948000e+002  6.1240000e+002
  4.8890885e+005  8.2818058e+006  6.4955000e+002  6.2858500e+002
  4.8889225e+005  8.2817889e+006  6.4950000e+002  6.4729500e+002
  4.8887727e+005  8.2817731e+006  6.4962000e+002  6.7128500e+002
  4.8886399e+005  8.2817574e+006  6.4991000e+002  6.9031500e+002
  4.8884996e+005  8.2817408e+006  6.5011000e+002  7.0493500e+002
  4.8883363e+005  8.2817226e+006  6.5072000e+002  7.1379000e+002
  4.8881936e+005  8.2817111e+006  6.5117000e+002  7.1999000e+002
  4.8879994e+005  8.2816967e+006  6.5104000e+002  7.2955500e+002
  4.8878310e+005  8.2816839e+006  6.5072000e+002  7.3665500e+002
  4.8876371e+005  8.2816706e+006  6.5071000e+002  7.2571500e+002
  4.8874470e+005  8.2816588e+006  6.4976000e+002  6.9886000e+002
  4.8872712e+005  8.2816468e+006  6.4940000e+002  6.7752000e+002
  4.8870836e+005  8.2816352e+006  6.4887000e+002  6.6406500e+002
  4.8868617e+005  8.2816219e+006  6.4851000e+002  6.5253500e+002
  4.8866828e+005  8.2816117e+006  6.4781000e+002  6.3522500e+002
  4.8864660e+005  8.2815990e+006  6.4632000e+002  6.1284500e+002
  4.8862697e+005  8.2815868e+006  6.4546000e+002  5.8955500e+002
  4.8860735e+005  8.2815747e+006  6.4460000e+002  5.6114000e+002
  4.8858972e+005  8.2815644e+006  6.4365000e+002  5.2582500e+002
  4.8857374e+005  8.2815550e+006  6.4196000e+002  4.9000000e+002
  4.8855341e+005  8.2815439e+006  6.3942000e+002  4.3997000e+002
  4.8853653e+005  8.2815347e+006  6.3688000e+002  3.7506000e+002
  4.8851748e+005  8.2815235e+006  6.3443000e+002  3.1837000e+002
  4.8850460e+005  8.2815151e+006  6.3325000e+002  2.6970500e+002
  4.8849497e+005  8.2815105e+006  6.3154000e+002  2.4524500e+002
  4.8848706e+005  8.2815076e+006  6.3077000e+002  1.9362000e+002
  4.8848083e+005  8.2815051e+006  6.2944000e+002  1.4458500e+002
  4.8847583e+005  8.2815030e+006  6.2849000e+002  1.2201500e+002
  4.8847484e+005  8.2815026e+006  6.2841000e+002  1.1151500e+002
  4.8846841e+005  8.2815027e+006  6.2806000e+002  9.5385000e+001
  4.8846347e+005  8.2815088e+006  6.2827000e+002  7.9160000e+001
  4.8846747e+005  8.2815217e+006  6.2945000e+002  8.0210000e+001
  4.8848000e+005  8.2815301e+006  6.3265000e+002  1.3406000e+002
  4.8849710e+005  8.2815377e+006  6.3527000e+002  2.2917500e+002
  4.8851231e+005  8.2815425e+006  6.3574000e+002  2.9167000e+002
  4.8852467e+005  8.2815458e+006  6.3674000e+002  3.4570000e+002
  4.8854434e+005  8.2815503e+006  6.3965000e+002  3.9051000e+002
  4.8856114e+005  8.2815616e+006  6.4232000e+002  4.4038500e+002
  4.8856594e+005  8.2815791e+006  6.4477000e+002  4.8489500e+002
  4.8857035e+005  8.2816051e+006  6.4780000e+002  5.1388000e+002
  4.8857366e+005  8.2816278e+006  6.4954000e+002  5.3448000e+002
  4.8857585e+005  8.2816512e+006  6.5110000e+002  5.5186500e+002
  4.8857743e+005  8.2816757e+006  6.5244000e+002  5.6882500e+002
  4.8857844e+005  8.2817032e+006  6.5386000e+002  5.8850000e+002
  4.8857923e+005  8.2817299e+006  6.5535000e+002  6.1485500e+002
  4.8857894e+005  8.2817558e+006  6.5678000e+002  6.4039500e+002
  4.8857928e+005  8.2817814e+006  6.5828000e+002  6.6388500e+002
  4.8858039e+005  8.2818097e+006  6.5987000e+002  6.8431500e+002
  4.8858317e+005  8.2818345e+006  6.6154000e+002  7.0721000e+002
  4.8858560e+005  8.2818602e+006  6.6333000e+002  7.3152500e+002
  4.8858775e+005  8.2818864e+006  6.6486000e+002  7.5453500e+002
  4.8859115e+005  8.2819146e+006  6.6666000e+002  7.7063500e+002
  4.8859428e+005  8.2819418e+006  6.6857000e+002  7.8256500e+002
  4.8859610e+005  8.2819686e+006  6.7071000e+002  7.9403500e+002
  4.8859576e+005  8.2819950e+006  6.7307000e+002  8.0882500e+002
  4.8859419e+005  8.2820239e+006  6.7572000e+002  8.2176000e+002
  4.8859119e+005  8.2820492e+006  6.7802000e+002  8.3266500e+002
  4.8858949e+005  8.2820740e+006  6.8036000e+002  8.3717000e+002
  4.8858914e+005  8.2820985e+006  6.8272000e+002  8.2346500e+002
  4.8858999e+005  8.2821236e+006  6.8517000e+002  8.0323500e+002
  4.8859036e+005  8.2821464e+006  6.8748000e+002  7.9183000e+002
  4.8859072e+005  8.2821700e+006  6.8965000e+002  7.8941500e+002
  4.8859135e+005  8.2821942e+006  6.9174000e+002  7.9109500e+002
  4.8859112e+005  8.2822208e+006  6.9385000e+002  7.9494000e+002
  4.8859190e+005  8.2822455e+006  6.9553000e+002  7.9532500e+002
  4.8859281e+005  8.2822714e+006  6.9705000e+002  7.8611000e+002
  4.8859430e+005  8.2822976e+006  6.9837000e+002  7.6992500e+002
  4.8859475e+005  8.2823262e+006  6.9990000e+002  7.5675000e+002
  4.8859541e+005  8.2823530e+006  7.0123000e+002  7.5000000e+002
  4.8859510e+005  8.2823781e+006  7.0272000e+002  7.4855000e+002
  4.8859508e+005  8.2824022e+006  7.0410000e+002  7.4382000e+002
  4.8859512e+005  8.2824293e+006  7.0544000e+002  7.3390000e+002
  4.8859493e+005  8.2824546e+006  7.0702000e+002  7.2304000e+002
  4.8859508e+005  8.2824792e+006  7.0861000e+002  7.1309000e+002
  4.8859451e+005  8.2825037e+006  7.1004000e+002  7.0439500e+002
  4.8859397e+005  8.2825311e+006  7.1155000e+002  7.0012500e+002
  4.8859271e+005  8.2825564e+006  7.1303000e+002  6.9950000e+002
  4.8859186e+005  8.2825819e+006  7.1459000e+002  6.9932500e+002
  4.8859099e+005  8.2826076e+006  7.1619000e+002  6.9305500e+002
  4.8859042e+005  8.2826334e+006  7.1734000e+002  6.7931000e+002
  4.8859165e+005  8.2826559e+006  7.1804000e+002  6.6281500e+002
  4.8859350e+005  8.2826772e+006  7.1859000e+002  6.5174500e+002
  4.8859697e+005  8.2826982e+006  7.1904000e+002  6.4286500e+002
  4.8860058e+005  8.2827196e+006  7.1941000e+002  6.3417500e+002
  4.8860413e+005  8.2827383e+006  7.1952000e+002  6.2638500e+002
  4.8860647e+005  8.2827541e+006  7.1942000e+002  6.2106500e+002
  4.8860980e+005  8.2827622e+006  7.1920000e+002  6.1683500e+002
  4.8861265e+005  8.2827693e+006  7.1913000e+002  6.1416500e+002
  4.8861281e+005  8.2827698e+006  7.1911000e+002  6.0923500e+002
  4.8862148e+005  8.2827793e+006  7.1667000e+002  5.9631000e+002
  4.8863009e+005  8.2827859e+006  7.1601000e+002  5.8078500e+002
  4.8864065e+005  8.2827895e+006  7.1535000e+002  5.6805000e+002
  4.8864767e+005  8.2827894e+006  7.1435000e+002  5.5828000e+002
  4.8865243e+005  8.2827895e+006  7.1390000e+002  5.5138500e+002
  4.8866133e+005  8.2827840e+006  7.1349000e+002  5.4242000e+002
  4.8866553e+005  8.2827720e+006  7.1285000e+002  5.3885000e+002
  4.8866311e+005  8.2827600e+006  7.1261000e+002  5.4586000e+002
  4.8865501e+005  8.2827512e+006  7.1392000e+002  5.5420500e+002
  4.8865182e+005  8.2827490e+006  7.1408000e+002  5.6304000e+002
  4.8864010e+005  8.2827411e+006  7.1434000e+002  5.7354000e+002
  4.8862908e+005  8.2827335e+006  7.1551000e+002  5.8539000e+002
  4.8861547e+005  8.2827233e+006  7.1759000e+002  6.0456000e+002
  4.8859902e+005  8.2827120e+006  7.1882000e+002  6.2824000e+002
  4.8858007e+005  8.2827010e+006  7.2016000e+002  6.4851500e+002
  4.8856141e+005  8.2826938e+006  7.2224000e+002  6.7036000e+002
  4.8854210e+005  8.2826841e+006  7.2388000e+002  6.9523000e+002
  4.8852853e+005  8.2826722e+006  7.2387000e+002  7.1545000e+002
  4.8852083e+005  8.2826653e+006  7.2349000e+002  7.2427000e+002
  4.8850627e+005  8.2826599e+006  7.2453000e+002  7.3665000e+002
  4.8848666e+005  8.2826658e+006  7.2499000e+002  7.6097500e+002
  4.8846770e+005  8.2826717e+006  7.2630000e+002  7.9872500e+002
  4.8844595e+005  8.2826785e+006  7.2694000e+002  8.3351500e+002
  4.8842441e+005  8.2826837e+006  7.2748000e+002  8.5767000e+002
  4.8840174e+005  8.2826897e+006  7.2792000e+002  8.6549500e+002
  4.8837987e+005  8.2826955e+006  7.2851000e+002  8.7293000e+002
  4.8835578e+005  8.2827018e+006  7.2921000e+002  8.9122500e+002
  4.8833503e+005  8.2827078e+006  7.3015000e+002  9.0658500e+002
  4.8831397e+005  8.2827136e+006  7.3101000e+002  9.1758000e+002
  4.8829287e+005  8.2827192e+006  7.3170000e+002  9.2847500e+002
  4.8827079e+005  8.2827255e+006  7.3241000e+002  9.3675500e+002
  4.8825201e+005  8.2827310e+006  7.3343000e+002  9.4574000e+002
  4.8823498e+005  8.2827363e+006  7.3399000e+002  9.5391000e+002
  4.8822709e+005  8.2827385e+006  7.3441000e+002  9.6748500e+002
  4.8819539e+005  8.2827372e+006  7.3566000e+002  9.8504000e+002
  4.8817565e+005  8.2827332e+006  7.3648000e+002  1.0121700e+003
  4.8815595e+005  8.2827297e+006  7.3722000e+002  1.0310550e+003
  4.8813620e+005  8.2827233e+006  7.3757000e+002  1.0374350e+003
  4.8811315e+005  8.2827159e+006  7.3777000e+002  1.0463000e+003
  4.8809222e+005  8.2827086e+006  7.3816000e+002  1.0536750e+003
  4.8807056e+005  8.2827014e+006  7.3846000e+002  1.0520350e+003
  4.8804909e+005  8.2826928e+006  7.3862000e+002  1.0288250e+003
  4.8802493e+005  8.2826832e+006  7.3885000e+002  9.9673000e+002
  4.8800361e+005  8.2826738e+006  7.3909000e+002  9.7057000e+002
  4.8798198e+005  8.2826650e+006  7.3954000e+002  9.5120500e+002
  4.8796059e+005  8.2826561e+006  7.3978000e+002  9.2416000e+002
  4.8793748e+005  8.2826458e+006  7.4003000e+002  8.9098000e+002
  4.8791522e+005  8.2826363e+006  7.4017000e+002  8.5522500e+002
  4.8789304e+005  8.2826268e+006  7.4045000e+002  8.2368500e+002
  4.8788418e+005  8.2826224e+006  7.4054000e+002  8.0507000e+002
  4.8787487e+005  8.2826186e+006  7.4047000e+002  7.9460000e+002
  4.8785661e+005  8.2826107e+006  7.4014000e+002  7.7675500e+002
  4.8783942e+005  8.2826033e+006  7.3955000e+002  7.4505500e+002
  4.8781790e+005  8.2825948e+006  7.3978000e+002  7.0662500e+002
  4.8779724e+005  8.2825866e+006  7.3988000e+002  6.5652500e+002
  4.8777473e+005  8.2825777e+006  7.3952000e+002  5.9377000e+002
  4.8775240e+005  8.2825688e+006  7.3962000e+002  5.1847000e+002
  4.8773415e+005  8.2825618e+006  7.3982000e+002  4.5006500e+002
  4.8771429e+005  8.2825542e+006  7.3937000e+002  3.8281000e+002
  4.8769395e+005  8.2825450e+006  7.3846000e+002  3.1091000e+002
  4.8767824e+005  8.2825376e+006  7.3731000e+002  2.4189000e+002
  4.8766272e+005  8.2825299e+006  7.3587000e+002  1.8057500e+002
  4.8764683e+005  8.2825227e+006  7.3532000e+002  1.1141500e+002
  4.8763104e+005  8.2825194e+006  7.3729000e+002  3.4470000e+001
  4.8762035e+005  8.2825371e+006  7.3812000e+002  3.5615000e+001
  4.8763198e+005  8.2825573e+006  7.3943000e+002  1.4167000e+002
  4.8765173e+005  8.2825662e+006  7.4095000e+002  2.2837500e+002
  4.8767671e+005  8.2825674e+006  7.4080000e+002  2.8962500e+002
  4.8770329e+005  8.2825638e+006  7.4018000e+002  3.4833500e+002
  4.8773334e+005  8.2825554e+006  7.3940000e+002  3.9747500e+002
  4.8775781e+005  8.2825470e+006  7.3825000e+002  4.3476000e+002
  4.8778511e+005  8.2825394e+006  7.3674000e+002  4.6273000e+002
  4.8781084e+005  8.2825325e+006  7.3549000e+002  4.9367000e+002
  4.8784032e+005  8.2825243e+006  7.3376000e+002  5.3573000e+002
  4.8786876e+005  8.2825165e+006  7.3204000e+002  5.9579000e+002
  4.8789638e+005  8.2825081e+006  7.3000000e+002  6.4165000e+002
  4.8792705e+005  8.2824980e+006  7.2770000e+002  6.6259000e+002
  4.8795663e+005  8.2824887e+006  7.2624000e+002  6.7886500e+002
  4.8798627e+005  8.2824797e+006  7.2509000e+002  7.0298000e+002
  4.8801112e+005  8.2824721e+006  7.2396000e+002  7.2553000e+002
  4.8803769e+005  8.2824635e+006  7.2251000e+002  7.4756500e+002
  4.8806738e+005  8.2824542e+006  7.2120000e+002  7.6597500e+002
  4.8809003e+005  8.2824470e+006  7.2012000e+002  7.8067000e+002
  4.8811549e+005  8.2824380e+006  7.1881000e+002  7.9411000e+002
  4.8813521e+005  8.2824311e+006  7.1760000e+002  8.0733500e+002
  4.8814702e+005  8.2824276e+006  7.1673000e+002  8.1431000e+002
  4.8814709e+005  8.2824275e+006  7.1668000e+002  8.1478500e+002
  4.8814708e+005  8.2824275e+006  7.1660000e+002  8.1332500e+002
  4.8814683e+005  8.2824276e+006  7.1705000e+002  8.1177500e+002
  4.8814685e+005  8.2824276e+006  7.1709000e+002  8.1277500e+002
  4.8815305e+005  8.2824257e+006  7.1666000e+002  8.1707000e+002
  4.8816899e+005  8.2824204e+006  7.1562000e+002  8.2283000e+002
  4.8818834e+005  8.2824150e+006  7.1428000e+002  8.3072500e+002
  4.8821090e+005  8.2824083e+006  7.1290000e+002  8.4288500e+002
  4.8823225e+005  8.2824013e+006  7.1167000e+002  8.5857500e+002
  4.8825626e+005  8.2823931e+006  7.1007000e+002  8.7147000e+002
  4.8827995e+005  8.2823846e+006  7.0870000e+002  8.8173000e+002
  4.8830627e+005  8.2823759e+006  7.0669000e+002  8.9077500e+002
  4.8832995e+005  8.2823678e+006  7.0516000e+002  9.0246500e+002
  4.8835386e+005  8.2823590e+006  7.0378000e+002  9.0722000e+002
  4.8837844e+005  8.2823511e+006  7.0273000e+002  9.0506000e+002
  4.8840732e+005  8.2823422e+006  7.0173000e+002  9.0360500e+002
  4.8843431e+005  8.2823341e+006  7.0116000e+002  9.0401500e+002
  4.8846088e+005  8.2823260e+006  7.0058000e+002  9.0045000e+002
  4.8848638e+005  8.2823197e+006  7.0010000e+002  8.8547000e+002
  4.8851172e+005  8.2823138e+006  6.9988000e+002  8.6552500e+002
  4.8853399e+005  8.2823079e+006  6.9950000e+002  8.4811500e+002
  4.8853757e+005  8.2823067e+006  6.9945000e+002  8.4138500e+002
  4.8854653e+005  8.2823035e+006  6.9917000e+002  8.3376000e+002
  4.8857132e+005  8.2822954e+006  6.9840000e+002  8.1384500e+002
  4.8859525e+005  8.2822876e+006  6.9732000e+002  7.7762000e+002
  4.8861955e+005  8.2822807e+006  6.9584000e+002  7.3940500e+002
  4.8864381e+005  8.2822741e+006  6.9427000e+002  7.0782000e+002
  4.8867038e+005  8.2822695e+006  6.9216000e+002  6.8580500e+002
  4.8869598e+005  8.2822664e+006  6.9013000e+002  6.7209500e+002
  4.8872191e+005  8.2822636e+006  6.8801000e+002  6.6245000e+002
  4.8874816e+005  8.2822617e+006  6.8574000e+002  6.4448000e+002
  4.8877798e+005  8.2822591e+006  6.8401000e+002  6.1835000e+002
  4.8880267e+005  8.2822566e+006  6.8225000e+002  5.8832500e+002
  4.8882731e+005  8.2822536e+006  6.8048000e+002  5.6751000e+002
  4.8884862e+005  8.2822506e+006  6.7898000e+002  5.5648500e+002
  4.8887532e+005  8.2822451e+006  6.7722000e+002  5.4534500e+002
  4.8889964e+005  8.2822406e+006  6.7584000e+002  5.3123500e+002
  4.8892682e+005  8.2822359e+006  6.7406000e+002  5.1900500e+002
  4.8895507e+005  8.2822305e+006  6.7243000e+002  5.0182000e+002
  4.8898619e+005  8.2822238e+006  6.7053000e+002  4.6332500e+002
  4.8901471e+005  8.2822173e+006  6.6846000e+002  4.1706000e+002
  4.8903907e+005  8.2822125e+006  6.6652000e+002  3.9402500e+002
  4.8906519e+005  8.2821964e+006  6.6358000e+002  3.5448500e+002
  4.8905066e+005  8.2821942e+006  6.6529000e+002  3.6967000e+002
  4.8903370e+005  8.2821844e+006  6.6631000e+002  3.9201000e+002
  4.8901694e+005  8.2821725e+006  6.6681000e+002  4.2492500e+002
  4.8899892e+005  8.2821602e+006  6.6739000e+002  4.5927000e+002
  4.8897782e+005  8.2821458e+006  6.6745000e+002  4.9241500e+002
  4.8895379e+005  8.2821303e+006  6.6763000e+002  5.2865000e+002
  4.8893043e+005  8.2821142e+006  6.6800000e+002  5.5202500e+002
  4.8890598e+005  8.2820979e+006  6.6788000e+002  5.6697500e+002
  4.8888102e+005  8.2820786e+006  6.6785000e+002  5.8139000e+002
  4.8885858e+005  8.2820607e+006  6.6790000e+002  5.9654000e+002
  4.8883497e+005  8.2820446e+006  6.6811000e+002  6.0987500e+002
  4.8883304e+005  8.2820434e+006  6.6808000e+002  6.1863500e+002
  4.8881579e+005  8.2820323e+006  6.6819000e+002  6.3192000e+002
  4.8879295e+005  8.2820179e+006  6.6837000e+002  6.4990500e+002
  4.8876783e+005  8.2820019e+006  6.6878000e+002  6.7361000e+002
  4.8874409e+005  8.2819866e+006  6.6904000e+002  7.1271500e+002
  4.8871759e+005  8.2819702e+006  6.6895000e+002  7.4412000e+002
  4.8869389e+005  8.2819554e+006  6.6904000e+002  7.6304500e+002
  4.8865840e+005  8.2819328e+006  6.6791000e+002  7.8025500e+002
  4.8862777e+005  8.2819134e+006  6.6624000e+002  7.7882500e+002
  4.8859436e+005  8.2818915e+006  6.6540000e+002  7.5746000e+002
  4.8856110e+005  8.2818701e+006  6.6370000e+002  7.1652000e+002
  4.8852843e+005  8.2818482e+006  6.6108000e+002  6.6078500e+002
  4.8849142e+005  8.2818235e+006  6.5960000e+002  6.0669500e+002
  4.8845813e+005  8.2818034e+006  6.5700000e+002  5.5202500e+002
  4.8843031e+005  8.2817859e+006  6.5301000e+002  4.8335000e+002
  4.8840814e+005  8.2817721e+006  6.5013000e+002  3.8376000e+002
  4.8839112e+005  8.2817603e+006  6.4921000e+002  3.1913000e+002
  4.8838588e+005  8.2817583e+006  6.4820000e+002  2.5713000e+002
  4.8838173e+005  8.2817665e+006  6.4857000e+002  2.3872500e+002
  4.8838296e+005  8.2817686e+006  6.4863000e+002  2.4998500e+002
  4.8838876e+005  8.2817768e+006  6.4956000e+002  2.8092000e+002
  4.8839746e+005  8.2817870e+006  6.5039000e+002  3.3590500e+002
  4.8840967e+005  8.2818004e+006  6.5212000e+002  3.8728500e+002
  4.8842231e+005  8.2818118e+006  6.5433000e+002  4.2885000e+002
  4.8843460e+005  8.2818231e+006  6.5640000e+002  4.6780000e+002
  4.8844568e+005  8.2818346e+006  6.5850000e+002  5.1179000e+002
  4.8845812e+005  8.2818485e+006  6.6039000e+002  5.4529000e+002
  4.8847208e+005  8.2818632e+006  6.6192000e+002  5.8563000e+002
  4.8848610e+005  8.2818774e+006  6.6277000e+002  6.2491500e+002
  4.8850106e+005  8.2818914e+006  6.6347000e+002  6.4970500e+002
  4.8851558e+005  8.2819033e+006  6.6454000e+002  6.7212000e+002
  4.8852796e+005  8.2819146e+006  6.6595000e+002  6.8960500e+002
  4.8852893e+005  8.2819156e+006  6.6611000e+002  6.9989500e+002
  4.8853989e+005  8.2819260e+006  6.6726000e+002  7.1719500e+002
  4.8855546e+005  8.2819393e+006  6.6852000e+002  7.4319000e+002
  4.8857146e+005  8.2819508e+006  6.6928000e+002  7.6492500e+002
  4.8858772e+005  8.2819608e+006  6.7007000e+002  7.8122000e+002
  4.8860322e+005  8.2819709e+006  6.7091000e+002  7.9187000e+002
  4.8861344e+005  8.2819804e+006  6.7183000e+002  7.9705000e+002
  4.8862159e+005  8.2819857e+006  6.7235000e+002  8.0313500e+002
  4.8863682e+005  8.2819937e+006  6.7313000e+002  8.0407000e+002
  4.8865501e+005  8.2820023e+006  6.7382000e+002  7.9463500e+002
  4.8865854e+005  8.2820041e+006  6.7391000e+002  7.8602500e+002
  4.8866527e+005  8.2820106e+006  6.7432000e+002  7.8128000e+002
  4.8866228e+005  8.2820293e+006  6.7604000e+002  7.7864000e+002
  4.8865133e+005  8.2820457e+006  6.7769000e+002  7.9155500e+002
  4.8864058e+005  8.2820609e+006  6.7925000e+002  8.1395500e+002
  4.8863030e+005  8.2820777e+006  6.8098000e+002  8.1239500e+002
  4.8862040e+005  8.2820962e+006  6.8273000e+002  8.0114500e+002
  4.8861040e+005  8.2821140e+006  6.8432000e+002  7.9331500e+002
  4.8859955e+005  8.2821321e+006  6.8607000e+002  7.8555500e+002
  4.8858783e+005  8.2821494e+006  6.8778000e+002  7.8442000e+002
  4.8857480e+005  8.2821678e+006  6.8937000e+002  7.8901000e+002
  4.8856485e+005  8.2821822e+006  6.9055000e+002  7.9695000e+002
  4.8855054e+005  8.2822025e+006  6.9233000e+002  8.0762000e+002
  4.8854003e+005  8.2822194e+006  6.9348000e+002  8.2154500e+002
  4.8852563e+005  8.2822405e+006  6.9519000e+002  8.3575000e+002
  4.8851547e+005  8.2822587e+006  6.9657000e+002  8.5126500e+002
  4.8850397e+005  8.2822810e+006  6.9800000e+002  8.6765500e+002
  4.8849196e+005  8.2823037e+006  6.9973000e+002  8.8493500e+002
  4.8848215e+005  8.2823225e+006  7.0086000e+002  8.9235000e+002
  4.8847292e+005  8.2823443e+006  7.0264000e+002  8.9128500e+002
  4.8846421e+005  8.2823648e+006  7.0421000e+002  8.9264000e+002
  4.8845578e+005  8.2823864e+006  7.0597000e+002  8.9355000e+002
  4.8844838e+005  8.2824068e+006  7.0763000e+002  8.9512000e+002
  4.8844260e+005  8.2824285e+006  7.0954000e+002  8.9550000e+002
  4.8843858e+005  8.2824493e+006  7.1144000e+002  8.9519500e+002
  4.8843621e+005  8.2824687e+006  7.1317000e+002  8.9281000e+002
  4.8843381e+005  8.2824866e+006  7.1473000e+002  8.8770500e+002
  4.8842942e+005  8.2825085e+006  7.1678000e+002  8.7896500e+002
  4.8842578e+005  8.2825256e+006  7.1848000e+002  8.6850000e+002
  4.8842168e+005  8.2825471e+006  7.2040000e+002  8.5828000e+002
  4.8841832e+005  8.2825682e+006  7.2207000e+002  8.5004500e+002
  4.8841479e+005  8.2825893e+006  7.2405000e+002  8.4774500e+002
  4.8841261e+005  8.2826098e+006  7.2530000e+002  8.5294000e+002
  4.8841028e+005  8.2826316e+006  7.2674000e+002  8.6255500e+002
  4.8840722e+005  8.2826519e+006  7.2792000e+002  8.6652000e+002
  4.8840466e+005  8.2826737e+006  7.2908000e+002  8.6177000e+002
  4.8840240e+005  8.2826956e+006  7.3017000e+002  8.6004500e+002
  4.8839951e+005  8.2827169e+006  7.3107000e+002  8.6142500e+002
  4.8839625e+005  8.2827393e+006  7.3194000e+002  8.6071500e+002
  4.8839339e+005  8.2827604e+006  7.3275000e+002  8.5913000e+002
  4.8838971e+005  8.2827876e+006  7.3358000e+002  8.5448000e+002
  4.8838582e+005  8.2828126e+006  7.3444000e+002  8.3977000e+002
  4.8838030e+005  8.2828477e+006  7.3488000e+002  8.2254000e+002
  4.8837683e+005  8.2828731e+006  7.3510000e+002  8.1613000e+002
  4.8837198e+005  8.2829009e+006  7.3570000e+002  8.1405500e+002
  4.8836713e+005  8.2829294e+006  7.3627000e+002  8.0710000e+002
  4.8836284e+005  8.2829549e+006  7.3679000e+002  7.9862500e+002
  4.8835845e+005  8.2829831e+006  7.3725000e+002  7.7847500e+002
  4.8835352e+005  8.2830120e+006  7.3791000e+002  7.2912500e+002
  4.8834784e+005  8.2830420e+006  7.3883000e+002  6.7141500e+002
  4.8834136e+005  8.2830713e+006  7.3971000e+002  6.2825500e+002
  4.8833769e+005  8.2830955e+006  7.4051000e+002  6.0037500e+002
  4.8833566e+005  8.2831138e+006  7.4089000e+002  5.8107500e+002
  4.8833318e+005  8.2831348e+006  7.4217000e+002  5.5775500e+002
  4.8833006e+005  8.2831589e+006  7.4381000e+002  5.3530500e+002
  4.8832692e+005  8.2831834e+006  7.4709000e+002  4.9832500e+002
  4.8832342e+005  8.2832047e+006  7.4842000e+002  4.5479500e+002
  4.8831943e+005  8.2832271e+006  7.4984000e+002  4.1256000e+002
  4.8831552e+005  8.2832508e+006  7.5155000e+002  3.8121500e+002
  4.8831430e+005  8.2832757e+006  7.5280000e+002  3.3424500e+002
  4.8828532e+005  8.2832941e+006  7.5568000e+002  2.6093000e+002
  4.8827141e+005  8.2832949e+006  7.5682000e+002  3.0148500e+002
  4.8825734e+005  8.2832951e+006  7.5808000e+002  3.4458500e+002
  4.8824466e+005  8.2832967e+006  7.5868000e+002  4.1195500e+002
  4.8822541e+005  8.2833004e+006  7.5943000e+002  4.7850500e+002
  4.8820840e+005  8.2833041e+006  7.6027000e+002  5.3113500e+002
  4.8818919e+005  8.2833095e+006  7.6068000e+002  5.5701500e+002
  4.8817244e+005  8.2833136e+006  7.6121000e+002  5.7176500e+002
  4.8815300e+005  8.2833185e+006  7.6169000e+002  5.8352500e+002
  4.8813752e+005  8.2833224e+006  7.6218000e+002  5.9021000e+002
  4.8812866e+005  8.2833244e+006  7.6245000e+002  5.9130500e+002
  4.8812282e+005  8.2833251e+006  7.6235000e+002  6.9128000e+002
  4.8810992e+005  8.2833238e+006  7.6149000e+002  7.3832500e+002
  4.8809700e+005  8.2833182e+006  7.6286000e+002  7.5977000e+002
  4.8808581e+005  8.2833113e+006  7.6331000e+002  7.8478000e+002
  4.8807411e+005  8.2833030e+006  7.6387000e+002  8.0995500e+002
  4.8806036e+005  8.2832921e+006  7.6438000e+002  8.3102000e+002
  4.8804954e+005  8.2832819e+006  7.6486000e+002  8.5530000e+002
  4.8803857e+005  8.2832693e+006  7.6507000e+002  8.7906500e+002
  4.8802866e+005  8.2832589e+006  7.6549000e+002  9.0793500e+002
  4.8801825e+005  8.2832474e+006  7.6601000e+002  9.3209500e+002
  4.8800933e+005  8.2832370e+006  7.6647000e+002  9.4774000e+002
  4.8799938e+005  8.2832261e+006  7.6672000e+002  9.6087500e+002
  4.8799009e+005  8.2832167e+006  7.6712000e+002  9.9303000e+002
  4.8797897e+005  8.2832049e+006  7.6744000e+002  1.0362000e+003
  4.8796939e+005  8.2831953e+006  7.6780000e+002  1.0702550e+003
  4.8795820e+005  8.2831846e+006  7.6816000e+002  1.0819100e+003
  4.8794818e+005  8.2831746e+006  7.6838000e+002  1.0903650e+003
  4.8793789e+005  8.2831642e+006  7.6853000e+002  1.0945100e+003
  4.8792828e+005  8.2831553e+006  7.6881000e+002  1.0999200e+003
  4.8791885e+005  8.2831468e+006  7.6915000e+002  1.1095950e+003
  4.8790944e+005  8.2831387e+006  7.6942000e+002  1.1151550e+003
  4.8789981e+005  8.2831294e+006  7.6981000e+002  1.1190950e+003
  4.8789123e+005  8.2831203e+006  7.7027000e+002  1.1259350e+003
  4.8788269e+005  8.2831111e+006  7.7076000e+002  1.1348800e+003
  4.8787380e+005  8.2831004e+006  7.7112000e+002  1.1467500e+003
  4.8786602e+005  8.2830919e+006  7.7159000e+002  1.1589600e+003
  4.8785567e+005  8.2830796e+006  7.7217000e+002  1.1688350e+003
  4.8784785e+005  8.2830699e+006  7.7259000e+002  1.1854550e+003
  4.8783909e+005  8.2830597e+006  7.7265000e+002  1.2016400e+003
  4.8783068e+005  8.2830511e+006  7.7272000e+002  1.2134150e+003
  4.8781762e+005  8.2830377e+006  7.7326000e+002  1.2153400e+003
  4.8780699e+005  8.2830269e+006  7.7339000e+002  1.2054200e+003
  4.8780210e+005  8.2830221e+006  7.7352000e+002  1.1968000e+003
  4.8780082e+005  8.2830210e+006  7.7354000e+002  1.1971600e+003
  4.8778897e+005  8.2830215e+006  7.7421000e+002  1.1971600e+003
  4.8777855e+005  8.2830305e+006  7.7518000e+002  1.1953450e+003
  4.8777750e+005  8.2830314e+006  7.7478000e+002  1.1960600e+003
  4.8776657e+005  8.2830411e+006  7.7575000e+002  1.1971600e+003
  4.8775194e+005  8.2830530e+006  7.7579000e+002  1.1988400e+003
  4.8773666e+005  8.2830686e+006  7.7826000e+002  1.2009850e+003
  4.8772258e+005  8.2830835e+006  7.8011000e+002  1.2052000e+003
  4.8770588e+005  8.2830988e+006  7.8026000e+002  1.2114900e+003
  4.8768972e+005  8.2831137e+006  7.8182000e+002  1.2145100e+003
  4.8767011e+005  8.2831328e+006  7.8631000e+002  1.2152900e+003
  4.8765167e+005  8.2831508e+006  7.8810000e+002  1.2207300e+003
  4.8762954e+005  8.2831683e+006  7.8987000e+002  1.2276000e+003
  4.8760842e+005  8.2831817e+006  7.9176000e+002  1.2337900e+003
  4.8758332e+005  8.2831938e+006  7.9358000e+002  1.2419500e+003
  4.8755976e+005  8.2832045e+006  7.9486000e+002  1.2537650e+003
  4.8753358e+005  8.2832158e+006  7.9613000e+002  1.2632750e+003
  4.8751049e+005  8.2832263e+006  7.9728000e+002  1.2740250e+003
  4.8748651e+005  8.2832364e+006  7.9829000e+002  1.2842150e+003
  4.8745945e+005  8.2832487e+006  7.9937000e+002  1.2938200e+003
  4.8743586e+005  8.2832595e+006  8.0049000e+002  1.3015950e+003
  4.8740910e+005  8.2832718e+006  8.0192000e+002  1.3063700e+003
  4.8738489e+005  8.2832838e+006  8.0325000e+002  1.3147300e+003
  4.8735965e+005  8.2832977e+006  8.0459000e+002  1.3205350e+003
  4.8733758e+005  8.2833098e+006  8.0578000e+002  1.3251400e+003
  4.8731214e+005  8.2833214e+006  8.0700000e+002  1.3356200e+003
  4.8728727e+005  8.2833293e+006  8.0807000e+002  1.3530250e+003
  4.8726090e+005  8.2833391e+006  8.0925000e+002  1.3659200e+003
  4.8723749e+005  8.2833478e+006  8.1034000e+002  1.3758600e+003
  4.8721228e+005  8.2833593e+006  8.1159000e+002  1.3843450e+003
  4.8718954e+005  8.2833712e+006  8.1305000e+002  1.3932050e+003
  4.8716393e+005  8.2833819e+006  8.1450000e+002  1.4009750e+003
  4.8714160e+005  8.2833907e+006  8.1578000e+002  1.4100150e+003
  4.8711630e+005  8.2834006e+006  8.1704000e+002  1.4178400e+003
  4.8709336e+005  8.2834103e+006  8.1859000e+002  1.4259100e+003
  4.8707138e+005  8.2834191e+006  8.2014000e+002  1.4320550e+003
  4.8704692e+005  8.2834299e+006  8.2206000e+002  1.4378300e+003
  4.8702474e+005  8.2834395e+006  8.2361000e+002  1.4465250e+003
  4.8700086e+005  8.2834500e+006  8.2537000e+002  1.4541300e+003
  4.8697934e+005  8.2834581e+006  8.2676000e+002  1.4614900e+003
  4.8695537e+005  8.2834678e+006  8.2857000e+002  1.4682650e+003
  4.8693016e+005  8.2834776e+006  8.3020000e+002  1.4779200e+003
  4.8690310e+005  8.2834883e+006  8.3211000e+002  1.4892800e+003
  4.8688048e+005  8.2834985e+006  8.3359000e+002  1.5055100e+003
  4.8685487e+005  8.2835107e+006  8.3550000e+002  1.5271800e+003
  4.8683116e+005  8.2835224e+006  8.3711000e+002  1.5446050e+003
  4.8680627e+005  8.2835341e+006  8.3896000e+002  1.5486800e+003
  4.8678462e+005  8.2835453e+006  8.4036000e+002  1.5590100e+003
  4.8676166e+005  8.2835572e+006  8.4204000e+002  1.5774650e+003
  4.8675588e+005  8.2835603e+006  8.4235000e+002  1.5851150e+003
  4.8674462e+005  8.2835668e+006  8.4324000e+002  1.5852900e+003
  4.8672783e+005  8.2835767e+006  8.4432000e+002  1.5924550e+003
  4.8671238e+005  8.2835851e+006  8.4527000e+002  1.5951600e+003
  4.8669381e+005  8.2835948e+006  8.4658000e+002  1.5946000e+003
  4.8667570e+005  8.2836038e+006  8.4788000e+002  1.5961600e+003
  4.8665594e+005  8.2836130e+006  8.4945000e+002  1.5994250e+003
  4.8663768e+005  8.2836214e+006  8.5059000e+002  1.6056300e+003
  4.8662012e+005  8.2836295e+006  8.5180000e+002  1.6120200e+003
  4.8660092e+005  8.2836383e+006  8.5300000e+002  1.6167450e+003
  4.8658067e+005  8.2836482e+006  8.5455000e+002  1.6221600e+003
  4.8656091e+005  8.2836576e+006  8.5566000e+002  1.6325550e+003
  4.8653819e+005  8.2836687e+006  8.5703000e+002  1.6438000e+003
  4.8651961e+005  8.2836782e+006  8.5834000e+002  1.6550200e+003
  4.8649892e+005  8.2836889e+006  8.5966000e+002  1.6622850e+003
  4.8648004e+005  8.2836981e+006  8.6064000e+002  1.6696700e+003
  4.8645847e+005  8.2837083e+006  8.6156000e+002  1.6800050e+003
  4.8644020e+005  8.2837174e+006  8.6288000e+002  1.6962000e+003
  4.8642425e+005  8.2837267e+006  8.6367000e+002  1.7115700e+003
  4.8640462e+005  8.2837397e+006  8.6506000e+002  1.7179800e+003
  4.8638482e+005  8.2837533e+006  8.6586000e+002  1.7162500e+003
  4.8636320e+005  8.2837690e+006  8.6725000e+002  1.7146150e+003
  4.8634076e+005  8.2837854e+006  8.6891000e+002  1.7180750e+003
  4.8631697e+005  8.2838023e+006  8.7009000e+002  1.7309550e+003
  4.8629688e+005  8.2838161e+006  8.7101000e+002  1.7457600e+003
  4.8627403e+005  8.2838311e+006  8.7202000e+002  1.7492050e+003
  4.8625594e+005  8.2838450e+006  8.7284000e+002  1.7510650e+003
  4.8623420e+005  8.2838587e+006  8.7382000e+002  1.7578550e+003
  4.8621668e+005  8.2838719e+006  8.7446000e+002  1.7689700e+003
  4.8619808e+005  8.2838851e+006  8.7525000e+002  1.7814500e+003
  4.8618052e+005  8.2838965e+006  8.7585000e+002  1.7957100e+003
  4.8615915e+005  8.2839102e+006  8.7655000e+002  1.7952000e+003
  4.8614153e+005  8.2839227e+006  8.7726000e+002  1.7896600e+003
  4.8612369e+005  8.2839364e+006  8.7773000e+002  1.7903450e+003
  4.8610351e+005  8.2839513e+006  8.7835000e+002  1.7923450e+003
  4.8608618e+005  8.2839636e+006  8.7907000e+002  1.7980000e+003
  4.8606935e+005  8.2839754e+006  8.7935000e+002  1.8055100e+003
  4.8605625e+005  8.2839852e+006  8.7985000e+002  1.8151850e+003
  4.8604258e+005  8.2839966e+006  8.8008000e+002  1.8208150e+003
  4.8602585e+005  8.2840087e+006  8.8071000e+002  1.8150150e+003
  4.8600696e+005  8.2840220e+006  8.8115000e+002  1.8063600e+003
  4.8599059e+005  8.2840333e+006  8.8167000e+002  1.8052400e+003
  4.8596826e+005  8.2840487e+006  8.8236000e+002  1.8061400e+003
  4.8594784e+005  8.2840631e+006  8.8321000e+002  1.7932700e+003
  4.8592469e+005  8.2840800e+006  8.8417000e+002  1.7751600e+003
  4.8590703e+005  8.2840939e+006  8.8462000e+002  1.7637800e+003
  4.8588323e+005  8.2841131e+006  8.8567000e+002  1.7581000e+003
  4.8586548e+005  8.2841273e+006  8.8639000e+002  1.7548350e+003
  4.8584387e+005  8.2841441e+006  8.8750000e+002  1.7565900e+003
  4.8583709e+005  8.2841496e+006  8.8786000e+002  1.7616200e+003
  4.8583708e+005  8.2841494e+006  8.8778000e+002  1.7333950e+003
  4.8583710e+005  8.2841493e+006  8.8772000e+002  1.7339050e+003
  4.8583465e+005  8.2841514e+006  8.8771000e+002  1.7305700e+003
  4.8582330e+005  8.2841619e+006  8.8832000e+002  1.7252700e+003
  4.8581164e+005  8.2841718e+006  8.8902000e+002  1.7157650e+003
  4.8579972e+005  8.2841817e+006  8.8987000e+002  1.7059650e+003
  4.8578829e+005  8.2841916e+006  8.9069000e+002  1.6968500e+003
  4.8577324e+005  8.2842042e+006  8.9167000e+002  1.6912750e+003
  4.8576111e+005  8.2842131e+006  8.9253000e+002  1.6900750e+003
  4.8575024e+005  8.2842209e+006  8.9339000e+002  1.6907250e+003
  4.8573715e+005  8.2842301e+006  8.9438000e+002  1.6879800e+003
  4.8572267e+005  8.2842415e+006  8.9553000e+002  1.6812250e+003
  4.8570672e+005  8.2842523e+006  8.9701000e+002  1.6763000e+003
  4.8568844e+005  8.2842644e+006  8.9862000e+002  1.6759700e+003
  4.8566655e+005  8.2842790e+006  9.0058000e+002  1.6764000e+003
  4.8564818e+005  8.2842922e+006  9.0238000e+002  1.6742300e+003
  4.8562979e+005  8.2843053e+006  9.0426000e+002  1.6744750e+003
  4.8560816e+005  8.2843207e+006  9.0642000e+002  1.6745550e+003
  4.8558996e+005  8.2843332e+006  9.0833000e+002  1.6683150e+003
  4.8557037e+005  8.2843470e+006  9.0926000e+002  1.6617500e+003
  4.8555079e+005  8.2843606e+006  9.1119000e+002  1.6623450e+003
  4.8552838e+005  8.2843755e+006  9.1339000e+002  1.6668600e+003
  4.8551069e+005  8.2843884e+006  9.1512000e+002  1.6703000e+003
  4.8549357e+005  8.2844011e+006  9.1688000e+002  1.6714550e+003
  4.8547253e+005  8.2844164e+006  9.1880000e+002  1.6738500e+003
  4.8545455e+005  8.2844295e+006  9.2045000e+002  1.6753100e+003
  4.8543707e+005  8.2844428e+006  9.2185000e+002  1.6762600e+003
  4.8541969e+005  8.2844552e+006  9.2338000e+002  1.6799700e+003
  4.8539927e+005  8.2844702e+006  9.2516000e+002  1.6859800e+003
  4.8538250e+005  8.2844832e+006  9.2650000e+002  1.6976300e+003
  4.8536821e+005  8.2844971e+006  9.2766000e+002  1.7105500e+003
  4.8535052e+005  8.2845153e+006  9.2907000e+002  1.7201300e+003
  4.8533517e+005  8.2845309e+006  9.3019000e+002  1.7265600e+003
  4.8531983e+005  8.2845466e+006  9.3136000e+002  1.7304500e+003
  4.8530504e+005  8.2845633e+006  9.3235000e+002  1.7366150e+003
  4.8528909e+005  8.2845833e+006  9.3360000e+002  1.7414450e+003
  4.8527551e+005  8.2846001e+006  9.3463000e+002  1.7507250e+003
  4.8526099e+005  8.2846166e+006  9.3566000e+002  1.7630600e+003
  4.8524620e+005  8.2846381e+006  9.3696000e+002  1.7723700e+003
  4.8523313e+005  8.2846561e+006  9.3802000e+002  1.7833600e+003
  4.8522124e+005  8.2846742e+006  9.3911000e+002  1.7923000e+003
  4.8520967e+005  8.2846918e+006  9.4025000e+002  1.8005450e+003
  4.8519598e+005  8.2847133e+006  9.4161000e+002  1.8103550e+003
  4.8518412e+005  8.2847312e+006  9.4295000e+002  1.8223950e+003
  4.8517274e+005  8.2847491e+006  9.4403000e+002  1.8290650e+003
  4.8506889e+005  8.2849171e+006  9.5623000e+002  1.4698400e+003
  4.8505723e+005  8.2849343e+006  9.5753000e+002  1.4630950e+003
  4.8504620e+005  8.2849509e+006  9.5894000e+002  1.4576600e+003
  4.8503290e+005  8.2849719e+006  9.6077000e+002  1.4590650e+003
  4.8502253e+005  8.2849903e+006  9.6218000e+002  1.4570400e+003
  4.8501180e+005  8.2850074e+006  9.6385000e+002  1.4533800e+003
  4.8500034e+005  8.2850246e+006  9.6528000e+002  1.4527100e+003
  4.8499200e+005  8.2850364e+006  9.6638000e+002  1.4520850e+003
  4.8498812e+005  8.2850423e+006  9.6695000e+002  1.4521550e+003
  4.8498038e+005  8.2850538e+006  9.6806000e+002  1.4484600e+003
  4.8496735e+005  8.2850718e+006  9.7006000e+002  1.4493750e+003
  4.8495709e+005  8.2850850e+006  9.7152000e+002  1.4551050e+003
  4.8494646e+005  8.2850987e+006  9.7307000e+002  1.4651000e+003
  4.8493243e+005  8.2851121e+006  9.7480000e+002  1.5006200e+003
  4.8491610e+005  8.2851306e+006  9.7714000e+002  1.5236300e+003
  4.8490316e+005  8.2851481e+006  9.7909000e+002  1.5231800e+003
  4.8489091e+005  8.2851642e+006  9.8109000e+002  1.5219150e+003
  4.8488058e+005  8.2851817e+006  9.8314000e+002  1.5224050e+003
  4.8477863e+005  8.2852926e+006  9.9659000e+002  1.7573300e+003
  4.8477215e+005  8.2852987e+006  9.9730000e+002  1.7850900e+003
  4.8475854e+005  8.2853114e+006  9.9856000e+002  1.8155150e+003
  4.8474571e+005  8.2853243e+006  9.9993000e+002  1.8312450e+003
  4.8473004e+005  8.2853411e+006  1.0017300e+003  1.8455600e+003
  4.8471732e+005  8.2853546e+006  1.0031500e+003  1.8579800e+003
  4.8435144e+005  8.2856136e+006  1.0342900e+003  1.3139450e+003
  4.8433461e+005  8.2856208e+006  1.0367800e+003  1.3107500e+003
  4.8431638e+005  8.2856306e+006  1.0393400e+003  1.3148500e+003
  4.8430277e+005  8.2856385e+006  1.0414100e+003  1.3247250e+003
  4.8429528e+005  8.2856431e+006  1.0427200e+003  1.3299750e+003
  4.8429398e+005  8.2856440e+006  1.0428200e+003  1.3351300e+003
  4.8428169e+005  8.2856518e+006  1.0446800e+003  1.3472150e+003
  4.8426811e+005  8.2856595e+006  1.0466800e+003  1.3848000e+003
  4.8425319e+005  8.2856667e+006  1.0489000e+003  1.4167600e+003
  4.8423553e+005  8.2856750e+006  1.0514300e+003  1.4187850e+003
  4.8422386e+005  8.2856801e+006  1.0530300e+003  1.4151500e+003
  4.8420838e+005  8.2856866e+006  1.0551400e+003  1.4138950e+003
  4.8419303e+005  8.2856931e+006  1.0573600e+003  1.4122000e+003
  4.8417526e+005  8.2857001e+006  1.0601400e+003  1.4130700e+003
  4.8415843e+005  8.2857068e+006  1.0626700e+003  1.4152450e+003
  4.8414255e+005  8.2857124e+006  1.0652200e+003  1.4157600e+003
  4.8412583e+005  8.2857183e+006  1.0676700e+003  1.3458300e+003
  4.8410393e+005  8.2857228e+006  1.0710600e+003  1.2887150e+003
  4.8408395e+005  8.2857254e+006  1.0740200e+003  1.2941300e+003
  4.8406545e+005  8.2857281e+006  1.0769200e+003  1.3048700e+003
  4.8404389e+005  8.2857297e+006  1.0802900e+003  1.3098600e+003
  4.8402494e+005  8.2857310e+006  1.0829800e+003  1.3009800e+003
  4.8400714e+005  8.2857320e+006  1.0856000e+003  1.2893750e+003
  4.8398909e+005  8.2857325e+006  1.0887800e+003  1.2828500e+003
  4.8396587e+005  8.2857320e+006  1.0911600e+003  1.2828500e+003
  4.8394583e+005  8.2857316e+006  1.0936700e+003  1.2870550e+003
  4.8392606e+005  8.2857311e+006  1.0962200e+003  1.2908750e+003
  4.8390159e+005  8.2857292e+006  1.0992400e+003  1.2870150e+003
  4.8388077e+005  8.2857288e+006  1.1019200e+003  1.2721700e+003
  4.8385855e+005  8.2857292e+006  1.1046600e+003  1.2592650e+003
  4.8383570e+005  8.2857306e+006  1.1074600e+003  1.2577350e+003
  4.8379938e+005  8.2857349e+006  1.1116600e+003  1.4519750e+003
  4.8379040e+005  8.2857365e+006  1.1128600e+003  1.4472950e+003
  4.8377682e+005  8.2857389e+006  1.1146900e+003  1.4435400e+003
  4.8377474e+005  8.2857393e+006  1.1149700e+003  1.4386850e+003
  4.8376481e+005  8.2857419e+006  1.1162900e+003  1.4230950e+003
  4.8374962e+005  8.2857463e+006  1.1180300e+003  1.3959550e+003
  4.8373379e+005  8.2857511e+006  1.1201100e+003  1.3714300e+003
  4.8372065e+005  8.2857558e+006  1.1217800e+003  1.3471850e+003
  4.8370441e+005  8.2857617e+006  1.1237500e+003  1.3301400e+003
  4.8368932e+005  8.2857665e+006  1.1255900e+003  1.3155500e+003
  4.8367154e+005  8.2857720e+006  1.1275900e+003  1.3093750e+003
  4.8365628e+005  8.2857769e+006  1.1291600e+003  1.3077650e+003
  4.8364024e+005  8.2857817e+006  1.1305100e+003  1.3089150e+003
  4.8362304e+005  8.2857862e+006  1.1327800e+003  1.3098900e+003
  4.8360765e+005  8.2857896e+006  1.1341700e+003  1.3129900e+003
  4.8359019e+005  8.2857921e+006  1.1358200e+003  1.3200050e+003
  4.8357452e+005  8.2857934e+006  1.1375700e+003  1.3325600e+003
  4.8355693e+005  8.2857937e+006  1.1392200e+003  1.3472500e+003
  4.8354227e+005  8.2857921e+006  1.1399700e+003  1.3587950e+003
  4.8352551e+005  8.2857931e+006  1.1414100e+003  1.3597950e+003
  4.8351028e+005  8.2857986e+006  1.1429400e+003  1.3545800e+003
  4.8349412e+005  8.2858058e+006  1.1446800e+003  1.3422100e+003
  4.8348080e+005  8.2858133e+006  1.1463600e+003  1.3252600e+003
  4.8346959e+005  8.2858193e+006  1.1476100e+003  1.3165900e+003
  4.8346295e+005  8.2858223e+006  1.1482700e+003  1.3136100e+003
  4.8345306e+005  8.2858266e+006  1.1493700e+003  1.3105100e+003
  4.8343893e+005  8.2858329e+006  1.1509800e+003  1.3065150e+003
  4.8342479e+005  8.2858370e+006  1.1523600e+003  1.3027550e+003
  4.8340788e+005  8.2858410e+006  1.1543700e+003  1.3039350e+003
  4.8339321e+005  8.2858443e+006  1.1558600e+003  1.3141300e+003
  4.8337456e+005  8.2858478e+006  1.1572000e+003  1.3264800e+003
  4.8335692e+005  8.2858514e+006  1.1589200e+003  1.3401500e+003
  4.8333641e+005  8.2858552e+006  1.1607600e+003  1.3494850e+003
  4.8331962e+005  8.2858585e+006  1.1622200e+003  1.3597750e+003
  4.8330233e+005  8.2858618e+006  1.1637200e+003  1.3709850e+003
  4.8328339e+005  8.2858648e+006  1.1653900e+003  1.3789750e+003
  4.8326774e+005  8.2858683e+006  1.1666500e+003  1.3883500e+003
  4.8324910e+005  8.2858720e+006  1.1685600e+003  1.3974050e+003
  4.8323223e+005  8.2858757e+006  1.1698900e+003  1.4094250e+003
  4.8321338e+005  8.2858808e+006  1.1715700e+003  1.4228300e+003
  4.8319839e+005  8.2858852e+006  1.1730100e+003  1.4414350e+003
  4.8317985e+005  8.2858889e+006  1.1749300e+003  1.4563200e+003
  4.8316307e+005  8.2858921e+006  1.1765000e+003  1.3897550e+003
  4.8314436e+005  8.2858953e+006  1.1780200e+003  1.3176800e+003
  4.8312848e+005  8.2858983e+006  1.1796500e+003  1.3057350e+003
  4.8311147e+005  8.2859014e+006  1.1815100e+003  1.2966150e+003
  4.8309237e+005  8.2859045e+006  1.1827600e+003  1.2877250e+003
  4.8307637e+005  8.2859068e+006  1.1839500e+003  1.2788150e+003
  4.8305777e+005  8.2859093e+006  1.1858100e+003  1.2724050e+003
  4.8304092e+005  8.2859110e+006  1.1874400e+003  1.2656100e+003
  4.8302244e+005  8.2859127e+006  1.1893300e+003  1.2593850e+003
  4.8300665e+005  8.2859136e+006  1.1902800e+003  1.2559150e+003
  4.8298795e+005  8.2859148e+006  1.1922800e+003  1.2576150e+003
  4.8297134e+005  8.2859167e+006  1.1932700e+003  1.2646150e+003
  4.8295274e+005  8.2859191e+006  1.1953500e+003  1.2683100e+003
  4.8293684e+005  8.2859213e+006  1.1964900e+003  1.2614750e+003
  4.8291949e+005  8.2859237e+006  1.1980800e+003  1.2519750e+003
  4.8290121e+005  8.2859265e+006  1.2004000e+003  1.2472900e+003
  4.8288550e+005  8.2859287e+006  1.2022500e+003  1.2440250e+003
  4.8286684e+005  8.2859300e+006  1.2041100e+003  1.2437300e+003
  4.8285001e+005  8.2859318e+006  1.2059700e+003  1.2443700e+003
  4.8283192e+005  8.2859342e+006  1.2077600e+003  1.2438200e+003
  4.8281585e+005  8.2859368e+006  1.2090500e+003  1.2473350e+003
  4.8279777e+005  8.2859395e+006  1.2108200e+003  1.2510550e+003
  4.8278284e+005  8.2859418e+006  1.2124300e+003  1.2515600e+003
  4.8276499e+005  8.2859449e+006  1.2140400e+003  1.2545000e+003
  4.8274860e+005  8.2859476e+006  1.2158700e+003  1.2633500e+003
  4.8273277e+005  8.2859506e+006  1.2171800e+003  1.2729900e+003
  4.8271352e+005  8.2859538e+006  1.2192100e+003  1.2763200e+003
  4.8269600e+005  8.2859569e+006  1.2208300e+003  1.2729900e+003
  4.8267691e+005  8.2859615e+006  1.2230400e+003  1.2707850e+003
  4.8266069e+005  8.2859649e+006  1.2234800e+003  1.2747350e+003
  4.8264212e+005  8.2859690e+006  1.2245200e+003  1.2757000e+003
  4.8262518e+005  8.2859723e+006  1.2264700e+003  1.2724850e+003
  4.8260640e+005  8.2859763e+006  1.2284200e+003  1.2730600e+003
  4.8259026e+005  8.2859797e+006  1.2296100e+003  1.2795400e+003
  4.8257093e+005  8.2859836e+006  1.2314300e+003  1.2837650e+003
  4.8255347e+005  8.2859864e+006  1.2330000e+003  1.2794200e+003
  4.8253515e+005  8.2859888e+006  1.2350300e+003  1.2701900e+003
  4.8251258e+005  8.2859915e+006  1.2371300e+003  1.2645850e+003
  4.8249333e+005  8.2859930e+006  1.2385200e+003  1.2629300e+003
  4.8247273e+005  8.2859950e+006  1.2405200e+003  1.2635950e+003
  4.8245523e+005  8.2859967e+006  1.2423600e+003  1.2617600e+003
  4.8243488e+005  8.2859986e+006  1.2439300e+003  1.2539050e+003
  4.8241640e+005  8.2860005e+006  1.2451700e+003  1.2424200e+003
  4.8239480e+005  8.2860027e+006  1.2480900e+003  1.2418000e+003
  4.8237672e+005  8.2860048e+006  1.2493500e+003  1.2474500e+003
  4.8235562e+005  8.2860072e+006  1.2509900e+003  1.2483900e+003
  4.8233736e+005  8.2860091e+006  1.2519300e+003  1.2460000e+003
  4.8231997e+005  8.2860118e+006  1.2531000e+003  1.2368850e+003
  4.8229940e+005  8.2860148e+006  1.2551300e+003  1.2263200e+003
  4.8228114e+005  8.2860170e+006  1.2571600e+003  1.2174050e+003
  4.8226145e+005  8.2860188e+006  1.2594400e+003  1.2118000e+003
  4.8224466e+005  8.2860205e+006  1.2603800e+003  1.2073700e+003
  4.8222500e+005  8.2860223e+006  1.2617900e+003  1.2035900e+003
  4.8220608e+005  8.2860242e+006  1.2622000e+003  1.1962350e+003
  4.8218395e+005  8.2860268e+006  1.2642900e+003  1.1913150e+003
  4.8216602e+005  8.2860285e+006  1.2648600e+003  1.1869050e+003
  4.8214517e+005  8.2860309e+006  1.2663100e+003  1.1794600e+003
  4.8212662e+005  8.2860332e+006  1.2673100e+003  1.1709000e+003
  4.8210938e+005  8.2860344e+006  1.2706100e+003  1.1632700e+003
  4.8208994e+005  8.2860344e+006  1.2710100e+003  1.1565150e+003
  4.8207180e+005  8.2860347e+006  1.2724400e+003  1.1514850e+003
  4.8205117e+005  8.2860368e+006  1.2742100e+003  1.1502650e+003
  4.8203322e+005  8.2860385e+006  1.2764900e+003  1.1495800e+003
  4.8201306e+005  8.2860406e+006  1.2784300e+003  1.1488200e+003
  4.8199488e+005  8.2860421e+006  1.2810500e+003  1.1503350e+003
  4.8197492e+005  8.2860438e+006  1.2830600e+003  1.1494200e+003
  4.8195778e+005  8.2860459e+006  1.2844600e+003  1.1434000e+003
  4.8193740e+005  8.2860478e+006  1.2864800e+003  1.1377700e+003
  4.8192000e+005  8.2860494e+006  1.2878600e+003  1.1319950e+003
  4.8190306e+005  8.2860510e+006  1.2897600e+003  1.1308800e+003
  4.8188330e+005  8.2860530e+006  1.2922500e+003  1.1323950e+003
  4.8186492e+005  8.2860544e+006  1.2937700e+003  1.1321450e+003
  4.8184319e+005  8.2860558e+006  1.2943300e+003  1.1329700e+003
  4.8182528e+005  8.2860575e+006  1.2962100e+003  1.1392200e+003
  4.8180381e+005  8.2860600e+006  1.2978400e+003  1.1464300e+003
  4.8178466e+005  8.2860614e+006  1.2997400e+003  1.1543350e+003
  4.8176369e+005  8.2860627e+006  1.3012500e+003  1.1627850e+003
  4.8174566e+005  8.2860635e+006  1.3021400e+003  1.1673100e+003
  4.8172475e+005  8.2860648e+006  1.3038600e+003  1.1635900e+003
  4.8170556e+005  8.2860666e+006  1.3056700e+003  1.1601700e+003
  4.8168748e+005  8.2860686e+006  1.3075700e+003  1.1604900e+003
  4.8166555e+005  8.2860707e+006  1.3095800e+003  1.1599150e+003
  4.8164600e+005  8.2860723e+006  1.3113300e+003  1.1584650e+003
  4.8162463e+005  8.2860738e+006  1.3140400e+003  1.1600500e+003
  4.8160571e+005  8.2860749e+006  1.3152300e+003  1.1635000e+003
  4.8158371e+005  8.2860759e+006  1.3169800e+003  1.1627150e+003
  4.8156545e+005  8.2860768e+006  1.3177400e+003  1.1625350e+003
  4.8154519e+005  8.2860770e+006  1.3198700e+003  1.1691000e+003
  4.8152812e+005  8.2860789e+006  1.3218000e+003  1.1809550e+003
  4.8150765e+005  8.2860823e+006  1.3233000e+003  1.1899800e+003
  4.8148878e+005  8.2860839e+006  1.3221500e+003  1.1997450e+003
  4.8147146e+005  8.2860870e+006  1.3268500e+003  1.2125150e+003
  4.8145207e+005  8.2860885e+006  1.3280100e+003  1.2264750e+003
  4.8143509e+005  8.2860905e+006  1.3287600e+003  1.2423300e+003
  4.8141465e+005  8.2860930e+006  1.3299400e+003  1.2536950e+003
  4.8139663e+005  8.2860948e+006  1.3302200e+003  1.2647250e+003
  4.8137543e+005  8.2860974e+006  1.3259000e+003  1.2751300e+003
  4.8135686e+005  8.2860989e+006  1.3266600e+003  1.2859900e+003
  4.8133588e+005  8.2860996e+006  1.3320600e+003  1.2940300e+003
  4.8131712e+005  8.2861006e+006  1.3335300e+003  1.3045950e+003
  4.8129450e+005  8.2861007e+006  1.3355700e+003  1.3151650e+003
  4.8127347e+005  8.2861013e+006  1.3372100e+003  1.3268400e+003
  4.8125432e+005  8.2861014e+006  1.3384200e+003  1.3371000e+003
  4.8123171e+005  8.2861015e+006  1.3394800e+003  1.3452300e+003
  4.8121143e+005  8.2861018e+006  1.3416300e+003  1.3544850e+003
  4.8118811e+005  8.2861025e+006  1.3436500e+003  1.3658900e+003
  4.8116867e+005  8.2861030e+006  1.3452000e+003  1.3823650e+003
  4.8114573e+005  8.2861042e+006  1.3457500e+003  1.3976750e+003
  4.8112487e+005  8.2861059e+006  1.3469600e+003  1.4142850e+003
  4.8110130e+005  8.2861077e+006  1.3482000e+003  1.4288050e+003
  4.8108112e+005  8.2861087e+006  1.3502300e+003  1.4459600e+003
  4.8105743e+005  8.2861096e+006  1.3518700e+003  1.4597200e+003
  4.8103719e+005  8.2861098e+006  1.3537100e+003  1.4734350e+003
  4.8101845e+005  8.2861108e+006  1.3548700e+003  1.4868900e+003
  4.8099592e+005  8.2861119e+006  1.3567200e+003  1.4998450e+003
  4.8097631e+005  8.2861130e+006  1.3577600e+003  1.5104600e+003
  4.8095444e+005  8.2861156e+006  1.3590700e+003  1.5130750e+003
  4.8093517e+005  8.2861177e+006  1.3566700e+003  1.5121100e+003
  4.8091463e+005  8.2861210e+006  1.3607500e+003  1.5130300e+003
  4.8089540e+005  8.2861236e+006  1.3601900e+003  1.5153500e+003
  4.8087413e+005  8.2861257e+006  1.3645600e+003  1.5197150e+003
  4.8085613e+005  8.2861268e+006  1.3652500e+003  1.5285100e+003
  4.8083355e+005  8.2861283e+006  1.3660000e+003  1.5363350e+003
  4.8081548e+005  8.2861303e+006  1.3673400e+003  1.5431650e+003
  4.8079531e+005  8.2861328e+006  1.3682100e+003  1.5480300e+003
  4.8077448e+005  8.2861349e+006  1.3689300e+003  1.5530150e+003
  4.8075647e+005  8.2861370e+006  1.3659700e+003  1.5599300e+003
  4.8073478e+005  8.2861385e+006  1.3641600e+003  1.5650950e+003
  4.8071655e+005  8.2861402e+006  1.3687900e+003  1.5695300e+003
  4.8069445e+005  8.2861430e+006  1.3703300e+003  1.5752250e+003
  4.8067534e+005  8.2861452e+006  1.3695600e+003  1.5822300e+003
  4.8065341e+005  8.2861495e+006  1.3662900e+003  1.5860450e+003
  4.8063285e+005  8.2861533e+006  1.3708500e+003  1.5904550e+003
  4.8060851e+005  8.2861575e+006  1.3744600e+003  1.5978500e+003
  4.8058688e+005  8.2861613e+006  1.3750300e+003  1.6045250e+003
  4.8056371e+005  8.2861654e+006  1.3752600e+003  1.6063500e+003
  4.8053678e+005  8.2861702e+006  1.3757500e+003  1.6088300e+003
  4.8051339e+005  8.2861747e+006  1.3769200e+003  1.6091300e+003
  4.8048666e+005  8.2861796e+006  1.3775700e+003  1.6058000e+003
  4.8046300e+005  8.2861841e+006  1.3785900e+003  1.6000350e+003
  4.8043858e+005  8.2861880e+006  1.3829200e+003  1.5963800e+003
  4.8041513e+005  8.2861927e+006  1.3802900e+003  1.5956450e+003
  4.8038604e+005  8.2861985e+006  1.3819100e+003  1.5920400e+003
  4.8036213e+005  8.2862027e+006  1.3826800e+003  1.5865250e+003
  4.8033596e+005  8.2862063e+006  1.3835100e+003  1.5830800e+003
  4.8031417e+005  8.2862104e+006  1.3836100e+003  1.5777500e+003
  4.8029148e+005  8.2862143e+006  1.3844600e+003  1.5722650e+003
  4.8026646e+005  8.2862185e+006  1.3852000e+003  1.5677850e+003
  4.8024613e+005  8.2862221e+006  1.3858700e+003  1.5628000e+003
  4.8022230e+005  8.2862265e+006  1.3870800e+003  1.5597000e+003
  4.8020030e+005  8.2862308e+006  1.3874500e+003  1.5561150e+003
  4.8017808e+005  8.2862348e+006  1.3966600e+003  1.5517500e+003
  4.8015880e+005  8.2862386e+006  1.3908500e+003  1.5459650e+003
  4.8013703e+005  8.2862438e+006  1.3901400e+003  1.5421950e+003
  4.8012195e+005  8.2862472e+006  1.3906600e+003  1.5406550e+003
  4.8011602e+005  8.2862488e+006  1.3907000e+003  1.5399000e+003
  4.8010791e+005  8.2862505e+006  1.3908200e+003  1.5371700e+003
  4.8009431e+005  8.2862542e+006  1.3911000e+003  1.5321800e+003
  4.8007684e+005  8.2862589e+006  1.3918800e+003  1.5277700e+003
  4.8006169e+005  8.2862634e+006  1.3921900e+003  1.5245550e+003
  4.8004423e+005  8.2862684e+006  1.3928800e+003  1.5215700e+003
  4.8002778e+005  8.2862714e+006  1.3933800e+003  1.5206750e+003
  4.8000527e+005  8.2862751e+006  1.3938000e+003  1.5215700e+003
  4.7998509e+005  8.2862778e+006  1.3944300e+003  1.5217300e+003
  4.7996252e+005  8.2862814e+006  1.3953300e+003  1.5221650e+003
  4.7994254e+005  8.2862844e+006  1.3959900e+003  1.5226050e+003
  4.7991984e+005  8.2862879e+006  1.3967100e+003  1.5208600e+003
  4.7989969e+005  8.2862909e+006  1.3973600e+003  1.5206300e+003
  4.7987788e+005  8.2862934e+006  1.3976200e+003  1.5240950e+003
  4.7985503e+005  8.2862956e+006  1.3978700e+003  1.5249450e+003
  4.7983680e+005  8.2862970e+006  1.3980500e+003  1.5242100e+003
  4.7981482e+005  8.2862978e+006  1.3974400e+003  1.5232450e+003
  4.7979507e+005  8.2862985e+006  1.3962000e+003  1.5197300e+003
  4.7977343e+005  8.2862991e+006  1.3958200e+003  1.5164500e+003
  4.7975470e+005  8.2862989e+006  1.3955900e+003  1.5146100e+003
  4.7973324e+005  8.2862986e+006  1.3945300e+003  1.5138500e+003
  4.7971293e+005  8.2862987e+006  1.3939300e+003  1.5127050e+003
  4.7969004e+005  8.2862989e+006  1.3928000e+003  1.5105900e+003
  4.7967016e+005  8.2862986e+006  1.3915300e+003  1.5095800e+003
  4.7965027e+005  8.2862982e+006  1.3906900e+003  1.5125200e+003
  4.7962808e+005  8.2862981e+006  1.3894100e+003  1.5168850e+003
  4.7960884e+005  8.2862987e+006  1.3890500e+003  1.5209050e+003
  4.7958540e+005  8.2862993e+006  1.3879800e+003  1.5227400e+003
  4.7956419e+005  8.2863005e+006  1.3870500e+003  1.5229000e+003
  4.7954093e+005  8.2863014e+006  1.3859500e+003  1.5237500e+003
  4.7952068e+005  8.2863021e+006  1.3854100e+003  1.5239800e+003
  4.7949854e+005  8.2863026e+006  1.3843800e+003  1.5219850e+003
  4.7947788e+005  8.2863033e+006  1.3838600e+003  1.5212500e+003
  4.7945432e+005  8.2863039e+006  1.3829900e+003  1.5220300e+003
  4.7943439e+005  8.2863040e+006  1.3820400e+003  1.5249600e+003
  4.7941355e+005  8.2863038e+006  1.3807300e+003  1.5331900e+003
  4.7939133e+005  8.2863032e+006  1.3786100e+003  1.5423100e+003
  4.7937346e+005  8.2863031e+006  1.3796400e+003  1.5518450e+003
  4.7935123e+005  8.2863029e+006  1.3753700e+003  1.5606200e+003
  4.7933104e+005  8.2863030e+006  1.3750800e+003  1.5689300e+003
  4.7930619e+005  8.2863035e+006  1.3738000e+003  1.5778700e+003
  4.7928159e+005  8.2863041e+006  1.3726000e+003  1.5919350e+003
  4.7925368e+005  8.2863052e+006  1.3714300e+003  1.5992400e+003
  4.7922967e+005  8.2863069e+006  1.3700100e+003  1.5986450e+003
  4.7920147e+005  8.2863092e+006  1.3685700e+003  1.6000700e+003
  4.7917878e+005  8.2863111e+006  1.3671700e+003  1.6058850e+003
  4.7915552e+005  8.2863136e+006  1.3653600e+003  1.6047550e+003
  4.7912861e+005  8.2863155e+006  1.3640800e+003  1.6012400e+003
  4.7910595e+005  8.2863167e+006  1.3628500e+003  1.6015600e+003
  4.7907968e+005  8.2863180e+006  1.3613700e+003  1.6020900e+003
  4.7905638e+005  8.2863194e+006  1.3601700e+003  1.6017450e+003
  4.7903115e+005  8.2863208e+006  1.3590500e+003  1.6031900e+003
  4.7900861e+005  8.2863225e+006  1.3578000e+003  1.6120900e+003
  4.7898238e+005  8.2863251e+006  1.3565900e+003  1.6230950e+003
  4.7895969e+005  8.2863265e+006  1.3552800e+003  1.6322000e+003
  4.7893308e+005  8.2863280e+006  1.3531800e+003  1.6394250e+003
  4.7891114e+005  8.2863297e+006  1.3517600e+003  1.6476500e+003
  4.7888945e+005  8.2863318e+006  1.3500900e+003  1.6573950e+003
  4.7886446e+005  8.2863342e+006  1.3483600e+003  1.6655450e+003
  4.7884372e+005  8.2863368e+006  1.3472300e+003  1.6719250e+003
  4.7881943e+005  8.2863404e+006  1.3457200e+003  1.6767650e+003
  4.7870699e+005  8.2863663e+006  1.3392400e+003  1.6996550e+003
  4.7868238e+005  8.2863734e+006  1.3376200e+003  1.6945500e+003
  4.7866012e+005  8.2863795e+006  1.3359600e+003  1.6426850e+003
  4.7863922e+005  8.2863855e+006  1.3344900e+003  1.5690200e+003
  4.7861452e+005  8.2863929e+006  1.3330200e+003  1.5404700e+003
  4.7859430e+005  8.2863984e+006  1.3319700e+003  1.5316150e+003
  4.7857342e+005  8.2864062e+006  1.3310900e+003  1.5248250e+003
  4.7855509e+005  8.2864144e+006  1.3305500e+003  1.5191250e+003
  4.7851892e+005  8.2864331e+006  1.3294600e+003  1.3646700e+003
  4.7849800e+005  8.2864402e+006  1.3286500e+003  1.3555250e+003
  4.7848040e+005  8.2864450e+006  1.3269800e+003  1.3477300e+003
  4.7845901e+005  8.2864450e+006  1.3261400e+003  1.3387550e+003
  4.7844060e+005  8.2864356e+006  1.3250300e+003  1.3361900e+003
  4.7842886e+005  8.2864198e+006  1.3242000e+003  1.3419450e+003
  4.7842634e+005  8.2863981e+006  1.3238800e+003  1.3571400e+003
  4.7843540e+005  8.2863815e+006  1.3241000e+003  1.3936150e+003
  4.7845255e+005  8.2863730e+006  1.3247300e+003  1.4298200e+003
  4.7846946e+005  8.2863768e+006  1.3254600e+003  1.4674650e+003
  4.7848627e+005  8.2863863e+006  1.3265400e+003  1.4965850e+003
  4.7849876e+005  8.2863944e+006  1.3273300e+003  1.5132450e+003
  4.7852005e+005  8.2864068e+006  1.3283600e+003  1.5916800e+003
  4.7853164e+005  8.2864141e+006  1.3289100e+003  1.5651350e+003
  4.7854465e+005  8.2864223e+006  1.3293900e+003  1.5530650e+003
  4.7857485e+005  8.2864405e+006  1.3304900e+003  1.4746300e+003
  4.7859022e+005  8.2864504e+006  1.3308000e+003  1.4711200e+003
  4.7862864e+005  8.2864762e+006  1.3316800e+003  1.3456450e+003
  4.7864924e+005  8.2864903e+006  1.3322100e+003  1.3225200e+003
  4.7866689e+005  8.2865026e+006  1.3331200e+003  1.2791400e+003
  4.7868374e+005  8.2865146e+006  1.3342500e+003  1.2248650e+003
  4.7870204e+005  8.2865266e+006  1.3357300e+003  1.1782850e+003
  4.7871793e+005  8.2865371e+006  1.3372200e+003  1.1316650e+003
  4.7873567e+005  8.2865500e+006  1.3393900e+003  1.0859150e+003
  4.7875015e+005  8.2865615e+006  1.3411800e+003  1.0287400e+003
  4.7876756e+005  8.2865747e+006  1.3433600e+003  9.8846000e+002
  4.7877863e+005  8.2865836e+006  1.3446600e+003  9.5000500e+002
  4.7879179e+005  8.2865947e+006  1.3465400e+003  9.1587000e+002
  4.7880302e+005  8.2866040e+006  1.3483500e+003  8.8754500e+002
  4.7880812e+005  8.2866082e+006  1.3492400e+003  8.7707000e+002
  4.7880960e+005  8.2866095e+006  1.3495500e+003  8.6973000e+002
  4.7881682e+005  8.2866154e+006  1.3509400e+003  8.5549500e+002
  4.7882714e+005  8.2866239e+006  1.3529900e+003  8.3234000e+002
  4.7883939e+005  8.2866330e+006  1.3552800e+003  8.0218000e+002
  4.7885195e+005  8.2866418e+006  1.3577000e+003  7.7981500e+002
  4.7886550e+005  8.2866525e+006  1.3603300e+003  7.5657500e+002
  4.7887887e+005  8.2866637e+006  1.3628000e+003  7.0503500e+002
  4.7888980e+005  8.2866727e+006  1.3648200e+003  6.2895000e+002
  4.7890489e+005  8.2866850e+006  1.3672300e+003  6.0473500e+002
  4.7891997e+005  8.2866978e+006  1.3696100e+003  6.0658500e+002
  4.7893338e+005  8.2867093e+006  1.3710900e+003  6.0871000e+002
  4.7894415e+005  8.2867180e+006  1.3723100e+003  6.1015000e+002
  4.7895955e+005  8.2867279e+006  1.3737800e+003  6.1198000e+002
  4.7897481e+005  8.2867373e+006  1.3750800e+003  6.1631000e+002
  4.7898718e+005  8.2867440e+006  1.3758300e+003  6.2966000e+002
  4.7900733e+005  8.2867530e+006  1.3770900e+003  6.4848000e+002
  4.7902240e+005  8.2867598e+006  1.3775800e+003  6.7088500e+002
  4.7903944e+005  8.2867669e+006  1.3781200e+003  6.8671500e+002
  4.7905523e+005  8.2867740e+006  1.3783600e+003  6.9762000e+002
  4.7907519e+005  8.2867842e+006  1.3787400e+003  7.0443500e+002
  4.7909452e+005  8.2867946e+006  1.3791800e+003  7.1455500e+002
  4.7911511e+005  8.2868055e+006  1.3797000e+003  7.2093500e+002
  4.7913173e+005  8.2868142e+006  1.3802400e+003  7.2030500e+002
  4.7915024e+005  8.2868240e+006  1.3809200e+003  7.1546000e+002
  4.7916977e+005  8.2868347e+006  1.3815900e+003  7.0530000e+002
  4.7918540e+005  8.2868437e+006  1.3825400e+003  6.8687500e+002
  4.7920624e+005  8.2868559e+006  1.3836800e+003  6.7112000e+002
  4.7922070e+005  8.2868661e+006  1.3847500e+003  6.5411000e+002
  4.7923634e+005  8.2868801e+006  1.3858800e+003  6.3911000e+002
  4.7925374e+005  8.2868967e+006  1.3872700e+003  6.2411000e+002
  4.7927086e+005  8.2869133e+006  1.3887300e+003  6.1714000e+002
  4.7928603e+005  8.2869272e+006  1.3900100e+003  6.1607500e+002
  4.7930555e+005  8.2869456e+006  1.3919000e+003  6.1674500e+002
  4.7932456e+005  8.2869620e+006  1.3935600e+003  6.1681500e+002
  4.7933944e+005  8.2869759e+006  1.3948900e+003  6.2151000e+002
  4.7935663e+005  8.2869930e+006  1.3964700e+003  6.2584000e+002
  4.7937094e+005  8.2870086e+006  1.3976700e+003  6.2714000e+002
  4.7938852e+005  8.2870285e+006  1.3991700e+003  6.2911000e+002
  4.7940246e+005  8.2870424e+006  1.4003900e+003  6.3084000e+002
  4.7942129e+005  8.2870609e+006  1.4018900e+003  6.3257500e+002
  4.7944165e+005  8.2870804e+006  1.4036000e+003  6.3655000e+002
  4.7946185e+005  8.2870991e+006  1.4051700e+003  6.4163000e+002
  4.7947889e+005  8.2871137e+006  1.4065800e+003  6.4600000e+002
  4.7949864e+005  8.2871298e+006  1.4083500e+003  6.4356000e+002
  4.7951952e+005  8.2871442e+006  1.4102900e+003  6.3200500e+002
  4.7953839e+005  8.2871577e+006  1.4120700e+003  6.2127500e+002
  4.7956349e+005  8.2871747e+006  1.4147500e+003  6.1532500e+002
  4.7958551e+005  8.2871888e+006  1.4173600e+003  6.0717500e+002
  4.7960585e+005  8.2872025e+006  1.4197700e+003  6.0083500e+002
  4.7962564e+005  8.2872159e+006  1.4219500e+003  5.9583500e+002
  4.7965259e+005  8.2872332e+006  1.4248600e+003  5.9402500e+002
  4.7967140e+005  8.2872449e+006  1.4268500e+003  5.9453500e+002
  4.7969875e+005  8.2872619e+006  1.4299000e+003  5.9584000e+002
  4.7972239e+005  8.2872768e+006  1.4323300e+003  5.9387500e+002
  4.7974659e+005  8.2872932e+006  1.4348400e+003  5.8938000e+002
  4.7976638e+005  8.2873071e+006  1.4367000e+003  5.8145500e+002
  4.7978651e+005  8.2873200e+006  1.4383300e+003  5.7416000e+002
  4.7981075e+005  8.2873335e+006  1.4398500e+003  5.7152500e+002
  4.7983257e+005  8.2873446e+006  1.4409700e+003  5.6755000e+002
  4.7985652e+005  8.2873567e+006  1.4415500e+003  5.5566000e+002
  4.7987857e+005  8.2873676e+006  1.4414300e+003  5.2601000e+002
  4.7990393e+005  8.2873801e+006  1.4410500e+003  4.9136000e+002
  4.7992206e+005  8.2873885e+006  1.4405400e+003  4.5793000e+002
  4.7994668e+005  8.2873996e+006  1.4395100e+003  4.4572000e+002
  4.7997098e+005  8.2874111e+006  1.4384200e+003  4.5537000e+002
  4.7999157e+005  8.2874201e+006  1.4374400e+003  4.8230000e+002
  4.8001388e+005  8.2874290e+006  1.4363500e+003  5.2155500e+002
  4.8003831e+005  8.2874377e+006  1.4351200e+003  5.6231500e+002
  4.8005784e+005  8.2874438e+006  1.4340900e+003  6.0232000e+002
  4.8007719e+005  8.2874483e+006  1.4331800e+003  6.5134000e+002
  4.8009855e+005  8.2874560e+006  1.4322300e+003  6.8938000e+002
  4.8011292e+005  8.2874696e+006  1.4321200e+003  7.1909000e+002
  4.8012123e+005  8.2874910e+006  1.4326500e+003  7.2972500e+002
  4.8012001e+005  8.2875119e+006  1.4337300e+003  7.2542500e+002
  4.8011034e+005  8.2875362e+006  1.4355200e+003  7.1302000e+002
  4.8010047e+005  8.2875517e+006  1.4368300e+003  6.9573500e+002
  4.8008601e+005  8.2875710e+006  1.4388400e+003  6.7782000e+002
  4.8007117e+005  8.2875897e+006  1.4403200e+003  6.5749500e+002
  4.8005588e+005  8.2876104e+006  1.4420200e+003  6.4344500e+002
  4.8003952e+005  8.2876330e+006  1.4436800e+003  6.3797000e+002
  4.8002401e+005  8.2876514e+006  1.4450100e+003  6.3521500e+002
  4.8000477e+005  8.2876741e+006  1.4467500e+003  6.2911000e+002
  4.7999063e+005  8.2876914e+006  1.4478700e+003  6.2096000e+002
  4.7997328e+005  8.2877127e+006  1.4492500e+003  6.1745500e+002
  4.7995666e+005  8.2877312e+006  1.4499600e+003  6.1710000e+002
  4.7993809e+005  8.2877525e+006  1.4505200e+003  6.1568500e+002
  4.7992546e+005  8.2877666e+006  1.4507400e+003  6.0903000e+002
  4.7990907e+005  8.2877850e+006  1.4506600e+003  6.0072000e+002
  4.7989369e+005  8.2878026e+006  1.4501800e+003  5.9012000e+002
  4.7987122e+005  8.2878261e+006  1.4496800e+003  5.8219500e+002
  4.7985965e+005  8.2878317e+006  1.4490800e+003  5.7582500e+002
  4.7984312e+005  8.2878305e+006  1.4482300e+003  5.6355500e+002
  4.7982994e+005  8.2878196e+006  1.4479700e+003  5.5012500e+002
  4.7982440e+005  8.2878033e+006  1.4478900e+003  5.4074500e+002
  4.7982867e+005  8.2877867e+006  1.4486100e+003  5.3917500e+002
  4.7984125e+005  8.2877757e+006  1.4497100e+003  5.5028000e+002
  4.7985616e+005  8.2877684e+006  1.4504300e+003  5.6407500e+002
  4.7986714e+005  8.2877599e+006  1.4508300e+003  5.7135500e+002
  4.7987918e+005  8.2877472e+006  1.4512000e+003  5.7391000e+002
  4.7988636e+005  8.2877315e+006  1.4515300e+003  5.7290000e+002
  4.7989160e+005  8.2877133e+006  1.4515500e+003  5.7151500e+002
  4.7989553e+005  8.2876943e+006  1.4516100e+003  5.6793000e+002
  4.7989782e+005  8.2876782e+006  1.4515200e+003  5.6057000e+002
  4.7989970e+005  8.2876594e+006  1.4512800e+003  5.5493500e+002
  4.7990183e+005  8.2876405e+006  1.4510600e+003  5.4920500e+002
  4.7990452e+005  8.2876235e+006  1.4507500e+003  5.3105000e+002
  4.7990724e+005  8.2876044e+006  1.4504500e+003  4.9840000e+002
  4.7990935e+005  8.2875860e+006  1.4499600e+003  4.6429500e+002
  4.7991149e+005  8.2875675e+006  1.4493100e+003  4.4378500e+002
  4.7991350e+005  8.2875482e+006  1.4486700e+003  4.3425000e+002
  4.7991604e+005  8.2875305e+006  1.4479100e+003  4.2829000e+002
  4.7992040e+005  8.2875115e+006  1.4469600e+003  4.1960500e+002
  4.7992437e+005  8.2874933e+006  1.4459100e+003  4.0668000e+002
  4.7992736e+005  8.2874782e+006  1.4449700e+003  3.8890000e+002
  4.7992979e+005  8.2874591e+006  1.4438200e+003  3.8439500e+002
  4.7993171e+005  8.2874362e+006  1.4424600e+003  3.9789000e+002
  4.7993284e+005  8.2874077e+006  1.4408200e+003  4.2290500e+002
  4.7993616e+005  8.2873787e+006  1.4387900e+003  4.5723000e+002
  4.7993923e+005  8.2873554e+006  1.4371400e+003  5.0562000e+002
  4.7994300e+005  8.2873279e+006  1.4348900e+003  5.6453000e+002
  4.7994689e+005  8.2872995e+006  1.4327300e+003  6.1850000e+002
  4.7995056e+005  8.2872740e+006  1.4306600e+003  6.6377000e+002
  4.7995481e+005  8.2872451e+006  1.4286100e+003  6.9614500e+002
  4.7995958e+005  8.2872163e+006  1.4263700e+003  7.2049500e+002
  4.7996406e+005  8.2871869e+006  1.4243800e+003  7.3327000e+002
  4.7996919e+005  8.2871569e+006  1.4222600e+003  7.4422000e+002
  4.7997460e+005  8.2871266e+006  1.4200600e+003  7.5652000e+002
  4.7997953e+005  8.2871010e+006  1.4183800e+003  7.6830500e+002
  4.7998192e+005  8.2870885e+006  1.4176100e+003  7.9007500e+002
  4.8002739e+005  8.2868163e+006  1.4026100e+003  8.5024500e+002
  4.8002835e+005  8.2868076e+006  1.4022400e+003  8.8671500e+002
  4.8003089e+005  8.2867903e+006  1.4015500e+003  8.8678000e+002
  4.8003437e+005  8.2867651e+006  1.4003400e+003  8.8844500e+002
  4.8003811e+005  8.2867376e+006  1.3992900e+003  8.9581000e+002
  4.8004413e+005  8.2867055e+006  1.3980000e+003  9.0968500e+002
  4.8004872e+005  8.2866752e+006  1.3968500e+003  9.2956500e+002
  4.8005263e+005  8.2866506e+006  1.3959600e+003  9.5323500e+002
  4.8005694e+005  8.2866249e+006  1.3953000e+003  9.7870000e+002
  4.8006217e+005  8.2865949e+006  1.3942600e+003  1.0044150e+003
  4.8006698e+005  8.2865685e+006  1.3935500e+003  1.0242800e+003
  4.8007367e+005  8.2865412e+006  1.3927000e+003  1.0398550e+003
  4.8007924e+005  8.2865135e+006  1.3920700e+003  1.0800650e+003
  4.8008589e+005  8.2864821e+006  1.3915200e+003  1.1293100e+003
  4.8009073e+005  8.2864567e+006  1.3907600e+003  1.1702100e+003
  4.8009709e+005  8.2864287e+006  1.3904600e+003  1.2072750e+003
  4.8010291e+005  8.2864022e+006  1.3897600e+003  1.2616600e+003
  4.8010889e+005  8.2863713e+006  1.3894800e+003  1.3185250e+003
  4.8011362e+005  8.2863476e+006  1.3891800e+003  1.3766650e+003
  4.8011853e+005  8.2863198e+006  1.3891700e+003  1.4339750e+003
  4.8012280e+005  8.2862924e+006  1.3889900e+003  1.4773750e+003
  4.8012773e+005  8.2862626e+006  1.3890700e+003  1.5091800e+003
  4.8013182e+005  8.2862414e+006  1.3892700e+003  1.5339100e+003
  4.8013478e+005  8.2862161e+006  1.3893200e+003  1.5521650e+003
  4.8013739e+005  8.2861936e+006  1.3894800e+003  1.5677700e+003
  4.8014053e+005  8.2861690e+006  1.3897900e+003  1.5817600e+003
  4.8014441e+005  8.2861418e+006  1.3899300e+003  1.5927100e+003
  4.8014786e+005  8.2861189e+006  1.3901500e+003  1.5984650e+003
  4.8015001e+005  8.2860938e+006  1.3907100e+003  1.6006700e+003
  4.8015151e+005  8.2860688e+006  1.3911100e+003  1.5954450e+003
  4.8015305e+005  8.2860472e+006  1.3915000e+003  1.5805950e+003
  4.8015353e+005  8.2860235e+006  1.3919900e+003  1.5641800e+003
  4.8015280e+005  8.2860033e+006  1.3924500e+003  1.5490100e+003
  4.8015350e+005  8.2859790e+006  1.3928900e+003  1.5375950e+003
  4.8015369e+005  8.2859547e+006  1.3935400e+003  1.5193600e+003
  4.8015306e+005  8.2859296e+006  1.3941200e+003  1.4953600e+003
  4.8015229e+005  8.2859043e+006  1.3949200e+003  1.4589900e+003
  4.8015146e+005  8.2858844e+006  1.3955700e+003  1.3955600e+003
  4.8015117e+005  8.2858810e+006  1.3957100e+003  1.3468000e+003
  4.8015075e+005  8.2858657e+006  1.3959600e+003  1.3207000e+003
  4.8015194e+005  8.2858485e+006  1.3965000e+003  1.2836600e+003
  4.8015313e+005  8.2858292e+006  1.3969700e+003  1.2454150e+003
  4.8015535e+005  8.2858084e+006  1.3974200e+003  1.2011150e+003
  4.8015731e+005  8.2857892e+006  1.3980300e+003  1.1470100e+003
  4.8015819e+005  8.2857704e+006  1.3984600e+003  1.0940950e+003
  4.8015940e+005  8.2857545e+006  1.3990200e+003  1.0542950e+003
  4.8016079e+005  8.2857389e+006  1.3997800e+003  1.0196550e+003
  4.8016214e+005  8.2857216e+006  1.4003800e+003  9.8444000e+002
  4.8016418e+005  8.2857077e+006  1.4009100e+003  9.4194000e+002
  4.8016743e+005  8.2856913e+006  1.4015400e+003  9.0272500e+002
  4.8017182e+005  8.2856745e+006  1.4024000e+003  8.5983500e+002
  4.8017606e+005  8.2856568e+006  1.4028900e+003  8.2092000e+002
  4.8017987e+005  8.2856387e+006  1.4037200e+003  7.8095000e+002
  4.8018362e+005  8.2856197e+006  1.4047500e+003  7.3292000e+002
  4.8018737e+005  8.2856002e+006  1.4061400e+003  6.9438000e+002
  4.8018895e+005  8.2855928e+006  1.4062600e+003  6.7418500e+002
  4.8019123e+005  8.2855837e+006  1.4068200e+003  6.5153500e+002
  4.8019514e+005  8.2855679e+006  1.4078300e+003  6.2280500e+002
  4.8019958e+005  8.2855519e+006  1.4090200e+003  5.9291500e+002
  4.8020454e+005  8.2855342e+006  1.4100400e+003  5.6806500e+002
  4.8020988e+005  8.2855168e+006  1.4114300e+003  5.4911000e+002
  4.8021632e+005  8.2854998e+006  1.4129800e+003  5.3323000e+002
  4.8022201e+005  8.2854823e+006  1.4145700e+003  5.2240500e+002
  4.8022760e+005  8.2854657e+006  1.4161200e+003  5.1504500e+002
  4.8023311e+005  8.2854495e+006  1.4177000e+003  5.0796000e+002
  4.8023888e+005  8.2854320e+006  1.4195900e+003  5.0412500e+002
  4.8024317e+005  8.2854137e+006  1.4217600e+003  5.0287000e+002
  4.8024814e+005  8.2853953e+006  1.4238300e+003  5.0545000e+002
  4.8025430e+005  8.2853767e+006  1.4259300e+003  5.1639500e+002
  4.8025992e+005  8.2853580e+006  1.4279000e+003  5.2797500e+002
  4.8026520e+005  8.2853391e+006  1.4300800e+003  5.3565000e+002
  4.8026923e+005  8.2853200e+006  1.4319900e+003  5.4575000e+002
  4.8027119e+005  8.2853041e+006  1.4339200e+003  5.6135500e+002
  4.8027296e+005  8.2852843e+006  1.4358300e+003  5.7686500e+002
  4.8027527e+005  8.2852653e+006  1.4376300e+003  5.9077000e+002
  4.8027883e+005  8.2852469e+006  1.4392500e+003  6.0383000e+002
  4.8028243e+005  8.2852285e+006  1.4417400e+003  6.1525000e+002
  4.8028576e+005  8.2852101e+006  1.4424600e+003  6.2509500e+002
  4.8028912e+005  8.2851915e+006  1.4437600e+003  6.3594000e+002
  4.8029283e+005  8.2851727e+006  1.4453000e+003  6.4955500e+002
  4.8029688e+005  8.2851564e+006  1.4463600e+003  6.6157000e+002
  4.8030014e+005  8.2851371e+006  1.4477000e+003  6.6689000e+002
  4.8030248e+005  8.2851175e+006  1.4494800e+003  6.7321500e+002
  4.8030536e+005  8.2850978e+006  1.4507100e+003  6.8117500e+002
  4.8030799e+005  8.2850775e+006  1.4518400e+003  6.8721500e+002
  4.8030969e+005  8.2850551e+006  1.4531700e+003  6.9294000e+002
  4.8031075e+005  8.2850330e+006  1.4545700e+003  6.9989500e+002
  4.8031229e+005  8.2850106e+006  1.4558700e+003  7.0486000e+002
  4.8031449e+005  8.2849908e+006  1.4569900e+003  7.0865500e+002
  4.8031592e+005  8.2849657e+006  1.4582100e+003  7.1238500e+002
  4.8031662e+005  8.2849412e+006  1.4596300e+003  7.1698000e+002
  4.8031657e+005  8.2849163e+006  1.4608000e+003  7.2006000e+002
  4.8031583e+005  8.2848918e+006  1.4620200e+003  7.2214000e+002
  4.8031503e+005  8.2848682e+006  1.4633000e+003  7.2534500e+002
  4.8031424e+005  8.2848447e+006  1.4641900e+003  7.2805000e+002
  4.8031484e+005  8.2848221e+006  1.4652100e+003  7.2848500e+002
  4.8031646e+005  8.2848019e+006  1.4658700e+003  7.2785000e+002
  4.8031926e+005  8.2847740e+006  1.4669000e+003  7.2679500e+002
  4.8032131e+005  8.2847447e+006  1.4678400e+003  7.2487500e+002
  4.8032013e+005  8.2847163e+006  1.4686400e+003  7.2415000e+002
  4.8031944e+005  8.2846872e+006  1.4693300e+003  7.2094000e+002
  4.8031917e+005  8.2846592e+006  1.4698100e+003  7.1295000e+002
  4.8031874e+005  8.2846321e+006  1.4700700e+003  7.0533500e+002
  4.8031854e+005  8.2846063e+006  1.4702300e+003  6.9845000e+002
  4.8031848e+005  8.2845840e+006  1.4702800e+003  6.8835000e+002
  4.8031751e+005  8.2845577e+006  1.4701800e+003  6.8271500e+002
  4.8031601e+005  8.2845323e+006  1.4699100e+003  6.8649000e+002
  4.8031422e+005  8.2845076e+006  1.4695700e+003  6.9492500e+002
  4.8031257e+005  8.2844837e+006  1.4691400e+003  7.0634500e+002
  4.8031203e+005  8.2844594e+006  1.4687200e+003  7.2254500e+002
  4.8031249e+005  8.2844357e+006  1.4681700e+003  7.3944000e+002
  4.8031382e+005  8.2844148e+006  1.4676800e+003  7.5265000e+002
  4.8031371e+005  8.2843957e+006  1.4671200e+003  7.6671000e+002
  4.8031379e+005  8.2843731e+006  1.4663400e+003  7.8201000e+002
  4.8031336e+005  8.2843493e+006  1.4654800e+003  7.9893500e+002
  4.8031194e+005  8.2843300e+006  1.4646100e+003  8.1026000e+002
  4.8030936e+005  8.2843115e+006  1.4638200e+003  8.1108000e+002
  4.8030497e+005  8.2842920e+006  1.4627100e+003  8.0884500e+002
  4.8029887e+005  8.2842717e+006  1.4614000e+003  8.1057500e+002
  4.8029085e+005  8.2842513e+006  1.4599200e+003  8.1713500e+002
  4.8028186e+005  8.2842329e+006  1.4585000e+003  8.2890000e+002
  4.8027112e+005  8.2842090e+006  1.4565700e+003  8.4160000e+002
  4.8026222e+005  8.2841866e+006  1.4548700e+003  8.5988000e+002
  4.8025264e+005  8.2841654e+006  1.4531700e+003  8.8291000e+002
  4.8024161e+005  8.2841434e+006  1.4514300e+003  8.9955500e+002
  4.8022968e+005  8.2841194e+006  1.4495300e+003  9.1110000e+002
  4.8021514e+005  8.2840935e+006  1.4476900e+003  9.2469000e+002
  4.8019943e+005  8.2840676e+006  1.4455100e+003  9.4226500e+002
  4.8018480e+005  8.2840445e+006  1.4435800e+003  9.6575500e+002
  4.8016204e+005  8.2840088e+006  1.4408600e+003  9.8475000e+002
  4.8015881e+005  8.2840043e+006  1.4404900e+003  9.9648500e+002
  4.8015180e+005  8.2839948e+006  1.4397200e+003  1.0031550e+003
  4.8013912e+005  8.2839830e+006  1.4385100e+003  1.0144200e+003
  4.8011908e+005  8.2839777e+006  1.4374300e+003  1.0319100e+003
  4.8010177e+005  8.2839845e+006  1.4370000e+003  1.0504100e+003
  4.8009419e+005  8.2840003e+006  1.4373500e+003  1.0620000e+003
  4.8009655e+005  8.2840141e+006  1.4380900e+003  1.0604250e+003
  4.8010963e+005  8.2840289e+006  1.4393200e+003  1.0466050e+003
  4.8012617e+005  8.2840424e+006  1.4407400e+003  1.0271000e+003
  4.8014142e+005  8.2840546e+006  1.4420400e+003  1.0094150e+003
  4.8015516e+005  8.2840668e+006  1.4433400e+003  9.9645500e+002
  4.8016371e+005  8.2840747e+006  1.4440800e+003  9.8767500e+002
  4.8017319e+005  8.2840829e+006  1.4449700e+003  9.7852000e+002
  4.8018652e+005  8.2840931e+006  1.4460900e+003  9.6434500e+002
  4.8019924e+005  8.2841018e+006  1.4473200e+003  9.4484500e+002
  4.8021752e+005  8.2841140e+006  1.4489200e+003  9.2840500e+002
  4.8023635e+005  8.2841276e+006  1.4506700e+003  9.1383500e+002
  4.8025793e+005  8.2841442e+006  1.4527900e+003  9.0046500e+002
  4.8027764e+005  8.2841588e+006  1.4547200e+003  8.7982500e+002
  4.8030388e+005  8.2841783e+006  1.4574100e+003  8.5503500e+002
  4.8032607e+005  8.2841945e+006  1.4597400e+003  8.3949500e+002
  4.8034494e+005  8.2842082e+006  1.4616400e+003  8.2813000e+002
  4.8036464e+005  8.2842224e+006  1.4634900e+003  8.1652000e+002
  4.8038461e+005  8.2842381e+006  1.4653400e+003  8.0926000e+002
  4.8040377e+005  8.2842519e+006  1.4669500e+003  8.0721500e+002
  4.8042326e+005  8.2842647e+006  1.4684200e+003  8.1325500e+002
  4.8043991e+005  8.2842759e+006  1.4696000e+003  8.2319500e+002
  4.8046212e+005  8.2842888e+006  1.4710200e+003  8.3304500e+002
  4.8048360e+005  8.2842991e+006  1.4720700e+003  8.4018500e+002
  4.8050199e+005  8.2843081e+006  1.4723600e+003  8.4474000e+002
  4.8051953e+005  8.2843164e+006  1.4735800e+003  8.4702500e+002
  4.8054824e+005  8.2843300e+006  1.4739600e+003  8.4688500e+002
  4.8056961e+005  8.2843394e+006  1.4747000e+003  8.4323500e+002
  4.8059520e+005  8.2843529e+006  1.4759000e+003  8.3625500e+002
  4.8061468e+005  8.2843612e+006  1.4757100e+003  8.3244500e+002
  4.8063899e+005  8.2843719e+006  1.4761900e+003  8.3175500e+002
  4.8066243e+005  8.2843824e+006  1.4763500e+003  8.3194500e+002
  4.8068045e+005  8.2843913e+006  1.4777900e+003  8.3585000e+002
  4.8069917e+005  8.2843986e+006  1.4764900e+003  8.3984500e+002
  4.8070994e+005  8.2844011e+006  1.4764600e+003  8.4039500e+002
  4.8075353e+005  8.2843972e+006  1.4772400e+003  8.4777000e+002
  4.8076633e+005  8.2843842e+006  1.4771800e+003  8.6123500e+002
  4.8078182e+005  8.2843693e+006  1.4772100e+003  8.7655500e+002
  4.8079896e+005  8.2843559e+006  1.4770900e+003  8.9027000e+002
  4.8082054e+005  8.2843477e+006  1.4767900e+003  8.9768500e+002
  4.8084461e+005  8.2843465e+006  1.4765500e+003  8.9859500e+002
  4.8086364e+005  8.2843498e+006  1.4762200e+003  8.9553500e+002
  4.8088414e+005  8.2843545e+006  1.4757700e+003  8.8922500e+002
  4.8090877e+005  8.2843592e+006  1.4751800e+003  8.8150000e+002
  4.8093111e+005  8.2843610e+006  1.4745800e+003  8.7316500e+002
  4.8095443e+005  8.2843623e+006  1.4737600e+003  8.6520500e+002
  4.8097788e+005  8.2843642e+006  1.4725900e+003  8.5686500e+002
  4.8100422e+005  8.2843666e+006  1.4715400e+003  8.4689000e+002
  4.8102874e+005  8.2843695e+006  1.4703300e+003  8.3528500e+002
  4.8105000e+005  8.2843723e+006  1.4691400e+003  8.2409000e+002
  4.8107091e+005  8.2843752e+006  1.4676900e+003  8.1150500e+002
  4.8109579e+005  8.2843789e+006  1.4661300e+003  7.9809500e+002
  4.8112162e+005  8.2843844e+006  1.4643900e+003  7.8230000e+002
  4.8114666e+005  8.2843909e+006  1.4624400e+003  7.6377000e+002
  4.8117126e+005  8.2843977e+006  1.4604700e+003  7.4175000e+002
  4.8119627e+005  8.2844045e+006  1.4583200e+003  7.2108000e+002
  4.8122011e+005  8.2844119e+006  1.4562200e+003  7.0214000e+002
  4.8123854e+005  8.2844181e+006  1.4544300e+003  6.8360000e+002
  4.8125911e+005  8.2844248e+006  1.4524500e+003  6.6488500e+002
  4.8128273e+005  8.2844316e+006  1.4501900e+003  6.4943000e+002
  4.8130387e+005  8.2844379e+006  1.4479600e+003  6.2951500e+002
  4.8132603e+005  8.2844447e+006  1.4457500e+003  6.0802500e+002
  4.8134793e+005  8.2844500e+006  1.4430500e+003  5.9148000e+002
  4.8137141e+005  8.2844560e+006  1.4402400e+003  5.7543500e+002
  4.8138981e+005  8.2844627e+006  1.4378600e+003  5.5989000e+002
  4.8141017e+005  8.2844706e+006  1.4354500e+003  5.4807500e+002
  4.8142697e+005  8.2844770e+006  1.4333100e+003  5.3700000e+002
  4.8144159e+005  8.2844828e+006  1.4313000e+003  5.2682500e+002
  4.8145713e+005  8.2844892e+006  1.4288900e+003  5.1591000e+002
  4.8147484e+005  8.2844956e+006  1.4261600e+003  5.0254500e+002
  4.8149113e+005  8.2845022e+006  1.4239200e+003  4.9147500e+002
  4.8150801e+005  8.2845094e+006  1.4211900e+003  4.8571500e+002
  4.8152009e+005  8.2845148e+006  1.4190500e+003  4.8159500e+002
  4.8152354e+005  8.2845172e+006  1.4213900e+003  4.7929000e+002
  4.8152517e+005  8.2845175e+006  1.4196600e+003  4.7607000e+002
  4.8152589e+005  8.2845177e+006  1.4195000e+003  4.7338500e+002
  4.8153421e+005  8.2845205e+006  1.4180700e+003  4.7187500e+002
  4.8154589e+005  8.2845265e+006  1.4158400e+003  4.6923000e+002
  4.8155625e+005  8.2845329e+006  1.4140200e+003  4.6517000e+002
  4.8156924e+005  8.2845410e+006  1.4117700e+003  4.6187000e+002
  4.8158359e+005  8.2845489e+006  1.4091500e+003  4.5941500e+002
  4.8159649e+005  8.2845566e+006  1.4066400e+003  4.5754500e+002
  4.8160751e+005  8.2845638e+006  1.4042900e+003  4.5559500e+002
  4.8161953e+005  8.2845722e+006  1.4018900e+003  4.5469500e+002
  4.8163272e+005  8.2845805e+006  1.3994100e+003  4.5337500e+002
  4.8164620e+005  8.2845899e+006  1.3965100e+003  4.4978500e+002
  4.8165826e+005  8.2845984e+006  1.3936800e+003  4.4491000e+002
  4.8167140e+005  8.2846076e+006  1.3909600e+003  4.3632000e+002
  4.8168320e+005  8.2846160e+006  1.3884100e+003  4.2694500e+002
  4.8169571e+005  8.2846247e+006  1.3854600e+003  4.2103000e+002
  4.8170717e+005  8.2846328e+006  1.3830700e+003  4.1787500e+002
  4.8172034e+005  8.2846418e+006  1.3801000e+003  4.1603000e+002
  4.8173013e+005  8.2846481e+006  1.3778600e+003  4.1392000e+002
  4.8174015e+005  8.2846541e+006  1.3755600e+003  4.1203500e+002
  4.8175288e+005  8.2846624e+006  1.3727900e+003  4.0870000e+002
  4.8176809e+005  8.2846718e+006  1.3695000e+003  4.0753500e+002
  4.8178402e+005  8.2846825e+006  1.3660100e+003  4.0807000e+002
  4.8179934e+005  8.2846925e+006  1.3626500e+003  4.0771000e+002
  4.8181409e+005  8.2847021e+006  1.3596200e+003  4.1116500e+002
  4.8183049e+005  8.2847131e+006  1.3563900e+003  4.1939500e+002
  4.8184480e+005  8.2847230e+006  1.3531300e+003  4.2842500e+002
  4.8186029e+005  8.2847329e+006  1.3499600e+003  4.3622500e+002
  4.8187528e+005  8.2847432e+006  1.3471900e+003  4.4261500e+002
  4.8188935e+005  8.2847535e+006  1.3442400e+003  4.5029500e+002
  4.8190238e+005  8.2847631e+006  1.3416400e+003  4.6020000e+002
  4.8191660e+005  8.2847737e+006  1.3388900e+003  4.7039500e+002
  4.8192864e+005  8.2847829e+006  1.3366200e+003  4.8543000e+002
  4.8194404e+005  8.2847947e+006  1.3341700e+003  5.0389000e+002
  4.8196058e+005  8.2848065e+006  1.3316300e+003  5.2830500e+002
  4.8197904e+005  8.2848192e+006  1.3290900e+003  5.6694000e+002
  4.8199658e+005  8.2848314e+006  1.3266800e+003  6.0312000e+002
  4.8201483e+005  8.2848434e+006  1.3245800e+003  6.2070500e+002
  4.8202665e+005  8.2848512e+006  1.3230700e+003  6.3058500e+002
  4.8203079e+005  8.2848537e+006  1.3227800e+003  6.3449500e+002
  4.8203316e+005  8.2848552e+006  1.3225100e+003  6.3898000e+002
  4.8204544e+005  8.2848631e+006  1.3211600e+003  6.5047500e+002
  4.8206090e+005  8.2848732e+006  1.3193500e+003  6.6680000e+002
  4.8207721e+005  8.2848839e+006  1.3174400e+003  6.8810000e+002
  4.8209380e+005  8.2848963e+006  1.3159600e+003  7.1072000e+002
  4.8210941e+005  8.2849104e+006  1.3140500e+003  7.2904500e+002
  4.8212583e+005  8.2849251e+006  1.3120700e+003  7.4817500e+002
  4.8214166e+005  8.2849401e+006  1.3104100e+003  7.6949000e+002
  4.8215999e+005  8.2849585e+006  1.3101600e+003  7.8974500e+002
  4.8217201e+005  8.2849696e+006  1.3069900e+003  8.0817000e+002
  4.8218845e+005  8.2849845e+006  1.3053100e+003  8.1879000e+002
  4.8220447e+005  8.2849988e+006  1.3036100e+003  8.2433000e+002
  4.8222156e+005  8.2850140e+006  1.3015500e+003  8.3207000e+002
  4.8223588e+005  8.2850265e+006  1.2997000e+003  8.4273500e+002
  4.8225150e+005  8.2850398e+006  1.2977900e+003  8.5365000e+002
  4.8226789e+005  8.2850545e+006  1.2955700e+003  8.6334000e+002
  4.8228316e+005  8.2850681e+006  1.2934800e+003  8.6623000e+002
  4.8229595e+005  8.2850800e+006  1.2916500e+003  8.6042000e+002
  4.8231033e+005  8.2850939e+006  1.2897000e+003  8.5097500e+002
  4.8232488e+005  8.2851077e+006  1.2875600e+003  8.4320500e+002
  4.8234195e+005  8.2851229e+006  1.2851600e+003  8.3889500e+002
  4.8235514e+005  8.2851361e+006  1.2830900e+003  8.3226000e+002
  4.8237096e+005  8.2851516e+006  1.2806600e+003  8.2304000e+002
  4.8238695e+005  8.2851668e+006  1.2784000e+003  8.1558500e+002
  4.8240401e+005  8.2851824e+006  1.2755300e+003  8.1391000e+002
  4.8242076e+005  8.2851972e+006  1.2732000e+003  8.1814000e+002
  4.8243940e+005  8.2852123e+006  1.2731000e+003  8.2389000e+002
  4.8245761e+005  8.2852270e+006  1.2696400e+003  8.2480000e+002
  4.8247676e+005  8.2852425e+006  1.2665000e+003  8.1722000e+002
  4.8249272e+005  8.2852548e+006  1.2626800e+003  8.0866000e+002
  4.8251008e+005  8.2852689e+006  1.2601000e+003  8.0205500e+002
  4.8252766e+005  8.2852815e+006  1.2606800e+003  7.9689500e+002
  4.8254386e+005  8.2852945e+006  1.2559700e+003  7.9374000e+002
  4.8255513e+005  8.2853046e+006  1.2538200e+003  7.9384000e+002
  4.8256954e+005  8.2853165e+006  1.2516300e+003  7.9582500e+002
  4.8258622e+005  8.2853280e+006  1.2607800e+003  7.9425500e+002
  4.8260162e+005  8.2853422e+006  1.2469700e+003  7.9151500e+002
  4.8261833e+005  8.2853550e+006  1.2467700e+003  7.9032000e+002
  4.8263585e+005  8.2853683e+006  1.2439500e+003  7.9198500e+002
  4.8265378e+005  8.2853803e+006  1.2412000e+003  7.9998000e+002
  4.8267126e+005  8.2853922e+006  1.2386700e+003  8.1062000e+002
  4.8268652e+005  8.2854034e+006  1.2366400e+003  8.2179500e+002
  4.8270372e+005  8.2854165e+006  1.2343100e+003  8.3131500e+002
  4.8272065e+005  8.2854292e+006  1.2321300e+003  8.4185000e+002
  4.8273798e+005  8.2854420e+006  1.2299500e+003  8.5128500e+002
  4.8275941e+005  8.2854558e+006  1.2272500e+003  8.6065500e+002
  4.8278318e+005  8.2854699e+006  1.2241400e+003  8.7160500e+002
  4.8280740e+005  8.2854836e+006  1.2213000e+003  8.8153000e+002
  4.8283054e+005  8.2854975e+006  1.2183700e+003  8.9137000e+002
  4.8284826e+005  8.2855082e+006  1.2161700e+003  9.0437500e+002
  4.8286844e+005  8.2855213e+006  1.2135600e+003  9.1470500e+002
  4.8288808e+005  8.2855351e+006  1.2109600e+003  9.2351500e+002
  4.8290710e+005  8.2855485e+006  1.2084100e+003  9.3471500e+002
  4.8292744e+005  8.2855621e+006  1.2059300e+003  9.5029000e+002
  4.8294811e+005  8.2855757e+006  1.2034100e+003  9.7111500e+002
  4.8296785e+005  8.2855892e+006  1.2013700e+003  9.8876500e+002
  4.8298639e+005  8.2856027e+006  1.1991500e+003  9.9887500e+002
  4.8300292e+005  8.2856140e+006  1.1972500e+003  1.0087750e+003
  4.8302216e+005  8.2856271e+006  1.1950600e+003  1.0178050e+003
  4.8304118e+005  8.2856398e+006  1.1931000e+003  1.0271500e+003
  4.8305837e+005  8.2856503e+006  1.1910000e+003  1.0352050e+003
  4.8307391e+005  8.2856591e+006  1.1895600e+003  1.0424600e+003
  4.8309356e+005  8.2856713e+006  1.1868200e+003  1.0480100e+003
  4.8311395e+005  8.2856841e+006  1.1845900e+003  1.0532000e+003
  4.8313324e+005  8.2856970e+006  1.1820700e+003  1.0619250e+003
  4.8314965e+005  8.2857083e+006  1.1797800e+003  1.0760200e+003
  4.8316833e+005  8.2857211e+006  1.1775400e+003  1.0899450e+003
  4.8318717e+005  8.2857339e+006  1.1753100e+003  1.1059600e+003
  4.8320636e+005  8.2857460e+006  1.1728100e+003  1.1259700e+003
  4.8322634e+005  8.2857579e+006  1.1707300e+003  1.1500050e+003
  4.8324603e+005  8.2857694e+006  1.1687200e+003  1.1795850e+003
  4.8326586e+005  8.2857800e+006  1.1670600e+003  1.2154100e+003
  4.8328577e+005  8.2857909e+006  1.1653000e+003  1.2534200e+003
  4.8330441e+005  8.2858014e+006  1.1640400e+003  1.2926500e+003
  4.8332500e+005  8.2858131e+006  1.1626100e+003  1.3231550e+003
  4.8334570e+005  8.2858253e+006  1.1615700e+003  1.3406900e+003
  4.8336522e+005  8.2858371e+006  1.1607600e+003  1.3333900e+003
  4.8338309e+005  8.2858480e+006  1.1602000e+003  1.3168950e+003
  4.8340047e+005  8.2858590e+006  1.1597900e+003  1.2980150e+003
  4.8341758e+005  8.2858689e+006  1.1589000e+003  1.2773800e+003
  4.8343234e+005  8.2858774e+006  1.1582400e+003  1.2634550e+003
  4.8343835e+005  8.2858808e+006  1.1580400e+003  1.2555700e+003
  4.8344211e+005  8.2858829e+006  1.1579600e+003  1.2528050e+003
  4.8345178e+005  8.2858880e+006  1.1573800e+003  1.2503850e+003
  4.8345601e+005  8.2858901e+006  1.1571000e+003  1.2490650e+003
  4.8345603e+005  8.2858901e+006  1.1571100e+003  1.2482450e+003
  4.8346091e+005  8.2858924e+006  1.1569400e+003  1.2445650e+003
  4.8347426e+005  8.2858987e+006  1.1556800e+003  1.2381150e+003
  4.8348927e+005  8.2859053e+006  1.1544400e+003  1.2316100e+003
  4.8350355e+005  8.2859116e+006  1.1531300e+003  1.2201300e+003
  4.8351873e+005  8.2859182e+006  1.1514700e+003  1.2017600e+003
  4.8353498e+005  8.2859264e+006  1.1498900e+003  1.1822000e+003
  4.8355142e+005  8.2859350e+006  1.1482100e+003  1.1686750e+003
  4.8356802e+005  8.2859438e+006  1.1466300e+003  1.1541050e+003
  4.8358421e+005  8.2859519e+006  1.1451800e+003  1.1392250e+003
  4.8359975e+005  8.2859595e+006  1.1437900e+003  1.1297900e+003
  4.8361468e+005  8.2859670e+006  1.1419900e+003  1.1230700e+003
  4.8362759e+005  8.2859727e+006  1.1415700e+003  1.1172000e+003
  4.8364319e+005  8.2859797e+006  1.1400300e+003  1.1126750e+003
  4.8366030e+005  8.2859865e+006  1.1387400e+003  1.1027000e+003
  4.8367753e+005  8.2859936e+006  1.1374900e+003  1.0812750e+003
  4.8369413e+005  8.2860010e+006  1.1366000e+003  1.0585600e+003
  4.8370970e+005  8.2860081e+006  1.1353600e+003  1.0476100e+003
  4.8372346e+005  8.2860140e+006  1.1348500e+003  1.0399650e+003
  4.8373784e+005  8.2860198e+006  1.1340500e+003  1.0297450e+003
  4.8375111e+005  8.2860260e+006  1.1336400e+003  1.0133000e+003
  4.8376513e+005  8.2860331e+006  1.1328500e+003  9.9248000e+002
  4.8377859e+005  8.2860402e+006  1.1322600e+003  9.7097000e+002
  4.8379250e+005  8.2860475e+006  1.1315400e+003  9.5764500e+002
  4.8380681e+005  8.2860552e+006  1.1306000e+003  9.4968500e+002
  4.8382069e+005  8.2860631e+006  1.1296500e+003  9.4742000e+002
  4.8383592e+005  8.2860729e+006  1.1283800e+003  9.5409000e+002
  4.8384285e+005  8.2860771e+006  1.1280100e+003  9.5822000e+002
  4.8384421e+005  8.2860779e+006  1.1277600e+003  9.5892500e+002
  4.8385273e+005  8.2860818e+006  1.1269700e+003  9.5928500e+002
  4.8385920e+005  8.2860849e+006  1.1261100e+003  9.5903000e+002
  4.8387351e+005  8.2860918e+006  1.1247000e+003  9.5418500e+002
  4.8388722e+005  8.2860958e+006  1.1228500e+003  9.5557000e+002
  4.8390169e+005  8.2860963e+006  1.1204400e+003  9.5453000e+002
  4.8391578e+005  8.2860960e+006  1.1181100e+003  9.4859000e+002
  4.8393291e+005  8.2860950e+006  1.1147600e+003  9.6649500e+002
  4.8395096e+005  8.2860940e+006  1.1112300e+003  1.0110450e+003
  4.8397051e+005  8.2860926e+006  1.1075400e+003  1.0470850e+003
  4.8399073e+005  8.2860903e+006  1.1038100e+003  1.0668900e+003
  4.8401466e+005  8.2860870e+006  1.0993200e+003  1.0783650e+003
  4.8403937e+005  8.2860834e+006  1.0952600e+003  1.0850350e+003
  4.8406308e+005  8.2860781e+006  1.0917600e+003  1.0891100e+003
  4.8408266e+005  8.2860707e+006  1.0893500e+003  1.1021250e+003
  4.8410254e+005  8.2860607e+006  1.0873100e+003  1.1211900e+003
  4.8412248e+005  8.2860499e+006  1.0858300e+003  1.1362550e+003
  4.8414362e+005  8.2860392e+006  1.0846300e+003  1.1561700e+003
  4.8416487e+005  8.2860321e+006  1.0839000e+003  1.1822900e+003
  4.8418611e+005  8.2860261e+006  1.0830700e+003  1.1788900e+003
  4.8420715e+005  8.2860210e+006  1.0823900e+003  1.1048200e+003
  4.8422875e+005  8.2860157e+006  1.0817300e+003  1.0291350e+003
  4.8424683e+005  8.2860107e+006  1.0812700e+003  9.8849000e+002
  4.8426833e+005  8.2860046e+006  1.0807800e+003  9.5695500e+002
  4.8428745e+005  8.2859995e+006  1.0802400e+003  9.3655500e+002
  4.8430708e+005  8.2859952e+006  1.0795200e+003  9.1705000e+002
  4.8432654e+005  8.2859917e+006  1.0784800e+003  8.9599500e+002
  4.8434592e+005  8.2859887e+006  1.0775400e+003  8.7686000e+002
  4.8436631e+005  8.2859855e+006  1.0759800e+003  8.6584000e+002
  4.8438700e+005  8.2859815e+006  1.0737300e+003  8.6163000e+002
  4.8440492e+005  8.2859778e+006  1.0719700e+003  8.4795500e+002
  4.8442461e+005  8.2859743e+006  1.0698800e+003  8.3901000e+002
  4.8444032e+005  8.2859710e+006  1.0684600e+003  8.4020000e+002
  4.8445752e+005  8.2859676e+006  1.0663500e+003  8.3827500e+002
  4.8447216e+005  8.2859639e+006  1.0649800e+003  8.3962500e+002
  4.8449013e+005  8.2859594e+006  1.0630000e+003  8.3811500e+002
  4.8450868e+005  8.2859556e+006  1.0610500e+003  8.2128000e+002
  4.8452641e+005  8.2859513e+006  1.0594100e+003  8.0738000e+002
  4.8454198e+005  8.2859473e+006  1.0579800e+003  7.9243000e+002
  4.8456274e+005  8.2859426e+006  1.0564500e+003  7.5421000e+002
  4.8458075e+005  8.2859375e+006  1.0553100e+003  7.2348500e+002
  4.8459896e+005  8.2859331e+006  1.0543700e+003  7.1807500e+002
  4.8461733e+005  8.2859281e+006  1.0534600e+003  6.9685500e+002
  4.8463511e+005  8.2859228e+006  1.0522800e+003  6.6490000e+002
  4.8464824e+005  8.2859140e+006  1.0514300e+003  6.4265000e+002
  4.8466018e+005  8.2859025e+006  1.0497100e+003  6.2912000e+002
  4.8467010e+005  8.2858906e+006  1.0477500e+003  6.2134000e+002
  4.8468059e+005  8.2858774e+006  1.0458300e+003  6.1684000e+002
  4.8469138e+005  8.2858647e+006  1.0436900e+003  6.0602500e+002
  4.8470073e+005  8.2858523e+006  1.0412200e+003  5.9312000e+002
  4.8470938e+005  8.2858380e+006  1.0383000e+003  5.9844500e+002
  4.8471717e+005  8.2858230e+006  1.0352500e+003  6.1409500e+002
  4.8472521e+005  8.2858063e+006  1.0320300e+003  6.2987000e+002
  4.8473463e+005  8.2857868e+006  1.0281000e+003  6.5202000e+002
  4.8474278e+005  8.2857688e+006  1.0250300e+003  6.8121500e+002
  4.8475313e+005  8.2857499e+006  1.0222400e+003  7.0759000e+002
  4.8476677e+005  8.2857323e+006  1.0200900e+003  7.2983500e+002
  4.8478219e+005  8.2857142e+006  1.0183600e+003  7.5109000e+002
  4.8479791e+005  8.2856965e+006  1.0172200e+003  7.6475500e+002
  4.8483044e+005  8.2856610e+006  1.0155800e+003  8.9123500e+002
  4.8484704e+005  8.2856453e+006  1.0149300e+003  9.0421500e+002
  4.8486083e+005  8.2856319e+006  1.0145600e+003  9.0736500e+002
  4.8487686e+005  8.2856160e+006  1.0142200e+003  8.9759000e+002
  4.8489360e+005  8.2855997e+006  1.0137600e+003  8.5075000e+002
  4.8490929e+005  8.2855852e+006  1.0135200e+003  7.7706500e+002
  4.8492412e+005  8.2855709e+006  1.0132900e+003  6.9409500e+002
  4.8493922e+005  8.2855566e+006  1.0131900e+003  6.2011500e+002
  4.8495314e+005  8.2855424e+006  1.0128400e+003  5.8516500e+002
  4.8496802e+005  8.2855273e+006  1.0124300e+003  5.6211500e+002
  4.8498144e+005  8.2855137e+006  1.0119500e+003  5.4240500e+002
  4.8499577e+005  8.2854994e+006  1.0111000e+003  5.2994500e+002
  4.8500692e+005  8.2854887e+006  1.0102900e+003  5.2289000e+002
  4.8501781e+005  8.2854786e+006  1.0094600e+003  5.1234500e+002
  4.8503158e+005  8.2854655e+006  1.0077800e+003  4.9259500e+002
  4.8504674e+005  8.2854497e+006  1.0063600e+003  4.5867500e+002
  4.8505526e+005  8.2854318e+006  1.0048100e+003  3.8714000e+002
  4.8505951e+005  8.2854118e+006  1.0033500e+003  3.1329500e+002
  4.8506106e+005  8.2853945e+006  1.0018400e+003  2.8836000e+002
  4.8506226e+005  8.2853758e+006  9.9994000e+002  2.9389000e+002
  4.8506286e+005  8.2853600e+006  9.9833000e+002  3.0057000e+002
  4.8506248e+005  8.2853448e+006  9.9639000e+002  3.1778000e+002
  4.8506071e+005  8.2853279e+006  9.9381000e+002  3.4228000e+002
  4.8505857e+005  8.2853078e+006  9.9088000e+002  3.6497500e+002
  4.8505944e+005  8.2852873e+006  9.8804000e+002  3.9692500e+002
  4.8506056e+005  8.2852640e+006  9.8479000e+002  4.4866500e+002
  4.8506125e+005  8.2852429e+006  9.8210000e+002  5.1484000e+002
  4.8506139e+005  8.2852227e+006  9.7968000e+002  5.9344500e+002
  4.8506123e+005  8.2852071e+006  9.7791000e+002  6.7325000e+002
  4.8506097e+005  8.2852001e+006  9.7689000e+002  7.0989500e+002
  4.8506079e+005  8.2851931e+006  9.7609000e+002  7.2895500e+002
  4.8506041e+005  8.2851780e+006  9.7454000e+002  7.5673500e+002
  4.8506005e+005  8.2851607e+006  9.7280000e+002  7.9471000e+002
  4.8505880e+005  8.2851253e+006  9.6999000e+002  1.1213300e+003
  4.8505975e+005  8.2851035e+006  9.6814000e+002  1.1260200e+003
  4.8506116e+005  8.2850794e+006  9.6640000e+002  1.1398950e+003
  4.8506251e+005  8.2850595e+006  9.6513000e+002  1.1635600e+003
  4.8506357e+005  8.2850447e+006  9.6434000e+002  1.1859750e+003
  4.8506387e+005  8.2850313e+006  9.6388000e+002  1.2036150e+003
  4.8506409e+005  8.2850171e+006  9.6346000e+002  1.2234550e+003
  4.8506406e+005  8.2850124e+006  9.6353000e+002  1.2378400e+003
  4.8506448e+005  8.2850064e+006  9.6333000e+002  1.2480850e+003
  4.8506515e+005  8.2849962e+006  9.6286000e+002  1.2645300e+003
  4.8506572e+005  8.2849836e+006  9.6262000e+002  1.2855550e+003
  4.8506554e+005  8.2849703e+006  9.6202000e+002  1.3120950e+003
  4.8506586e+005  8.2849539e+006  9.6127000e+002  1.3467500e+003
  4.8506542e+005  8.2849417e+006  9.6074000e+002  1.3891900e+003
  4.8506513e+005  8.2849269e+006  9.6020000e+002  1.4405500e+003
  4.8506463e+005  8.2849080e+006  9.5950000e+002  1.4850500e+003
  4.8506486e+005  8.2848900e+006  9.5866000e+002  1.5231700e+003
  4.8506554e+005  8.2848722e+006  9.5776000e+002  1.5600550e+003
  4.8506561e+005  8.2848529e+006  9.5710000e+002  1.6091500e+003
  4.8506616e+005  8.2848326e+006  9.5628000e+002  1.6723100e+003
  4.8506716e+005  8.2848081e+006  9.5541000e+002  1.7335850e+003
  4.8506851e+005  8.2847902e+006  9.5466000e+002  1.7837500e+003
  4.8506934e+005  8.2847686e+006  9.5373000e+002  1.8166500e+003
  4.8507065e+005  8.2847447e+006  9.5269000e+002  1.8397600e+003
  4.8507181e+005  8.2847199e+006  9.5189000e+002  1.8621300e+003
  4.8507325e+005  8.2846968e+006  9.5102000e+002  1.8733400e+003
  4.8507478e+005  8.2846713e+006  9.4999000e+002  1.8739700e+003
  4.8507626e+005  8.2846460e+006  9.4905000e+002  1.8734050e+003
  4.8507789e+005  8.2846183e+006  9.4804000e+002  1.8715200e+003
  4.8507888e+005  8.2845969e+006  9.4739000e+002  1.8610750e+003
  4.8508065e+005  8.2845735e+006  9.4677000e+002  1.8505300e+003
  4.8508206e+005  8.2845519e+006  9.4626000e+002  1.8381550e+003
  4.8508221e+005  8.2845362e+006  9.4568000e+002  1.8236200e+003
  4.8508302e+005  8.2845221e+006  9.4527000e+002  1.8152650e+003
  4.8508370e+005  8.2845205e+006  9.4379000e+002  1.8098050e+003
  4.8508399e+005  8.2845114e+006  9.4327000e+002  1.7881450e+003
  4.8508440e+005  8.2844971e+006  9.4274000e+002  1.7526750e+003
  4.8508559e+005  8.2844816e+006  9.4178000e+002  1.7288800e+003
  4.8508568e+005  8.2844658e+006  9.4163000e+002  1.7134350e+003
  4.8508564e+005  8.2844474e+006  9.4097000e+002  1.6939050e+003
  4.8508663e+005  8.2844292e+006  9.4005000e+002  1.6701350e+003
  4.8508738e+005  8.2844109e+006  9.3880000e+002  1.6452450e+003
  4.8508817e+005  8.2843863e+006  9.3700000e+002  1.6227700e+003
  4.8508837e+005  8.2843614e+006  9.3478000e+002  1.6022100e+003
  4.8508771e+005  8.2843380e+006  9.3268000e+002  1.5036600e+003
  4.8508639e+005  8.2843125e+006  9.3076000e+002  1.3960300e+003
  4.8507606e+005  8.2841634e+006  9.2056000e+002  9.1995500e+002
  4.8507443e+005  8.2841390e+006  9.1884000e+002  8.3849500e+002
  4.8507613e+005  8.2841184e+006  9.2355000e+002  7.4763500e+002
  4.8507662e+005  8.2840903e+006  9.2105000e+002  6.7635500e+002
  4.8507589e+005  8.2840656e+006  9.1904000e+002  6.1633000e+002
  4.8507491e+005  8.2840426e+006  9.1723000e+002  5.3621000e+002
  4.8507469e+005  8.2840208e+006  9.1575000e+002  4.6549000e+002
  4.8507376e+005  8.2839954e+006  9.1416000e+002  3.9773500e+002
  4.8948030e+005  8.2806227e+006  5.0040000e+002  5.5875000e+001
  4.8947459e+005  8.2806295e+006  5.0057000e+002  5.7400000e+001
  4.8946624e+005  8.2806347e+006  5.0090000e+002  6.4235000e+001
  4.8945540e+005  8.2806399e+006  5.0123000e+002  7.1470000e+001
  4.8944639e+005  8.2806454e+006  5.0180000e+002  7.3120000e+001
  4.8943699e+005  8.2806534e+006  5.0254000e+002  7.4900000e+001
  4.8942684e+005  8.2806653e+006  5.0389000e+002  8.0670000e+001
  4.8941653e+005  8.2806787e+006  5.0573000e+002  9.0200000e+001
  4.8940438e+005  8.2806941e+006  5.0846000e+002  1.0082000e+002
  4.8938963e+005  8.2807134e+006  5.1157000e+002  1.0652500e+002
  4.8937915e+005  8.2807276e+006  5.1617000e+002  1.1223000e+002
  4.8936983e+005  8.2807417e+006  5.2117000e+002  1.1920500e+002
  4.8935977e+005  8.2807569e+006  5.2687000e+002  1.2476500e+002
  4.8935184e+005  8.2807690e+006  5.3066000e+002  1.3099000e+002
  4.8934315e+005  8.2807833e+006  5.3482000e+002  1.4063000e+002
  4.8933227e+005  8.2808026e+006  5.4060000e+002  1.5452500e+002
  4.8932374e+005  8.2808188e+006  5.4474000e+002  1.8002500e+002
  4.8931551e+005  8.2808343e+006  5.4856000e+002  1.9366500e+002
  4.8930560e+005  8.2808505e+006  5.5259000e+002  1.9382500e+002
  4.8929631e+005  8.2808649e+006  5.5603000e+002  2.0759500e+002
  4.8928589e+005  8.2808806e+006  5.5967000e+002  2.3053000e+002
  4.8927297e+005  8.2808993e+006  5.6363000e+002  2.4809000e+002
  4.8926140e+005  8.2809163e+006  5.6715000e+002  2.7307500e+002
  4.8925017e+005  8.2809333e+006  5.7032000e+002  3.0350000e+002
  4.8923776e+005  8.2809527e+006  5.7378000e+002  3.2484500e+002
  4.8922695e+005  8.2809693e+006  5.7673000e+002  3.4253000e+002
  4.8921499e+005  8.2809869e+006  5.7970000e+002  3.6376000e+002
  4.8919930e+005  8.2810102e+006  5.8346000e+002  3.8676000e+002
  4.8918587e+005  8.2810303e+006  5.8647000e+002  4.0847000e+002
  4.8917215e+005  8.2810503e+006  5.8953000e+002  4.2837000e+002
  4.8915602e+005  8.2810731e+006  5.9287000e+002  4.4823500e+002
  4.8914318e+005  8.2810939e+006  5.9563000e+002  4.6983500e+002
  4.8913121e+005  8.2811160e+006  5.9845000e+002  4.9234500e+002
  4.8911677e+005  8.2811441e+006  6.0186000e+002  5.1158000e+002
  4.8910520e+005  8.2811688e+006  6.0469000e+002  5.2787500e+002
  4.8909272e+005  8.2811933e+006  6.0752000e+002  5.4197500e+002
  4.8907893e+005  8.2812207e+006  6.1058000e+002  5.5536000e+002
  4.8906666e+005  8.2812447e+006  6.1316000e+002  5.7129000e+002
  4.8905180e+005  8.2812735e+006  6.1621000e+002  5.8266500e+002
  4.8903913e+005  8.2812973e+006  6.1873000e+002  5.9567000e+002
  4.8902668e+005  8.2813201e+006  6.2108000e+002  6.1148000e+002
  4.8901276e+005  8.2813463e+006  6.2373000e+002  6.1670500e+002
  4.8900042e+005  8.2813699e+006  6.2616000e+002  6.1696500e+002
  4.8898776e+005  8.2813938e+006  6.2859000e+002  6.2607500e+002
  4.8897259e+005  8.2814222e+006  6.3143000e+002  6.3565000e+002
  4.8896030e+005  8.2814454e+006  6.3382000e+002  6.4446500e+002
  4.8894744e+005  8.2814686e+006  6.3601000e+002  6.5091500e+002
  4.8893361e+005  8.2814953e+006  6.3858000e+002  6.5476500e+002
  4.8892199e+005  8.2815184e+006  6.4056000e+002  6.6086500e+002
  4.8891007e+005  8.2815410e+006  6.4249000e+002  6.6634500e+002
  4.8889563e+005  8.2815695e+006  6.4474000e+002  6.7170000e+002
  4.8888329e+005  8.2815933e+006  6.4673000e+002  6.8293000e+002
  4.8887129e+005  8.2816169e+006  6.4854000e+002  6.9587000e+002
  4.8885746e+005  8.2816425e+006  6.5046000e+002  7.0260000e+002
  4.8884494e+005  8.2816651e+006  6.5227000e+002  7.0649000e+002
  4.8883254e+005  8.2816883e+006  6.5384000e+002  7.1323000e+002
  4.8881773e+005  8.2817168e+006  6.5592000e+002  7.1894000e+002
  4.8880654e+005  8.2817390e+006  6.5723000e+002  7.2283000e+002
  4.8879739e+005  8.2817578e+006  6.5930000e+002  7.2700500e+002
  4.8878519e+005  8.2817788e+006  6.6075000e+002  7.3095500e+002
  4.8877334e+005  8.2818001e+006  6.6213000e+002  7.3507000e+002
  4.8876091e+005  8.2818225e+006  6.6380000e+002  7.4173500e+002
  4.8874471e+005  8.2818497e+006  6.6579000e+002  7.4680500e+002
  4.8873300e+005  8.2818725e+006  6.6733000e+002  7.5025000e+002
  4.8872156e+005  8.2818937e+006  6.6902000e+002  7.5611000e+002
  4.8870667e+005  8.2819188e+006  6.7107000e+002  7.6210000e+002
  4.8869321e+005  8.2819408e+006  6.7302000e+002  7.6889500e+002
  4.8867991e+005  8.2819638e+006  6.7508000e+002  7.7607500e+002
  4.8866419e+005  8.2819906e+006  6.7749000e+002  7.8254000e+002
  4.8865123e+005  8.2820132e+006  6.7948000e+002  7.8953500e+002
  4.8863825e+005  8.2820351e+006  6.8086000e+002  7.9693500e+002
  4.8862354e+005  8.2820599e+006  6.8303000e+002  8.0272000e+002
  4.8861044e+005  8.2820805e+006  6.8497000e+002  8.0667000e+002
  4.8859708e+005  8.2821025e+006  6.8696000e+002  8.0727500e+002
  4.8858240e+005  8.2821284e+006  6.8959000e+002  8.0416000e+002
  4.8857100e+005  8.2821495e+006  6.9139000e+002  8.0317000e+002
  4.8855881e+005  8.2821714e+006  6.9332000e+002  8.0867000e+002
  4.8854515e+005  8.2821958e+006  6.9554000e+002  8.1613500e+002
  4.8853367e+005  8.2822157e+006  6.9697000e+002  8.2782000e+002
  4.8852026e+005  8.2822346e+006  6.9848000e+002  8.4356500e+002
  4.8850013e+005  8.2822557e+006  6.9994000e+002  8.6441000e+002
  4.8847980e+005  8.2822711e+006  7.0095000e+002  8.8796500e+002
  4.8845699e+005  8.2822879e+006  7.0225000e+002  8.9487000e+002
  4.8843579e+005  8.2823032e+006  7.0345000e+002  8.9508000e+002
  4.8841426e+005  8.2823190e+006  7.0465000e+002  8.9559000e+002
  4.8838779e+005  8.2823372e+006  7.0626000e+002  8.9946500e+002
  4.8836414e+005  8.2823531e+006  7.0774000e+002  9.0607000e+002
  4.8834144e+005  8.2823692e+006  7.0935000e+002  9.1168000e+002
  4.8831624e+005  8.2823867e+006  7.1158000e+002  9.1391500e+002
  4.8829418e+005  8.2824027e+006  7.1351000e+002  9.1212500e+002
  4.8827338e+005  8.2824185e+006  7.1540000e+002  9.1108000e+002
  4.8824841e+005  8.2824366e+006  7.1763000e+002  9.1072500e+002
  4.8822715e+005  8.2824522e+006  7.1964000e+002  9.1017500e+002
  4.8820637e+005  8.2824673e+006  7.2152000e+002  9.0940500e+002
  4.8818307e+005  8.2824844e+006  7.2384000e+002  9.0836500e+002
  4.8816262e+005  8.2824994e+006  7.2571000e+002  9.0594000e+002
  4.8814241e+005  8.2825148e+006  7.2778000e+002  9.0026000e+002
  4.8811880e+005  8.2825329e+006  7.2989000e+002  8.9279500e+002
  4.8809829e+005  8.2825488e+006  7.3189000e+002  8.8595500e+002
  4.8807699e+005  8.2825654e+006  7.3385000e+002  8.8397000e+002
  4.8805287e+005  8.2825830e+006  7.3622000e+002  8.8712500e+002
  4.8803170e+005  8.2825987e+006  7.3809000e+002  8.9633500e+002
  4.8800960e+005  8.2826142e+006  7.4014000e+002  9.0222000e+002
  4.8798238e+005  8.2826329e+006  7.4267000e+002  9.0214000e+002
  4.8796023e+005  8.2826485e+006  7.4478000e+002  9.0369000e+002
  4.8793812e+005  8.2826641e+006  7.4699000e+002  9.0381500e+002
  4.8791321e+005  8.2826814e+006  7.4961000e+002  9.0122000e+002
  4.8789100e+005  8.2826970e+006  7.5195000e+002  8.9910500e+002
  4.8786892e+005  8.2827129e+006  7.5444000e+002  8.9954500e+002
  4.8784287e+005  8.2827318e+006  7.5748000e+002  9.0274000e+002
  4.8782090e+005  8.2827468e+006  7.6001000e+002  9.0459500e+002
  4.8779879e+005  8.2827614e+006  7.6243000e+002  8.9897000e+002
  4.8777389e+005  8.2827784e+006  7.6527000e+002  8.9172000e+002
  4.8775230e+005  8.2827940e+006  7.6777000e+002  8.9113000e+002
  4.8773044e+005  8.2828098e+006  7.7028000e+002  8.9815000e+002
  4.8770473e+005  8.2828277e+006  7.7312000e+002  9.0637500e+002
  4.8768264e+005  8.2828424e+006  7.7541000e+002  9.1423000e+002
  4.8765975e+005  8.2828562e+006  7.7747000e+002  9.2326000e+002
  4.8763441e+005  8.2828720e+006  7.7964000e+002  9.3488000e+002
  4.8761249e+005  8.2828851e+006  7.8130000e+002  9.4731500e+002
  4.8759266e+005  8.2828978e+006  7.8286000e+002  9.6115000e+002
  4.8756975e+005  8.2829133e+006  7.8433000e+002  9.7548500e+002
  4.8755029e+005  8.2829263e+006  7.8540000e+002  9.9182500e+002
  4.8753093e+005  8.2829387e+006  7.8641000e+002  1.0071450e+003
  4.8750864e+005  8.2829534e+006  7.8748000e+002  1.0216400e+003
  4.8748887e+005  8.2829662e+006  7.8819000e+002  1.0435600e+003
  4.8746473e+005  8.2829815e+006  7.8912000e+002  1.0621250e+003
  4.8744430e+005  8.2829932e+006  7.8975000e+002  1.0777250e+003
  4.8742384e+005  8.2830057e+006  7.9021000e+002  1.0903950e+003
  4.8739991e+005  8.2830199e+006  7.9088000e+002  1.1037700e+003
  4.8737925e+005  8.2830313e+006  7.9145000e+002  1.1161800e+003
  4.8735888e+005  8.2830422e+006  7.9210000e+002  1.1214950e+003
  4.8733482e+005  8.2830553e+006  7.9282000e+002  1.1262100e+003
  4.8731499e+005  8.2830662e+006  7.9360000e+002  1.1315350e+003
  4.8729517e+005  8.2830767e+006  7.9431000e+002  1.1350300e+003
  4.8727323e+005  8.2830890e+006  7.9538000e+002  1.1373050e+003
  4.8725380e+005  8.2830998e+006  7.9629000e+002  1.1393200e+003
  4.8723382e+005  8.2831113e+006  7.9732000e+002  1.1408200e+003
  4.8721047e+005  8.2831236e+006  7.9852000e+002  1.1387850e+003
  4.8719109e+005  8.2831346e+006  7.9971000e+002  1.1328750e+003
  4.8717220e+005  8.2831458e+006  8.0120000e+002  1.1309200e+003
  4.8715114e+005  8.2831576e+006  8.0285000e+002  1.1331150e+003
  4.8713221e+005  8.2831683e+006  8.0429000e+002  1.1339550e+003
  4.8711306e+005  8.2831784e+006  8.0598000e+002  1.1295200e+003
  4.8708973e+005  8.2831905e+006  8.0794000e+002  1.1213750e+003
  4.8707124e+005  8.2832008e+006  8.0979000e+002  1.1137550e+003
  4.8705132e+005  8.2832115e+006  8.1185000e+002  1.1109550e+003
  4.8702855e+005  8.2832241e+006  8.1426000e+002  1.1105150e+003
  4.8701107e+005  8.2832339e+006  8.1615000e+002  1.1147100e+003
  4.8699178e+005  8.2832452e+006  8.1836000e+002  1.1284400e+003
  4.8696841e+005  8.2832596e+006  8.2071000e+002  1.1452850e+003
  4.8695012e+005  8.2832714e+006  8.2254000e+002  1.1539300e+003
  4.8693197e+005  8.2832826e+006  8.2437000e+002  1.1598800e+003
  4.8691104e+005  8.2832957e+006  8.2639000e+002  1.1730950e+003
  4.8689407e+005  8.2833066e+006  8.2809000e+002  1.1896150e+003
  4.8687858e+005  8.2833157e+006  8.2922000e+002  1.2031200e+003
  4.8685846e+005  8.2833278e+006  8.3077000e+002  1.2167350e+003
  4.8684105e+005  8.2833383e+006  8.3221000e+002  1.2394400e+003
  4.8682342e+005  8.2833492e+006  8.3341000e+002  1.2672450e+003
  4.8680312e+005  8.2833622e+006  8.3471000e+002  1.2891350e+003
  4.8679441e+005  8.2833678e+006  8.3532000e+002  1.3011150e+003
  4.8679404e+005  8.2833680e+006  8.3554000e+002  1.3040750e+003
  4.8679027e+005  8.2833704e+006  8.3595000e+002  1.3101050e+003
  4.8678001e+005  8.2833768e+006  8.3664000e+002  1.3233250e+003
  4.8676781e+005  8.2833842e+006  8.3744000e+002  1.3405500e+003
  4.8675319e+005  8.2833935e+006  8.3857000e+002  1.3567250e+003
  4.8674078e+005  8.2834014e+006  8.4013000e+002  1.3725900e+003
  4.8672866e+005  8.2834093e+006  8.4108000e+002  1.3871850e+003
  4.8671262e+005  8.2834203e+006  8.4218000e+002  1.4018800e+003
  4.8669896e+005  8.2834293e+006  8.4328000e+002  1.4214450e+003
  4.8668110e+005  8.2834419e+006  8.4480000e+002  1.4408450e+003
  4.8666468e+005  8.2834541e+006  8.4615000e+002  1.4616900e+003
  4.8664757e+005  8.2834665e+006  8.4765000e+002  1.4801600e+003
  4.8662677e+005  8.2834817e+006  8.4936000e+002  1.4955900e+003
  4.8660838e+005  8.2834952e+006  8.5080000e+002  1.5092500e+003
  4.8659026e+005  8.2835084e+006  8.5237000e+002  1.5299100e+003
  4.8656910e+005  8.2835238e+006  8.5416000e+002  1.5535900e+003
  4.8655043e+005  8.2835374e+006  8.5597000e+002  1.5773600e+003
  4.8653234e+005  8.2835508e+006  8.5702000e+002  1.6000850e+003
  4.8651233e+005  8.2835653e+006  8.5815000e+002  1.6177750e+003
  4.8649464e+005  8.2835786e+006  8.5925000e+002  1.6272400e+003
  4.8647726e+005  8.2835912e+006  8.6024000e+002  1.6355050e+003
  4.8645540e+005  8.2836057e+006  8.6139000e+002  1.6490000e+003
  4.8643760e+005  8.2836163e+006  8.6238000e+002  1.6615850e+003
  4.8642004e+005  8.2836281e+006  8.6330000e+002  1.6725650e+003
  4.8639973e+005  8.2836414e+006  8.6437000e+002  1.6804850e+003
  4.8638026e+005  8.2836536e+006  8.6547000e+002  1.6863550e+003
  4.8636191e+005  8.2836663e+006  8.6641000e+002  1.6924850e+003
  4.8633977e+005  8.2836813e+006  8.6757000e+002  1.6996700e+003
  4.8632085e+005  8.2836937e+006  8.6852000e+002  1.7098400e+003
  4.8630277e+005  8.2837068e+006  8.6976000e+002  1.7211900e+003
  4.8628194e+005  8.2837215e+006  8.7094000e+002  1.7332500e+003
  4.8626353e+005  8.2837349e+006  8.7175000e+002  1.7450050e+003
  4.8624626e+005  8.2837473e+006  8.7269000e+002  1.7520150e+003
  4.8622471e+005  8.2837625e+006  8.7351000e+002  1.7566850e+003
  4.8620572e+005  8.2837755e+006  8.7440000e+002  1.7600150e+003
  4.8618739e+005  8.2837885e+006  8.7495000e+002  1.7633950e+003
  4.8616633e+005  8.2838033e+006  8.7589000e+002  1.7698200e+003
  4.8614746e+005  8.2838159e+006  8.7674000e+002  1.7820350e+003
  4.8612773e+005  8.2838296e+006  8.7742000e+002  1.7938100e+003
  4.8610465e+005  8.2838463e+006  8.7840000e+002  1.8040900e+003
  4.8608521e+005  8.2838607e+006  8.7915000e+002  1.8237350e+003
  4.8606612e+005  8.2838742e+006  8.7987000e+002  1.8397850e+003
  4.8604505e+005  8.2838886e+006  8.8054000e+002  1.8424200e+003
  4.8602610e+005  8.2839014e+006  8.8119000e+002  1.8368400e+003
  4.8600767e+005  8.2839141e+006  8.8184000e+002  1.8248150e+003
  4.8598672e+005  8.2839285e+006  8.8333000e+002  1.8127150e+003
  4.8597031e+005  8.2839402e+006  8.8383000e+002  1.8067750e+003
  4.8596322e+005  8.2839453e+006  8.8402000e+002  1.8080050e+003
  4.8596284e+005  8.2839454e+006  8.8369000e+002  1.8086850e+003
  4.8595829e+005  8.2839489e+006  8.8370000e+002  1.8101950e+003
  4.8595230e+005  8.2839534e+006  8.8396000e+002  1.8139150e+003
  4.8594010e+005  8.2839620e+006  8.8424000e+002  1.8191450e+003
  4.8592851e+005  8.2839699e+006  8.8469000e+002  1.8296850e+003
  4.8591267e+005  8.2839815e+006  8.8530000e+002  1.8431400e+003
  4.8589758e+005  8.2839925e+006  8.8582000e+002  1.8564350e+003
  4.8588295e+005  8.2840026e+006  8.8618000e+002  1.8639000e+003
  4.8586492e+005  8.2840153e+006  8.8708000e+002  1.8704500e+003
  4.8584836e+005  8.2840266e+006  8.8765000e+002  1.8769800e+003
  4.8583481e+005  8.2840357e+006  8.8819000e+002  1.8765200e+003
  4.8581145e+005  8.2840533e+006  8.8912000e+002  1.8758800e+003
  4.8579535e+005  8.2840652e+006  8.8981000e+002  1.8796600e+003
  4.8577153e+005  8.2840833e+006  8.9088000e+002  1.8795150e+003
  4.8574806e+005  8.2841013e+006  8.9196000e+002  1.8731650e+003
  4.8572855e+005  8.2841169e+006  8.9292000e+002  1.8657750e+003
  4.8570578e+005  8.2841347e+006  8.9416000e+002  1.8581950e+003
  4.8568374e+005  8.2841521e+006  8.9541000e+002  1.8464950e+003
  4.8566380e+005  8.2841665e+006  8.9654000e+002  1.8329050e+003
  4.8564252e+005  8.2841809e+006  8.9793000e+002  1.8210600e+003
  4.8562229e+005  8.2841948e+006  8.9927000e+002  1.8126350e+003
  4.8559782e+005  8.2842115e+006  9.0104000e+002  1.8073850e+003
  4.8557624e+005  8.2842263e+006  9.0245000e+002  1.7956700e+003
  4.8555462e+005  8.2842416e+006  9.0432000e+002  1.7777400e+003
  4.8553235e+005  8.2842567e+006  9.0637000e+002  1.7650400e+003
  4.8551419e+005  8.2842693e+006  9.0808000e+002  1.7614500e+003
  4.8548629e+005  8.2842879e+006  9.1086000e+002  1.7580550e+003
  4.8546947e+005  8.2842997e+006  9.1272000e+002  1.7559550e+003
  4.8544521e+005  8.2843172e+006  9.1524000e+002  1.7527050e+003
  4.8542130e+005  8.2843348e+006  9.1767000e+002  1.7467600e+003
  4.8540552e+005  8.2843470e+006  9.1919000e+002  1.7407300e+003
  4.8538364e+005  8.2843639e+006  9.2129000e+002  1.7376950e+003
  4.8536119e+005  8.2843811e+006  9.2345000e+002  1.7370150e+003
  4.8534165e+005  8.2843961e+006  9.2527000e+002  1.7405550e+003
  4.8532353e+005  8.2844106e+006  9.2701000e+002  1.7502300e+003
  4.8530505e+005  8.2844258e+006  9.2853000e+002  1.7611300e+003
  4.8528367e+005  8.2844434e+006  9.3038000e+002  1.7722600e+003
  4.8526859e+005  8.2844556e+006  9.3152000e+002  1.7807750e+003
  4.8524661e+005  8.2844736e+006  9.3372000e+002  1.7893600e+003
  4.8522803e+005  8.2844896e+006  9.3503000e+002  1.8004600e+003
  4.8521484e+005  8.2845001e+006  9.3575000e+002  1.8123950e+003
  4.8519238e+005  8.2845190e+006  9.3755000e+002  1.8264900e+003
  4.8517508e+005  8.2845341e+006  9.3859000e+002  1.8424600e+003
  4.8516103e+005  8.2845475e+006  9.3975000e+002  1.8532850e+003
  4.8514202e+005  8.2845665e+006  9.4116000e+002  1.8585500e+003
  4.8512904e+005  8.2845787e+006  9.4231000e+002  1.8574950e+003
  4.8511031e+005  8.2845952e+006  9.4386000e+002  1.8524700e+003
  4.8509557e+005  8.2846084e+006  9.4444000e+002  1.8512750e+003
  4.8507882e+005  8.2846220e+006  9.4553000e+002  1.8568000e+003
  4.8506237e+005  8.2846347e+006  9.4676000e+002  1.8638100e+003
  4.8504679e+005  8.2846458e+006  9.4660000e+002  1.8654050e+003
  4.8502835e+005  8.2846598e+006  9.4966000e+002  1.8663250e+003
  4.8500984e+005  8.2846747e+006  9.5093000e+002  1.8680800e+003
  4.8499677e+005  8.2846845e+006  9.5160000e+002  1.8702100e+003
  4.8497953e+005  8.2846975e+006  9.5277000e+002  1.8791400e+003
  4.8496120e+005  8.2847115e+006  9.5379000e+002  1.8901200e+003
  4.8494547e+005  8.2847222e+006  9.5428000e+002  1.9012650e+003
  4.8493314e+005  8.2847304e+006  9.5496000e+002  1.9165100e+003
  4.8491465e+005  8.2847427e+006  9.5570000e+002  1.9279300e+003
  4.8489700e+005  8.2847539e+006  9.5656000e+002  1.9336650e+003
  4.8488444e+005  8.2847622e+006  9.5705000e+002  1.9338400e+003
  4.8486554e+005  8.2847752e+006  9.5806000e+002  1.9313250e+003
  4.8485103e+005  8.2847849e+006  9.5855000e+002  1.9286900e+003
  4.8483915e+005  8.2847929e+006  9.5934000e+002  1.9280500e+003
  4.8482084e+005  8.2848070e+006  9.5965000e+002  1.9296500e+003
  4.8480871e+005  8.2848162e+006  9.6022000e+002  1.9305950e+003
  4.8479410e+005  8.2848274e+006  9.6094000e+002  1.9256950e+003
  4.8478004e+005  8.2848382e+006  9.6162000e+002  1.9180300e+003
  4.8476561e+005  8.2848498e+006  9.6218000e+002  1.9145050e+003
  4.8475175e+005  8.2848612e+006  9.6293000e+002  1.9158350e+003
  4.8473929e+005  8.2848713e+006  9.6345000e+002  1.9134800e+003
  4.8472604e+005  8.2848819e+006  9.6389000e+002  1.9076700e+003
  4.8471635e+005  8.2848896e+006  9.6427000e+002  1.9038150e+003
  4.8470381e+005  8.2848992e+006  9.6464000e+002  1.9064500e+003
  4.8469248e+005  8.2849074e+006  9.6503000e+002  1.9122100e+003
  4.8468158e+005  8.2849158e+006  9.6512000e+002  1.9198650e+003
  4.8466847e+005  8.2849261e+006  9.6553000e+002  1.9277300e+003
  4.8465923e+005  8.2849339e+006  9.6598000e+002  1.9289950e+003
  4.8464926e+005  8.2849426e+006  9.6549000e+002  1.9213850e+003
  4.8463531e+005  8.2849542e+006  9.6557000e+002  1.9059300e+003
  4.8462686e+005  8.2849605e+006  9.6547000e+002  1.8832750e+003
  4.8461368e+005  8.2849691e+006  9.6553000e+002  1.8566250e+003
  4.8460169e+005  8.2849758e+006  9.6538000e+002  1.8337050e+003
  4.8459096e+005  8.2849817e+006  9.6515000e+002  1.8145450e+003
  4.8457939e+005  8.2849884e+006  9.6514000e+002  1.7927000e+003
  4.8456870e+005  8.2849943e+006  9.6489000e+002  1.7676200e+003
  4.8455690e+005  8.2850010e+006  9.6455000e+002  1.7355950e+003
  4.8454509e+005  8.2850074e+006  9.6435000e+002  1.6998850e+003
  4.8453205e+005  8.2850170e+006  9.6415000e+002  1.6690200e+003
  4.8452041e+005  8.2850277e+006  9.6380000e+002  1.6385850e+003
  4.8451276e+005  8.2850361e+006  9.6351000e+002  1.6096050e+003
  4.8450218e+005  8.2850502e+006  9.6345000e+002  1.5826250e+003
  4.8449124e+005  8.2850624e+006  9.6353000e+002  1.5512950e+003
  4.8448355e+005  8.2850717e+006  9.6358000e+002  1.5193850e+003
  4.8447020e+005  8.2850884e+006  9.6401000e+002  1.4903950e+003
  4.8445890e+005  8.2850995e+006  9.6433000e+002  1.4617550e+003
  4.8444144e+005  8.2851123e+006  9.6522000e+002  1.4351950e+003
  4.8442249e+005  8.2851231e+006  9.6560000e+002  1.3949550e+003
  4.8439950e+005  8.2851308e+006  9.6663000e+002  1.3486500e+003
  4.8436690e+005  8.2851365e+006  9.6947000e+002  1.3177250e+003
  4.8433995e+005  8.2851406e+006  9.7568000e+002  1.3098800e+003
  4.8430421e+005  8.2851456e+006  9.8452000e+002  1.3152200e+003
  4.8424726e+005  8.2851525e+006  1.0052600e+003  5.5006500e+002
  4.8421606e+005  8.2851551e+006  1.0170400e+003  5.1418500e+002
  4.8418855e+005  8.2851572e+006  1.0268300e+003  4.6077500e+002
  4.8416253e+005  8.2851579e+006  1.0356100e+003  4.0214000e+002
  4.8413403e+005  8.2851597e+006  1.0446400e+003  3.6814500e+002
  4.8411074e+005  8.2851596e+006  1.0514500e+003  3.5321500e+002
  4.8408114e+005  8.2851652e+006  1.0603200e+003  3.5456500e+002
  4.8405905e+005  8.2851715e+006  1.0665600e+003  3.6513000e+002
  4.8403681e+005  8.2851799e+006  1.0723100e+003  3.6890500e+002
  4.8402191e+005  8.2851839e+006  1.0759700e+003  3.7108500e+002
  4.8399855e+005  8.2851870e+006  1.0821400e+003  3.7693500e+002
  4.8396286e+005  8.2851919e+006  1.0911800e+003  3.8321500e+002
  4.8394093e+005  8.2851942e+006  1.0964700e+003  3.9288500e+002
  4.8391912e+005  8.2851950e+006  1.1014700e+003  4.0795000e+002
  4.8389039e+005  8.2851976e+006  1.1074900e+003  4.2557500e+002
  4.8387176e+005  8.2851960e+006  1.1112700e+003  4.3997500e+002
  4.8384843e+005  8.2851941e+006  1.1160500e+003  4.4591500e+002
  4.8382404e+005  8.2851935e+006  1.1207900e+003  4.4936500e+002
  4.8380211e+005  8.2851942e+006  1.1255000e+003  4.5021000e+002
  4.8378162e+005  8.2851927e+006  1.1303400e+003  4.4419500e+002
  4.8375668e+005  8.2851921e+006  1.1364200e+003  4.3902500e+002
  4.8372827e+005  8.2851870e+006  1.1434100e+003  4.3979500e+002
  4.8370653e+005  8.2851829e+006  1.1483400e+003  4.4947500e+002
  4.8368141e+005  8.2851769e+006  1.1536800e+003  4.6537500e+002
  4.8365856e+005  8.2851695e+006  1.1582600e+003  4.8868500e+002
  4.8364169e+005  8.2851635e+006  1.1615700e+003  5.1120500e+002
  4.8361636e+005  8.2851529e+006  1.1665900e+003  5.2948000e+002
  4.8359353e+005  8.2851448e+006  1.1708900e+003  5.4808500e+002
  4.8357353e+005  8.2851393e+006  1.1742300e+003  5.6233000e+002
  4.8354840e+005  8.2851313e+006  1.1783300e+003  5.7717000e+002
  4.8352537e+005  8.2851237e+006  1.1823200e+003  5.9409500e+002
  4.8350431e+005  8.2851192e+006  1.1857000e+003  6.0124000e+002
  4.8348626e+005  8.2851237e+006  1.1883800e+003  6.0541000e+002
  4.8347188e+005  8.2851420e+006  1.1875700e+003  6.1420500e+002
  4.8347153e+005  8.2851685e+006  1.1847600e+003  6.2281000e+002
  4.8348421e+005  8.2851871e+006  1.1804400e+003  6.3198000e+002
  4.8350341e+005  8.2852003e+006  1.1762800e+003  6.3882000e+002
  4.8353147e+005  8.2852114e+006  1.1708100e+003  6.3882000e+002
  4.8355401e+005  8.2852229e+006  1.1663800e+003  6.4070500e+002
  4.8357695e+005  8.2852356e+006  1.1617900e+003  6.3959500e+002
  4.8360198e+005  8.2852493e+006  1.1569800e+003  6.3120500e+002
  4.8362325e+005  8.2852612e+006  1.1522800e+003  6.2245500e+002
  4.8363762e+005  8.2852696e+006  1.1491400e+003  6.1830500e+002
  4.8365605e+005  8.2852802e+006  1.1446800e+003  6.1719500e+002
  4.8367506e+005  8.2852909e+006  1.1403900e+003  6.1758000e+002
  4.8369031e+005  8.2852978e+006  1.1369000e+003  6.2042000e+002
  4.8371251e+005  8.2853060e+006  1.1316200e+003  6.2814500e+002
  4.8373309e+005  8.2853127e+006  1.1269100e+003  6.3630500e+002
  4.8375385e+005  8.2853188e+006  1.1224800e+003  6.3999000e+002
  4.8377857e+005  8.2853255e+006  1.1170600e+003  6.4691500e+002
  4.8379944e+005  8.2853304e+006  1.1130500e+003  6.5726500e+002
  4.8382184e+005  8.2853356e+006  1.1086800e+003  6.6309000e+002
  4.8384735e+005  8.2853399e+006  1.1037000e+003  6.5825500e+002
  4.8387054e+005  8.2853442e+006  1.0995600e+003  6.5076500e+002
  4.8389454e+005  8.2853480e+006  1.0946200e+003  6.5414000e+002
  4.8392244e+005  8.2853508e+006  1.0895200e+003  6.6348000e+002
  4.8394537e+005  8.2853522e+006  1.0856700e+003  6.7413000e+002
  4.8396811e+005  8.2853528e+006  1.0820400e+003  6.9222000e+002
  4.8399169e+005  8.2853517e+006  1.0785200e+003  7.1484000e+002
  4.8400966e+005  8.2853476e+006  1.0757600e+003  7.2778500e+002
  4.8402829e+005  8.2853456e+006  1.0734100e+003  7.4641500e+002
  4.8405014e+005  8.2853466e+006  1.0713100e+003  7.7599000e+002
  4.8406609e+005  8.2853498e+006  1.0693800e+003  8.0263500e+002
  4.8407388e+005  8.2853507e+006  1.0684100e+003  8.1545500e+002
  4.8407387e+005  8.2853507e+006  1.0684200e+003  8.1840000e+002
  4.8407414e+005  8.2853508e+006  1.0683400e+003  8.1745000e+002
  4.8407755e+005  8.2853505e+006  1.0677400e+003  8.2057000e+002
  4.8408242e+005  8.2853452e+006  1.0666100e+003  8.2596500e+002
  4.8408339e+005  8.2853346e+006  1.0654000e+003  8.1823500e+002
  4.8408117e+005  8.2853247e+006  1.0649700e+003  7.9313500e+002
  4.8407840e+005  8.2853159e+006  1.0645800e+003  7.5544000e+002
  4.8406122e+005  8.2852464e+006  1.0580500e+003  5.2999000e+002
  4.8405697e+005  8.2852453e+006  1.0580500e+003  5.1750500e+002
  4.8405201e+005  8.2852441e+006  1.0580500e+003  5.0362500e+002
  4.8403898e+005  8.2852489e+006  1.0660700e+003  4.9428000e+002
  4.8402689e+005  8.2852529e+006  1.0689400e+003  4.9281500e+002
  4.8400706e+005  8.2852614e+006  1.0733500e+003  4.9923000e+002
  4.8398953e+005  8.2852663e+006  1.0769700e+003  5.0834500e+002
  4.8397289e+005  8.2852712e+006  1.0802600e+003  5.1818500e+002
  4.8395792e+005  8.2852774e+006  1.0834700e+003  5.2856500e+002
  4.8394143e+005  8.2852826e+006  1.0866100e+003  5.3344500e+002
  4.8391982e+005  8.2852878e+006  1.0913300e+003  5.3764000e+002
  4.8389114e+005  8.2852907e+006  1.0968700e+003  5.4876000e+002
  4.8386764e+005  8.2852912e+006  1.1013300e+003  5.6969000e+002
  4.8384452e+005  8.2852921e+006  1.1055000e+003  5.8643000e+002
  4.8381821e+005  8.2852918e+006  1.1105100e+003  5.8785500e+002
  4.8379349e+005  8.2852901e+006  1.1149200e+003  5.8838000e+002
  4.8376868e+005  8.2852890e+006  1.1201200e+003  5.9281000e+002
  4.8373945e+005  8.2852848e+006  1.1264800e+003  5.9206500e+002
  4.8371524e+005  8.2852795e+006  1.1318100e+003  5.8707000e+002
  4.8369180e+005  8.2852727e+006  1.1372500e+003  5.8277500e+002
  4.8366685e+005  8.2852618e+006  1.1428900e+003  5.8054500e+002
  4.8364695e+005  8.2852504e+006  1.1477400e+003  5.8334500e+002
  4.8362721e+005  8.2852385e+006  1.1522700e+003  5.9510500e+002
  4.8360459e+005  8.2852256e+006  1.1568600e+003  6.0758500e+002
  4.8358558e+005  8.2852149e+006  1.1608100e+003  6.1402000e+002
  4.8356572e+005  8.2852060e+006  1.1644000e+003  6.1740500e+002
  4.8354383e+005  8.2851944e+006  1.1688500e+003  6.1802500e+002
  4.8352496e+005  8.2851827e+006  1.1729900e+003  6.1211000e+002
  4.8350623e+005  8.2851697e+006  1.1771500e+003  6.0740000e+002
  4.8349296e+005  8.2851589e+006  1.1801900e+003  6.0402000e+002
  4.8347948e+005  8.2851474e+006  1.1833100e+003  6.0523000e+002
  4.8346348e+005  8.2851320e+006  1.1875100e+003  6.1174000e+002
  4.8345122e+005  8.2851193e+006  1.1905200e+003  6.1768000e+002
  4.8343910e+005  8.2851055e+006  1.1938700e+003  6.1886000e+002
  4.8342661e+005  8.2850898e+006  1.1972600e+003  6.1852000e+002
  4.8341384e+005  8.2850735e+006  1.2006800e+003  6.2153500e+002
  4.8340358e+005  8.2850580e+006  1.2037500e+003  6.2462500e+002
  4.8339259e+005  8.2850424e+006  1.2065900e+003  6.2561500e+002
  4.8338396e+005  8.2850283e+006  1.2092500e+003  6.2825000e+002
  4.8337513e+005  8.2850128e+006  1.2117900e+003  6.3131500e+002
  4.8336380e+005  8.2849936e+006  1.2153600e+003  6.3419500e+002
  4.8335425e+005  8.2849780e+006  1.2168100e+003  6.3979500e+002
  4.8334715e+005  8.2849629e+006  1.2220500e+003  6.4909500e+002
  4.8333879e+005  8.2849460e+006  1.2238900e+003  6.5566500e+002
  4.8333188e+005  8.2849323e+006  1.2259800e+003  6.6056500e+002
  4.8332420e+005  8.2849172e+006  1.2282500e+003  6.6777500e+002
  4.8331611e+005  8.2848984e+006  1.2309000e+003  6.7515000e+002
  4.8330939e+005  8.2848812e+006  1.2330900e+003  6.8513500e+002
  4.8330258e+005  8.2848656e+006  1.2350600e+003  6.9987000e+002
  4.8329408e+005  8.2848462e+006  1.2373500e+003  7.1102500e+002
  4.8328659e+005  8.2848319e+006  1.2390100e+003  7.1937000e+002
  4.8327943e+005  8.2848180e+006  1.2405300e+003  7.3035500e+002
  4.8327135e+005  8.2848018e+006  1.2422800e+003  7.4194000e+002
  4.8326493e+005  8.2847871e+006  1.2437800e+003  7.5051000e+002
  4.8325857e+005  8.2847737e+006  1.2450000e+003  7.5609500e+002
  4.8325307e+005  8.2847627e+006  1.2459200e+003  7.5957500e+002
  4.8324975e+005  8.2847559e+006  1.2460700e+003  7.6894500e+002
  4.8324340e+005  8.2847467e+006  1.2468000e+003  7.7270500e+002
  4.8323533e+005  8.2847365e+006  1.2476300e+003  7.8095000e+002
  4.8322530e+005  8.2847239e+006  1.2479000e+003  7.8795000e+002
  4.8321694e+005  8.2847153e+006  1.2484300e+003  7.9525500e+002
  4.8321104e+005  8.2847093e+006  1.2489300e+003  8.0158000e+002
  4.8320052e+005  8.2846990e+006  1.2495700e+003  8.0982000e+002
  4.8318897e+005  8.2846888e+006  1.2503700e+003  8.2734000e+002
  4.8317685e+005  8.2846777e+006  1.2512100e+003  8.3906500e+002
  4.8316372e+005  8.2846653e+006  1.2524800e+003  8.3819500e+002
  4.8315393e+005  8.2846557e+006  1.2534300e+003  8.3720500e+002
  4.8314433e+005  8.2846468e+006  1.2546300e+003  8.3931000e+002
  4.8313267e+005  8.2846372e+006  1.2558700e+003  8.4386500e+002
  4.8312073e+005  8.2846283e+006  1.2570200e+003  8.5183500e+002
  4.8310811e+005  8.2846189e+006  1.2584800e+003  8.5882500e+002
  4.8309302e+005  8.2846089e+006  1.2598400e+003  8.6443500e+002
  4.8307993e+005  8.2846013e+006  1.2610800e+003  8.7475500e+002
  4.8306637e+005  8.2845947e+006  1.2623800e+003  8.8813000e+002
  4.8305065e+005  8.2845881e+006  1.2638600e+003  8.9305500e+002
  4.8303650e+005  8.2845824e+006  1.2649900e+003  8.8979000e+002
  4.8302271e+005  8.2845767e+006  1.2663100e+003  8.8314500e+002
  4.8300380e+005  8.2845682e+006  1.2681000e+003  8.7493500e+002
  4.8298675e+005  8.2845615e+006  1.2694500e+003  8.6579500e+002
  4.8297063e+005  8.2845544e+006  1.2709700e+003  8.5916500e+002
  4.8295259e+005  8.2845469e+006  1.2726700e+003  8.5424000e+002
  4.8293714e+005  8.2845403e+006  1.2742000e+003  8.5005500e+002
  4.8292071e+005  8.2845335e+006  1.2758000e+003  8.4699500e+002
  4.8290164e+005  8.2845257e+006  1.2775700e+003  8.4479500e+002
  4.8288647e+005  8.2845197e+006  1.2791000e+003  8.4143000e+002
  4.8287133e+005  8.2845135e+006  1.2806400e+003  8.3444500e+002
  4.8285411e+005  8.2845073e+006  1.2824600e+003  8.2955000e+002
  4.8283756e+005  8.2845013e+006  1.2844300e+003  8.2730500e+002
  4.8282176e+005  8.2844950e+006  1.2864400e+003  8.2081500e+002
  4.8280343e+005  8.2844876e+006  1.2888900e+003  8.1236000e+002
  4.8278992e+005  8.2844826e+006  1.2940000e+003  8.0609500e+002
  4.8277630e+005  8.2844771e+006  1.2964100e+003  8.0306500e+002
  4.8276103e+005  8.2844704e+006  1.2986800e+003  8.0198500e+002
  4.8274634e+005  8.2844646e+006  1.3012600e+003  8.0247000e+002
  4.8273186e+005  8.2844585e+006  1.3035500e+003  8.0749500e+002
  4.8271417e+005  8.2844512e+006  1.3063800e+003  8.1307500e+002
  4.8269931e+005  8.2844449e+006  1.3086700e+003  8.2004000e+002
  4.8268526e+005  8.2844383e+006  1.3106800e+003  8.3423500e+002
  4.8266976e+005  8.2844308e+006  1.3128400e+003  8.4794000e+002
  4.8265624e+005  8.2844240e+006  1.3146700e+003  8.6485500e+002
  4.8264029e+005  8.2844155e+006  1.3167100e+003  8.8545500e+002
  4.8262700e+005  8.2844078e+006  1.3188600e+003  9.0993000e+002
  4.8261479e+005  8.2843992e+006  1.3204700e+003  9.3136500e+002
  4.8260122e+005  8.2843882e+006  1.3226000e+003  9.4747000e+002
  4.8259019e+005  8.2843783e+006  1.3242300e+003  9.6181000e+002
  4.8257980e+005  8.2843690e+006  1.3256400e+003  9.7262500e+002
  4.8256742e+005  8.2843578e+006  1.3273300e+003  9.8139500e+002
  4.8255704e+005  8.2843480e+006  1.3288100e+003  9.9111000e+002
  4.8254727e+005  8.2843380e+006  1.3301100e+003  9.9743500e+002
  4.8253800e+005  8.2843285e+006  1.3314000e+003  9.9966000e+002
  4.8252921e+005  8.2843197e+006  1.3322200e+003  1.0113600e+003
  4.8252146e+005  8.2843133e+006  1.3331300e+003  1.0183700e+003
  4.8251140e+005  8.2843058e+006  1.3342600e+003  1.0245500e+003
  4.8249816e+005  8.2842977e+006  1.3355700e+003  1.0311750e+003
  4.8248595e+005  8.2842901e+006  1.3368000e+003  1.0407200e+003
  4.8247309e+005  8.2842819e+006  1.3381000e+003  1.0485550e+003
  4.8245761e+005  8.2842715e+006  1.3398700e+003  1.0573200e+003
  4.8244273e+005  8.2842617e+006  1.3413800e+003  1.0696450e+003
  4.8242756e+005  8.2842516e+006  1.3429300e+003  1.0807400e+003
  4.8241325e+005  8.2842406e+006  1.3445600e+003  1.0925750e+003
  4.8240112e+005  8.2842302e+006  1.3458100e+003  1.1063950e+003
  4.8238723e+005  8.2842175e+006  1.3473500e+003  1.1090250e+003
  4.8236959e+005  8.2842015e+006  1.3492400e+003  1.1051200e+003
  4.8235484e+005  8.2841898e+006  1.3505400e+003  1.1022300e+003
  4.8233908e+005  8.2841791e+006  1.3518100e+003  1.0988300e+003
  4.8231948e+005  8.2841662e+006  1.3533500e+003  1.0975600e+003
  4.8230130e+005  8.2841543e+006  1.3548300e+003  1.0963600e+003
  4.8228232e+005  8.2841419e+006  1.3563600e+003  1.0887650e+003
  4.8226009e+005  8.2841274e+006  1.3582000e+003  1.0724700e+003
  4.8224186e+005  8.2841159e+006  1.3597700e+003  1.0474950e+003
  4.8222408e+005  8.2841053e+006  1.3614400e+003  1.0249200e+003
  4.8220270e+005  8.2840936e+006  1.3634900e+003  1.0063350e+003
  4.8218233e+005  8.2840828e+006  1.3657400e+003  9.9021000e+002
  4.8216323e+005  8.2840731e+006  1.3677100e+003  9.7997000e+002
  4.8214176e+005  8.2840626e+006  1.3699900e+003  9.6965000e+002
  4.8212436e+005  8.2840537e+006  1.3718200e+003  9.5328000e+002
  4.8210525e+005  8.2840439e+006  1.3736800e+003  9.3389000e+002
  4.8208676e+005  8.2840344e+006  1.3755400e+003  9.1372000e+002
  4.8206674e+005  8.2840246e+006  1.3774900e+003  8.9616000e+002
  4.8204384e+005  8.2840127e+006  1.3799300e+003  8.7921500e+002
  4.8202600e+005  8.2840037e+006  1.3818300e+003  8.6385000e+002
  4.8200808e+005  8.2839946e+006  1.3836000e+003  8.4786500e+002
  4.8198681e+005  8.2839836e+006  1.3857700e+003  8.2757500e+002
  4.8196890e+005  8.2839746e+006  1.3876200e+003  8.0163000e+002
  4.8195113e+005  8.2839665e+006  1.3894400e+003  7.8049000e+002
  4.8192793e+005  8.2839570e+006  1.3917000e+003  7.6494000e+002
  4.8190846e+005  8.2839492e+006  1.3935200e+003  7.5172500e+002
  4.8188894e+005  8.2839413e+006  1.3953400e+003  7.4512500e+002
  4.8186607e+005  8.2839324e+006  1.3974300e+003  7.4271000e+002
  4.8184698e+005  8.2839251e+006  1.3990600e+003  7.4363500e+002
  4.8182770e+005  8.2839177e+006  1.4006400e+003  7.4599000e+002
  4.8180391e+005  8.2839082e+006  1.4026100e+003  7.5014500e+002
  4.8178511e+005  8.2839010e+006  1.4041100e+003  7.5827000e+002
  4.8176659e+005  8.2838940e+006  1.4054600e+003  7.6575500e+002
  4.8174591e+005  8.2838865e+006  1.4070700e+003  7.7074500e+002
  4.8172670e+005  8.2838803e+006  1.4085900e+003  7.7542000e+002
  4.8170740e+005  8.2838736e+006  1.4097900e+003  7.8152500e+002
  4.8168751e+005  8.2838675e+006  1.4112800e+003  7.8985500e+002
  4.8167160e+005  8.2838629e+006  1.4124800e+003  7.9783500e+002
  4.8165500e+005  8.2838583e+006  1.4137200e+003  8.0262000e+002
  4.8163544e+005  8.2838534e+006  1.4150100e+003  8.0689500e+002
  4.8161901e+005  8.2838488e+006  1.4161300e+003  8.0746500e+002
  4.8160282e+005  8.2838448e+006  1.4173800e+003  8.0451000e+002
  4.8158187e+005  8.2838390e+006  1.4189700e+003  8.0540500e+002
  4.8156390e+005  8.2838345e+006  1.4205300e+003  8.0928000e+002
  4.8154516e+005  8.2838295e+006  1.4219200e+003  8.1098000e+002
  4.8152457e+005  8.2838237e+006  1.4236200e+003  8.1128000e+002
  4.8150723e+005  8.2838193e+006  1.4251700e+003  8.1195000e+002
  4.8149023e+005  8.2838150e+006  1.4265600e+003  8.1524500e+002
  4.8147049e+005  8.2838095e+006  1.4280900e+003  8.1874500e+002
  4.8145371e+005  8.2838047e+006  1.4295900e+003  8.2029000e+002
  4.8143796e+005  8.2837994e+006  1.4312300e+003  8.2361000e+002
  4.8142036e+005  8.2837931e+006  1.4325700e+003  8.2959000e+002
  4.8140511e+005  8.2837872e+006  1.4338400e+003  8.3653500e+002
  4.8138954e+005  8.2837810e+006  1.4350200e+003  8.4315500e+002
  4.8137091e+005  8.2837730e+006  1.4364400e+003  8.5005500e+002
  4.8135488e+005  8.2837662e+006  1.4376000e+003  8.5884500e+002
  4.8133869e+005  8.2837593e+006  1.4388200e+003  8.6772000e+002
  4.8132045e+005  8.2837518e+006  1.4398900e+003  8.7853000e+002
  4.8130430e+005  8.2837450e+006  1.4407400e+003  8.9479500e+002
  4.8128522e+005  8.2837364e+006  1.4415100e+003  9.0678500e+002
  4.8126852e+005  8.2837292e+006  1.4421400e+003  9.1812500e+002
  4.8125205e+005  8.2837213e+006  1.4424500e+003  9.3116000e+002
  4.8123381e+005  8.2837120e+006  1.4424800e+003  9.4532000e+002
  4.8121754e+005  8.2837030e+006  1.4425500e+003  9.6135000e+002
  4.8120127e+005  8.2836933e+006  1.4424000e+003  9.8044000e+002
  4.8118138e+005  8.2836816e+006  1.4422700e+003  1.0026200e+003
  4.8116425e+005  8.2836713e+006  1.4417900e+003  1.0289050e+003
  4.8114703e+005  8.2836609e+006  1.4415400e+003  1.0553450e+003
  4.8112681e+005  8.2836498e+006  1.4412200e+003  1.0796950e+003
  4.8110864e+005  8.2836402e+006  1.4407900e+003  1.1080350e+003
  4.8109038e+005  8.2836307e+006  1.4402800e+003  1.1405350e+003
  4.8106704e+005  8.2836177e+006  1.4395100e+003  1.1745450e+003
  4.8104706e+005  8.2836065e+006  1.4387400e+003  1.1954250e+003
  4.8102664e+005  8.2835954e+006  1.4380800e+003  1.1965400e+003
  4.8100375e+005  8.2835826e+006  1.4370800e+003  1.1989550e+003
  4.8098404e+005  8.2835718e+006  1.4362700e+003  1.2024400e+003
  4.8096571e+005  8.2835620e+006  1.4356000e+003  1.2061100e+003
  4.8095092e+005  8.2835538e+006  1.4349600e+003  1.2085300e+003
  4.8094732e+005  8.2835519e+006  1.4348000e+003  1.2099200e+003
  4.8094735e+005  8.2835522e+006  1.4354800e+003  1.2101400e+003
  4.8094733e+005  8.2835522e+006  1.4354500e+003  1.2104200e+003
  4.8094350e+005  8.2835503e+006  1.4353400e+003  1.2112650e+003
  4.8093353e+005  8.2835453e+006  1.4349800e+003  1.2123400e+003
  4.8091996e+005  8.2835383e+006  1.4343500e+003  1.2142300e+003
  4.8090693e+005  8.2835318e+006  1.4339000e+003  1.2177100e+003
  4.8089287e+005  8.2835244e+006  1.4333100e+003  1.2229350e+003
  4.8087277e+005  8.2835141e+006  1.4325500e+003  1.2297550e+003
  4.8085205e+005  8.2835034e+006  1.4316700e+003  1.2374850e+003
  4.8082631e+005  8.2834900e+006  1.4307700e+003  1.2454300e+003
  4.8079616e+005  8.2834740e+006  1.4296300e+003  1.2524000e+003
  4.8077334e+005  8.2834618e+006  1.4289900e+003  1.2575500e+003
  4.8074916e+005  8.2834483e+006  1.4279000e+003  1.2597100e+003
  4.8071847e+005  8.2834318e+006  1.4265700e+003  1.2586250e+003
  4.8069231e+005  8.2834191e+006  1.4255600e+003  1.2532550e+003
  4.8066638e+005  8.2834072e+006  1.4244900e+003  1.2441900e+003
  4.8063376e+005  8.2833925e+006  1.4230800e+003  1.2371900e+003
  4.8060779e+005  8.2833811e+006  1.4220900e+003  1.2339250e+003
  4.8057994e+005  8.2833690e+006  1.4206800e+003  1.2338150e+003
  4.8054525e+005  8.2833543e+006  1.4188300e+003  1.2343400e+003
  4.8051646e+005  8.2833423e+006  1.4172800e+003  1.2372500e+003
  4.8048855e+005  8.2833307e+006  1.4157900e+003  1.2400650e+003
  4.8045485e+005  8.2833163e+006  1.4139000e+003  1.2433500e+003
  4.8042568e+005  8.2833036e+006  1.4122200e+003  1.2497400e+003
  4.8039237e+005  8.2832895e+006  1.4105400e+003  1.2516600e+003
  4.8036353e+005  8.2832769e+006  1.4092600e+003  1.2510850e+003
  4.8033663e+005  8.2832650e+006  1.4082200e+003  1.2539850e+003
  4.8030548e+005  8.2832513e+006  1.4071000e+003  1.2599950e+003
  4.8027773e+005  8.2832396e+006  1.4063200e+003  1.2656500e+003
  4.8025045e+005  8.2832285e+006  1.4057100e+003  1.2713300e+003
  4.8021828e+005  8.2832153e+006  1.4050400e+003  1.2830700e+003
  4.8019224e+005  8.2832046e+006  1.4046600e+003  1.2995100e+003
  4.8016456e+005  8.2831932e+006  1.4044000e+003  1.3170550e+003
  4.8013397e+005  8.2831809e+006  1.4040800e+003  1.3321400e+003
  4.8011004e+005  8.2831713e+006  1.4039900e+003  1.3441400e+003
  4.8008549e+005  8.2831615e+006  1.4037800e+003  1.3585950e+003
  4.8005660e+005  8.2831503e+006  1.4036100e+003  1.3693750e+003
  4.8003272e+005  8.2831409e+006  1.4034600e+003  1.3654300e+003
  4.8001029e+005  8.2831321e+006  1.4032400e+003  1.3386900e+003
  4.7998440e+005  8.2831216e+006  1.4030800e+003  1.3106750e+003
  4.7996245e+005  8.2831140e+006  1.4028600e+003  1.2889700e+003
  4.7994218e+005  8.2831071e+006  1.4026400e+003  1.2728250e+003
  4.7991698e+005  8.2830991e+006  1.4022300e+003  1.2558350e+003
  4.7989587e+005  8.2830927e+006  1.4019300e+003  1.2351200e+003
  4.7987521e+005  8.2830871e+006  1.4015000e+003  1.2162100e+003
  4.7985006e+005  8.2830797e+006  1.4010500e+003  1.1997000e+003
  4.7982940e+005  8.2830734e+006  1.4004600e+003  1.1813400e+003
  4.7980988e+005  8.2830675e+006  1.3999800e+003  1.1579400e+003
  4.7978699e+005  8.2830612e+006  1.3992500e+003  1.1348300e+003
  4.7976522e+005  8.2830547e+006  1.3983900e+003  1.1137000e+003
  4.7974353e+005  8.2830478e+006  1.3976300e+003  1.0925300e+003
  4.7971957e+005  8.2830392e+006  1.3965000e+003  1.0731500e+003
  4.7969836e+005  8.2830312e+006  1.3957700e+003  1.0595450e+003
  4.7967623e+005  8.2830228e+006  1.3948400e+003  1.0433800e+003
  4.7965021e+005  8.2830135e+006  1.3937500e+003  1.0239900e+003
  4.7962521e+005  8.2830065e+006  1.3924900e+003  1.0077650e+003
  4.7960070e+005  8.2830019e+006  1.3911400e+003  9.9797000e+002
  4.7957428e+005  8.2829968e+006  1.3895300e+003  9.9072000e+002
  4.7954843e+005  8.2829916e+006  1.3880000e+003  9.8403500e+002
  4.7952333e+005  8.2829878e+006  1.3869200e+003  9.7746000e+002
  4.7949488e+005  8.2829833e+006  1.3853700e+003  9.6906500e+002
  4.7947235e+005  8.2829795e+006  1.3840700e+003  9.5846500e+002
  4.7944900e+005  8.2829743e+006  1.3826000e+003  9.4704500e+002
  4.7942588e+005  8.2829679e+006  1.3812900e+003  9.3521000e+002
  4.7941281e+005  8.2829642e+006  1.3804500e+003  9.2318000e+002
  4.7940504e+005  8.2829620e+006  1.3797900e+003  9.1405500e+002
  4.7939585e+005  8.2829596e+006  1.3792600e+003  9.0812500e+002
  4.7938395e+005  8.2829564e+006  1.3785700e+003  8.9939000e+002
  4.7937666e+005  8.2829545e+006  1.3779300e+003  8.9344500e+002
  4.7937650e+005  8.2829544e+006  1.3778400e+003  8.9062500e+002
  4.7937169e+005  8.2829532e+006  1.3775500e+003  8.8477000e+002
  4.7935691e+005  8.2829505e+006  1.3763300e+003  8.7551500e+002
  4.7934143e+005  8.2829476e+006  1.3755300e+003  8.6448000e+002
  4.7932542e+005  8.2829445e+006  1.3744700e+003  8.5229500e+002
  4.7930806e+005  8.2829410e+006  1.3732000e+003  8.3824500e+002
  4.7928898e+005  8.2829370e+006  1.3719500e+003  8.2630000e+002
  4.7926875e+005  8.2829326e+006  1.3703500e+003  8.1444000e+002
  4.7924799e+005  8.2829279e+006  1.3689600e+003  7.9763000e+002
  4.7922191e+005  8.2829226e+006  1.3670500e+003  7.8266500e+002
  4.7920019e+005  8.2829191e+006  1.3656000e+003  7.7044000e+002
  4.7917872e+005  8.2829153e+006  1.3641700e+003  7.5936000e+002
  4.7915759e+005  8.2829121e+006  1.3626200e+003  7.4831500e+002
  4.7913659e+005  8.2829084e+006  1.3611900e+003  7.3880500e+002
  4.7911552e+005  8.2829046e+006  1.3589100e+003  7.3048000e+002
  4.7909500e+005  8.2829007e+006  1.3570500e+003  7.2048000e+002
  4.7907223e+005  8.2828969e+006  1.3551100e+003  7.1305500e+002
  4.7905194e+005  8.2828937e+006  1.3533300e+003  7.0981000e+002
  4.7903162e+005  8.2828903e+006  1.3514900e+003  7.0801000e+002
  4.7901129e+005  8.2828871e+006  1.3496000e+003  7.0594000e+002
  4.7899135e+005  8.2828842e+006  1.3476600e+003  7.0618000e+002
  4.7897163e+005  8.2828811e+006  1.3456300e+003  7.0823500e+002
  4.7894797e+005  8.2828772e+006  1.3432400e+003  7.0923000e+002
  4.7892774e+005  8.2828740e+006  1.3412200e+003  7.1152000e+002
  4.7890645e+005  8.2828706e+006  1.3389300e+003  7.1395500e+002
  4.7888530e+005  8.2828671e+006  1.3369200e+003  7.1416500e+002
  4.7886454e+005  8.2828636e+006  1.3347800e+003  7.1545500e+002
  4.7884322e+005  8.2828600e+006  1.3327600e+003  7.1716500e+002
  4.7882222e+005  8.2828562e+006  1.3307700e+003  7.1510500e+002
  4.7879934e+005  8.2828516e+006  1.3283800e+003  7.1095000e+002
  4.7877930e+005  8.2828481e+006  1.3264400e+003  7.0618000e+002
  4.7875937e+005  8.2828446e+006  1.3243200e+003  7.0224500e+002
  4.7874167e+005  8.2828408e+006  1.3221500e+003  6.9807500e+002
  4.7872960e+005  8.2828382e+006  1.3207200e+003  6.9495500e+002
  4.7872847e+005  8.2828379e+006  1.3206000e+003  6.9378000e+002
  4.7872846e+005  8.2828379e+006  1.3206000e+003  6.9368500e+002
  4.7871803e+005  8.2828347e+006  1.3190900e+003  6.9245000e+002
  4.7870746e+005  8.2828318e+006  1.3177400e+003  6.9189000e+002
  4.7869523e+005  8.2828278e+006  1.3159900e+003  6.9228000e+002
  4.7868313e+005  8.2828212e+006  1.3138100e+003  6.9601500e+002
  4.7866820e+005  8.2828114e+006  1.3107600e+003  7.0350500e+002
  4.7865401e+005  8.2828020e+006  1.3077000e+003  7.2009500e+002
  4.7863795e+005  8.2827915e+006  1.3042100e+003  7.5005500e+002
  4.7862107e+005  8.2827805e+006  1.3003300e+003  7.9229000e+002
  4.7860357e+005  8.2827691e+006  1.2962600e+003  8.5123500e+002
  4.7858482e+005  8.2827569e+006  1.2918400e+003  9.1570500e+002
  4.7856501e+005  8.2827438e+006  1.2877500e+003  9.7888500e+002
  4.7854133e+005  8.2827279e+006  1.2828800e+003  1.0447800e+003
  4.7851985e+005  8.2827144e+006  1.2793700e+003  1.1159400e+003
  4.7849876e+005  8.2827011e+006  1.2762600e+003  1.1618550e+003
  4.7847913e+005  8.2826885e+006  1.2739300e+003  1.1902750e+003
  4.7846082e+005  8.2826768e+006  1.2720700e+003  1.2118050e+003
  4.7844352e+005  8.2826651e+006  1.2702700e+003  1.2331800e+003
  4.7842631e+005  8.2826559e+006  1.2691700e+003  1.2550250e+003
  4.7840462e+005  8.2826507e+006  1.2678800e+003  1.2704800e+003
  4.7838659e+005  8.2826494e+006  1.2672100e+003  1.2848600e+003
  4.7836849e+005  8.2826500e+006  1.2666100e+003  1.3016200e+003
  4.7835075e+005  8.2826504e+006  1.2660400e+003  1.3206100e+003
  4.7833359e+005  8.2826500e+006  1.2654300e+003  1.3354150e+003
  4.7831540e+005  8.2826499e+006  1.2648400e+003  1.3495700e+003
  4.7829311e+005  8.2826502e+006  1.2642400e+003  1.3643650e+003
  4.7827332e+005  8.2826505e+006  1.2630900e+003  1.3803600e+003
  4.7825337e+005  8.2826512e+006  1.2623800e+003  1.3934200e+003
  4.7823388e+005  8.2826519e+006  1.2614600e+003  1.4035550e+003
  4.7821416e+005  8.2826530e+006  1.2607400e+003  1.4149450e+003
  4.7819402e+005  8.2826537e+006  1.2599100e+003  1.4301550e+003
  4.7817334e+005  8.2826543e+006  1.2588300e+003  1.4500450e+003
  4.7814816e+005  8.2826549e+006  1.2578000e+003  1.4688050e+003
  4.7812714e+005  8.2826553e+006  1.2568800e+003  1.4811450e+003
  4.7810608e+005  8.2826559e+006  1.2559300e+003  1.4801300e+003
  4.7808399e+005  8.2826569e+006  1.2551700e+003  1.4754800e+003
  4.7805905e+005  8.2826581e+006  1.2541000e+003  1.4773450e+003
  4.7803307e+005  8.2826593e+006  1.2530800e+003  1.4873100e+003
  4.7800696e+005  8.2826610e+006  1.2517800e+003  1.5001300e+003
  4.7797693e+005  8.2826634e+006  1.2506600e+003  1.5073550e+003
  4.7795111e+005  8.2826649e+006  1.2497700e+003  1.5150300e+003
  4.7792661e+005  8.2826660e+006  1.2489600e+003  1.5294150e+003
  4.7790284e+005  8.2826675e+006  1.2484400e+003  1.5518400e+003
  4.7788099e+005  8.2826694e+006  1.2485800e+003  1.5773300e+003
  4.7785967e+005  8.2826709e+006  1.2487200e+003  1.6017100e+003
  4.7783545e+005  8.2826715e+006  1.2488800e+003  1.6193450e+003
  4.7781561e+005  8.2826714e+006  1.2491000e+003  1.6321950e+003
  4.7779606e+005  8.2826700e+006  1.2488900e+003  1.6412400e+003
  4.7777630e+005  8.2826679e+006  1.2488600e+003  1.6457900e+003
  4.7775688e+005  8.2826648e+006  1.2484600e+003  1.6431800e+003
  4.7773965e+005  8.2826614e+006  1.2482100e+003  1.6388950e+003
  4.7772340e+005  8.2826598e+006  1.2485700e+003  1.6368050e+003
  4.7770528e+005  8.2826575e+006  1.2478400e+003  1.6348050e+003
  4.7768889e+005  8.2826545e+006  1.2478600e+003  1.6311750e+003
  4.7767158e+005  8.2826518e+006  1.2477200e+003  1.6275100e+003
  4.7765348e+005  8.2826491e+006  1.2473600e+003  1.6273000e+003
  4.7763537e+005  8.2826466e+006  1.2463600e+003  1.6277000e+003
  4.7761635e+005  8.2826446e+006  1.2457700e+003  1.6240700e+003
  4.7759627e+005  8.2826423e+006  1.2453700e+003  1.6192750e+003
  4.7757174e+005  8.2826395e+006  1.2443100e+003  1.6142250e+003
  4.7755315e+005  8.2826373e+006  1.2438300e+003  1.6081350e+003
  4.7753725e+005  8.2826357e+006  1.2433700e+003  1.6042550e+003
  4.7752936e+005  8.2826352e+006  1.2431800e+003  1.6024300e+003
  4.7752817e+005  8.2826352e+006  1.2431000e+003  1.6025250e+003
  4.7752816e+005  8.2826352e+006  1.2431100e+003  1.6022750e+003
  4.7752148e+005  8.2826352e+006  1.2423600e+003  1.5992800e+003
  4.7750536e+005  8.2826373e+006  1.2422000e+003  1.5957900e+003
  4.7749103e+005  8.2826412e+006  1.2421800e+003  1.5923100e+003
  4.7747657e+005  8.2826460e+006  1.2415700e+003  1.5883150e+003
  4.7746203e+005  8.2826514e+006  1.2408700e+003  1.5846100e+003
  4.7744647e+005  8.2826560e+006  1.2407000e+003  1.5818450e+003
  4.7743023e+005  8.2826596e+006  1.2404000e+003  1.5799950e+003
  4.7741067e+005  8.2826628e+006  1.2398400e+003  1.5758800e+003
  4.7739074e+005  8.2826657e+006  1.2393300e+003  1.5681700e+003
  4.7736843e+005  8.2826689e+006  1.2386600e+003  1.5615250e+003
  4.7734583e+005  8.2826717e+006  1.2379100e+003  1.5572450e+003
  4.7732332e+005  8.2826745e+006  1.2369100e+003  1.5555550e+003
  4.7730059e+005  8.2826774e+006  1.2358500e+003  1.5546900e+003
  4.7727782e+005  8.2826802e+006  1.2349700e+003  1.5544700e+003
  4.7725068e+005  8.2826848e+006  1.2338800e+003  1.5538650e+003
  4.7722865e+005  8.2826908e+006  1.2328400e+003  1.5531150e+003
  4.7720722e+005  8.2826991e+006  1.2319900e+003  1.5508300e+003
  4.7718637e+005  8.2827079e+006  1.2310900e+003  1.5469900e+003
  4.7716649e+005  8.2827181e+006  1.2303500e+003  1.5430900e+003
  4.7714742e+005  8.2827297e+006  1.2294700e+003  1.5401500e+003
  4.7712831e+005  8.2827417e+006  1.2284600e+003  1.5357150e+003
  4.7710661e+005  8.2827558e+006  1.2272100e+003  1.5303050e+003
  4.7708786e+005  8.2827690e+006  1.2261300e+003  1.5277850e+003
  4.7706965e+005  8.2827827e+006  1.2250800e+003  1.5303500e+003
  4.7705109e+005  8.2827958e+006  1.2239200e+003  1.5379600e+003
  4.7703252e+005  8.2828089e+006  1.2226200e+003  1.5505200e+003
  4.7701383e+005  8.2828223e+006  1.2216000e+003  1.5680450e+003
  4.7699167e+005  8.2828384e+006  1.2198400e+003  1.5856450e+003
  4.7697334e+005  8.2828519e+006  1.2187900e+003  1.6033700e+003
  4.7695463e+005  8.2828655e+006  1.2178100e+003  1.6167000e+003
  4.7693528e+005  8.2828791e+006  1.2166700e+003  1.6255200e+003
  4.7691506e+005  8.2828935e+006  1.2153700e+003  1.6339450e+003
  4.7689460e+005  8.2829084e+006  1.2139300e+003  1.6454100e+003
  4.7687414e+005  8.2829241e+006  1.2123600e+003  1.6541000e+003
  4.7685094e+005  8.2829417e+006  1.2104800e+003  1.6590100e+003
  4.7683106e+005  8.2829562e+006  1.2088500e+003  1.6652500e+003
  4.7681163e+005  8.2829704e+006  1.2070600e+003  1.6723550e+003
  4.7679247e+005  8.2829849e+006  1.2053600e+003  1.6809000e+003
  4.7677370e+005  8.2830002e+006  1.2036500e+003  1.6893850e+003
  4.7675492e+005  8.2830146e+006  1.2019700e+003  1.6973550e+003
  4.7673664e+005  8.2830291e+006  1.2002700e+003  1.7069750e+003
  4.7671579e+005  8.2830457e+006  1.1984600e+003  1.7163000e+003
  4.7669979e+005  8.2830588e+006  1.1971700e+003  1.7247200e+003
  4.7668602e+005  8.2830712e+006  1.1959200e+003  1.7255650e+003
  4.7667350e+005  8.2830831e+006  1.1948000e+003  1.7189400e+003
  4.7666212e+005  8.2830945e+006  1.1935600e+003  1.7094550e+003
  4.7665195e+005  8.2831053e+006  1.1926800e+003  1.7008900e+003
  4.7664607e+005  8.2831116e+006  1.1920100e+003  1.6943900e+003
  4.7664298e+005  8.2831149e+006  1.1917100e+003  1.6913250e+003
  4.7664265e+005  8.2831152e+006  1.1916500e+003  1.6905750e+003
  4.7664265e+005  8.2831153e+006  1.1915100e+003  1.6904500e+003
  4.7664212e+005  8.2831159e+006  1.1914500e+003  1.6887200e+003
  4.7663694e+005  8.2831215e+006  1.1909600e+003  1.6836450e+003
  4.7663030e+005  8.2831311e+006  1.1901300e+003  1.6769800e+003
  4.7662300e+005  8.2831426e+006  1.1891600e+003  1.6708150e+003
  4.7661586e+005  8.2831548e+006  1.1881500e+003  1.6634250e+003
  4.7660955e+005  8.2831677e+006  1.1871500e+003  1.6551850e+003
  4.7660342e+005  8.2831806e+006  1.1861400e+003  1.6470100e+003
  4.7659605e+005  8.2831966e+006  1.1847500e+003  1.6387500e+003
  4.7658801e+005  8.2832116e+006  1.1834300e+003  1.6297600e+003
  4.7658001e+005  8.2832277e+006  1.1819600e+003  1.6212750e+003
  4.7657233e+005  8.2832448e+006  1.1805500e+003  1.6119600e+003
  4.7656469e+005  8.2832626e+006  1.1788700e+003  1.6037900e+003
  4.7655702e+005  8.2832825e+006  1.1768500e+003  1.5926350e+003
  4.7654830e+005  8.2833077e+006  1.1748100e+003  1.5788900e+003
  4.7654083e+005  8.2833318e+006  1.1729400e+003  1.5621550e+003
  4.7653302e+005  8.2833561e+006  1.1709200e+003  1.5477150e+003
  4.7652539e+005  8.2833805e+006  1.1690300e+003  1.5412050e+003
  4.7651883e+005  8.2834064e+006  1.1670700e+003  1.5479600e+003
  4.7651305e+005  8.2834334e+006  1.1653200e+003  1.5641250e+003
  4.7650689e+005  8.2834609e+006  1.1635800e+003  1.5817150e+003
  4.7649904e+005  8.2834937e+006  1.1616600e+003  1.5970150e+003
  4.7649220e+005  8.2835205e+006  1.1602600e+003  1.6158450e+003
  4.7648429e+005  8.2835474e+006  1.1588500e+003  1.6326400e+003
  4.7647437e+005  8.2835733e+006  1.1574800e+003  1.6409050e+003
  4.7646431e+005  8.2835993e+006  1.1561700e+003  1.6430150e+003
  4.7645548e+005  8.2836259e+006  1.1548200e+003  1.6476250e+003
  4.7644603e+005  8.2836521e+006  1.1535300e+003  1.6512700e+003
  4.7643570e+005  8.2836835e+006  1.1519100e+003  1.6532950e+003
  4.7642742e+005  8.2837096e+006  1.1505000e+003  1.6596100e+003
  4.7641859e+005  8.2837357e+006  1.1490600e+003  1.6675400e+003
  4.7640915e+005  8.2837621e+006  1.1475900e+003  1.6776000e+003
  4.7639885e+005  8.2837878e+006  1.1462100e+003  1.6900450e+003
  4.7638858e+005  8.2838136e+006  1.1446300e+003  1.6999350e+003
  4.7637754e+005  8.2838400e+006  1.1430800e+003  1.7082450e+003
  4.7636401e+005  8.2838703e+006  1.1413300e+003  1.7162200e+003
  4.7635222e+005  8.2838966e+006  1.1397200e+003  1.7241300e+003
  4.7634068e+005  8.2839221e+006  1.1381900e+003  1.7232850e+003
  4.7632948e+005  8.2839470e+006  1.1363100e+003  1.7123600e+003
  4.7631911e+005  8.2839721e+006  1.1345500e+003  1.6994750e+003
  4.7630913e+005  8.2839963e+006  1.1326600e+003  1.6859950e+003
  4.7629859e+005  8.2840261e+006  1.1302000e+003  1.6751650e+003
  4.7628940e+005  8.2840511e+006  1.1281000e+003  1.6644300e+003
  4.7628061e+005  8.2840764e+006  1.1258200e+003  1.6562300e+003
  4.7627259e+005  8.2841024e+006  1.1234400e+003  1.6458200e+003
  4.7626438e+005  8.2841283e+006  1.1207800e+003  1.6349700e+003
  4.7625603e+005  8.2841541e+006  1.1179900e+003  1.6300550e+003
  4.7624754e+005  8.2841794e+006  1.1150800e+003  1.6272200e+003
  4.7623881e+005  8.2842090e+006  1.1115300e+003  1.6253200e+003
  4.7623102e+005  8.2842350e+006  1.1085300e+003  1.6241700e+003
  4.7622244e+005  8.2842609e+006  1.1054400e+003  1.6292850e+003
  4.7621449e+005  8.2842871e+006  1.1022200e+003  1.6421100e+003
  4.7620743e+005  8.2843152e+006  1.0991600e+003  1.6618500e+003
  4.7620036e+005  8.2843438e+006  1.0960400e+003  1.6954300e+003
  4.7619232e+005  8.2843714e+006  1.0932100e+003  1.7129950e+003
  4.7618121e+005  8.2844029e+006  1.0906600e+003  1.6984600e+003
  4.7617051e+005  8.2844285e+006  1.0891300e+003  1.6738000e+003
  4.7615948e+005  8.2844537e+006  1.0873400e+003  1.6509000e+003
  4.7614887e+005  8.2844789e+006  1.0865000e+003  1.6335100e+003
  4.7613894e+005  8.2845042e+006  1.0859300e+003  1.6229300e+003
  4.7612797e+005  8.2845292e+006  1.0853800e+003  1.6132850e+003
  4.7611531e+005  8.2845585e+006  1.0846300e+003  1.6080050e+003
  4.7610425e+005  8.2845851e+006  1.0838900e+003  1.6096450e+003
  4.7609184e+005  8.2846108e+006  1.0829200e+003  1.6170250e+003
  4.7607954e+005  8.2846353e+006  1.0819200e+003  1.6155500e+003
  4.7606891e+005  8.2846602e+006  1.0809300e+003  1.5821350e+003
  4.7605891e+005  8.2846846e+006  1.0798600e+003  1.5498850e+003
  4.7604931e+005  8.2847093e+006  1.0789100e+003  1.5431700e+003
  4.7603860e+005  8.2847390e+006  1.0772300e+003  1.5401650e+003
  4.7602992e+005  8.2847638e+006  1.0760500e+003  1.5400750e+003
  4.7602125e+005  8.2847885e+006  1.0746300e+003  1.5448750e+003
  4.7601285e+005  8.2848129e+006  1.0731700e+003  1.5499750e+003
  4.7600421e+005  8.2848370e+006  1.0720200e+003  1.5526600e+003
  4.7599646e+005  8.2848611e+006  1.0702900e+003  1.5556450e+003
  4.7598856e+005  8.2848856e+006  1.0687100e+003  1.5585650e+003
  4.7597764e+005  8.2849126e+006  1.0668700e+003  1.5655250e+003
  4.7596731e+005  8.2849353e+006  1.0649100e+003  1.5746500e+003
  4.7595749e+005  8.2849582e+006  1.0631500e+003  1.5795900e+003
  4.7594694e+005  8.2849817e+006  1.0616500e+003  1.5864900e+003
  4.7593541e+005  8.2850075e+006  1.0601100e+003  1.5938500e+003
  4.7592532e+005  8.2850327e+006  1.0580700e+003  1.6022900e+003
  4.7591530e+005  8.2850582e+006  1.0562700e+003  1.6108000e+003
  4.7590319e+005  8.2850874e+006  1.0540400e+003  1.6188400e+003
  4.7589354e+005  8.2851118e+006  1.0521500e+003  1.6293750e+003
  4.7588350e+005  8.2851352e+006  1.0504700e+003  1.6413650e+003
  4.7587287e+005  8.2851588e+006  1.0487700e+003  1.6574200e+003
  4.7586200e+005  8.2851822e+006  1.0471000e+003  1.6773000e+003
  4.7585198e+005  8.2852060e+006  1.0458600e+003  1.6974400e+003
  4.7584193e+005  8.2852345e+006  1.0447000e+003  1.7122150e+003
  4.7583369e+005  8.2852583e+006  1.0435700e+003  1.7281850e+003
  4.7582404e+005  8.2852820e+006  1.0426600e+003  1.7473550e+003
  4.7581595e+005  8.2853063e+006  1.0415700e+003  1.7694400e+003
  4.7580857e+005  8.2853304e+006  1.0402500e+003  1.7898500e+003
  4.7580020e+005  8.2853542e+006  1.0390800e+003  1.7986550e+003
  4.7579148e+005  8.2853783e+006  1.0379400e+003  1.7949150e+003
  4.7578039e+005  8.2854075e+006  1.0364200e+003  1.7948300e+003
  4.7577133e+005  8.2854315e+006  1.0353100e+003  1.7999150e+003
  4.7576298e+005  8.2854554e+006  1.0340600e+003  1.8017750e+003
  4.7575452e+005  8.2854795e+006  1.0327400e+003  1.8036050e+003
  4.7574545e+005  8.2855036e+006  1.0315200e+003  1.8104400e+003
  4.7573700e+005  8.2855278e+006  1.0304400e+003  1.8161950e+003
  4.7572801e+005  8.2855522e+006  1.0291000e+003  1.8165050e+003
  4.7571874e+005  8.2855795e+006  1.0277300e+003  1.8164200e+003
  4.7571034e+005  8.2856036e+006  1.0267500e+003  1.8195700e+003
  4.7570191e+005  8.2856275e+006  1.0256700e+003  1.8244750e+003
  4.7569366e+005  8.2856518e+006  1.0244100e+003  1.8282350e+003
  4.7568603e+005  8.2856741e+006  1.0234100e+003  1.8309900e+003
  4.7567961e+005  8.2856969e+006  1.0222100e+003  1.8341800e+003
  4.7567293e+005  8.2857244e+006  1.0208100e+003  1.8361500e+003
  4.7566662e+005  8.2857475e+006  1.0197000e+003  1.8363750e+003
  4.7566038e+005  8.2857707e+006  1.0186000e+003  1.8375700e+003
  4.7565500e+005  8.2857940e+006  1.0174600e+003  1.8397000e+003
  4.7565034e+005  8.2858170e+006  1.0165100e+003  1.8418100e+003
  4.7565069e+005  8.2858397e+006  1.0156000e+003  1.8368150e+003
  4.7565292e+005  8.2858620e+006  1.0148900e+003  1.8178600e+003
  4.7565689e+005  8.2858886e+006  1.0139700e+003  1.7993800e+003
  4.7565946e+005  8.2859103e+006  1.0135200e+003  1.7863600e+003
  4.7566179e+005  8.2859317e+006  1.0130400e+003  1.7794600e+003
  4.7566379e+005  8.2859510e+006  1.0124400e+003  1.7731550e+003
  4.7566482e+005  8.2859610e+006  1.0121000e+003  1.7597650e+003
  4.7566529e+005  8.2859681e+006  1.0116400e+003  1.7114900e+003
  4.7566529e+005  8.2859682e+006  1.0116500e+003  1.6723500e+003
  4.7566605e+005  8.2859750e+006  1.0114300e+003  1.6686450e+003
  4.7566789e+005  8.2859917e+006  1.0108600e+003  1.6565200e+003
  4.7566994e+005  8.2860043e+006  1.0104200e+003  1.6400200e+003
  4.7567305e+005  8.2860217e+006  1.0097400e+003  1.6255950e+003
  4.7567624e+005  8.2860403e+006  1.0088800e+003  1.6135800e+003
  4.7567980e+005  8.2860593e+006  1.0079500e+003  1.6050050e+003
  4.7568369e+005  8.2860816e+006  1.0070300e+003  1.5986750e+003
  4.7568725e+005  8.2861014e+006  1.0059800e+003  1.5914950e+003
  4.7569135e+005  8.2861227e+006  1.0048100e+003  1.5804900e+003
  4.7569464e+005  8.2861422e+006  1.0036900e+003  1.5721650e+003
  4.7569686e+005  8.2861634e+006  1.0022400e+003  1.5677400e+003
  4.7569928e+005  8.2861850e+006  1.0008900e+003  1.5647900e+003
  4.7570109e+005  8.2862067e+006  9.9971000e+002  1.5596300e+003
  4.7570399e+005  8.2862346e+006  9.9777000e+002  1.5535550e+003
  4.7570559e+005  8.2862559e+006  9.9643000e+002  1.5504050e+003
  4.7570819e+005  8.2862805e+006  9.9445000e+002  1.5527000e+003
  4.7570963e+005  8.2863058e+006  9.9277000e+002  1.5586500e+003
  4.7571037e+005  8.2863313e+006  9.9070000e+002  1.5677600e+003
  4.7571173e+005  8.2863622e+006  9.8876000e+002  1.5814950e+003
  4.7571358e+005  8.2863831e+006  9.8745000e+002  1.5905950e+003
  4.7573251e+005  8.2865166e+006  9.8003000e+002  1.3851100e+003
  4.7573497e+005  8.2865448e+006  9.7828000e+002  1.3746300e+003
  4.7573669e+005  8.2865695e+006  9.7665000e+002  1.3642950e+003
  4.7573950e+005  8.2865993e+006  9.7452000e+002  1.3537950e+003
  4.7574149e+005  8.2866308e+006  9.7217000e+002  1.3445650e+003
  4.7574206e+005  8.2866523e+006  9.7038000e+002  1.3424750e+003
  4.7574282e+005  8.2866792e+006  9.6828000e+002  1.3431400e+003
  4.7574303e+005  8.2867059e+006  9.6619000e+002  1.3462400e+003
  4.7574361e+005  8.2867320e+006  9.6423000e+002  1.3557400e+003
  4.7574513e+005  8.2867615e+006  9.6217000e+002  1.3683650e+003
  4.7574679e+005  8.2867860e+006  9.6058000e+002  1.3750200e+003
  4.7574752e+005  8.2868152e+006  9.5858000e+002  1.3654850e+003
  4.7574778e+005  8.2868363e+006  9.5743000e+002  1.3514050e+003
  4.7574765e+005  8.2868620e+006  9.5576000e+002  1.3395300e+003
  4.7574722e+005  8.2868875e+006  9.5439000e+002  1.3312500e+003
  4.7574729e+005  8.2869136e+006  9.5298000e+002  1.3322300e+003
  4.7574728e+005  8.2869439e+006  9.5128000e+002  1.3397550e+003
  4.7574700e+005  8.2869703e+006  9.4967000e+002  1.3491100e+003
  4.7574675e+005  8.2870019e+006  9.4788000e+002  1.3598450e+003
  4.7574685e+005  8.2870234e+006  9.4653000e+002  1.3730750e+003
  4.7574679e+005  8.2870503e+006  9.4500000e+002  1.3817650e+003
  4.7574651e+005  8.2870768e+006  9.4327000e+002  1.3883500e+003
  4.7574670e+005  8.2871028e+006  9.4168000e+002  1.3981650e+003
  4.7574618e+005  8.2871333e+006  9.3973000e+002  1.4105100e+003
  4.7574558e+005  8.2871591e+006  9.3816000e+002  1.4273800e+003
  4.7574596e+005  8.2871864e+006  9.3638000e+002  1.4449900e+003
  4.7574717e+005  8.2872111e+006  9.3479000e+002  1.4628300e+003
  4.7574792e+005  8.2872397e+006  9.3315000e+002  1.4778700e+003
  4.7574949e+005  8.2872690e+006  9.3151000e+002  1.4916750e+003
  4.7575088e+005  8.2872969e+006  9.3016000e+002  1.5108600e+003
  4.7575056e+005  8.2873281e+006  9.2932000e+002  1.5317950e+003
  4.7575155e+005  8.2873546e+006  9.2849000e+002  1.5379050e+003
  4.7575154e+005  8.2873818e+006  9.2744000e+002  1.5231400e+003
  4.7575111e+005  8.2874084e+006  9.2626000e+002  1.5077050e+003
  4.7575056e+005  8.2874342e+006  9.2503000e+002  1.4946100e+003
  4.7574968e+005  8.2874655e+006  9.2313000e+002  1.4800800e+003
  4.7574909e+005  8.2874917e+006  9.2146000e+002  1.4691600e+003
  4.7574863e+005  8.2875178e+006  9.1950000e+002  1.4611550e+003
  4.7574841e+005  8.2875436e+006  9.1754000e+002  1.4556500e+003
  4.7574835e+005  8.2875694e+006  9.1533000e+002  1.4528750e+003
  4.7574652e+005  8.2875960e+006  9.1337000e+002  1.4519800e+003
  4.7574452e+005  8.2876231e+006  9.1126000e+002  1.4530350e+003
  4.7574271e+005  8.2876533e+006  9.0888000e+002  1.4554450e+003
  4.7574067e+005  8.2876837e+006  9.0648000e+002  1.4588300e+003
  4.7573855e+005  8.2877116e+006  9.0464000e+002  1.4647050e+003
  4.7573642e+005  8.2877400e+006  9.0246000e+002  1.4707850e+003
  4.7573477e+005  8.2877683e+006  9.0066000e+002  1.4762200e+003
  4.7573299e+005  8.2877962e+006  8.9888000e+002  1.4817900e+003
  4.7573199e+005  8.2878242e+006  8.9740000e+002  1.4875500e+003
  4.7573046e+005  8.2878522e+006  8.9581000e+002  1.4935250e+003
  4.7572822e+005  8.2878835e+006  8.9426000e+002  1.5003400e+003
  4.7572751e+005  8.2879118e+006  8.9309000e+002  1.5085550e+003
  4.7572567e+005  8.2879405e+006  8.9197000e+002  1.5159850e+003
  4.7572587e+005  8.2879678e+006  8.9088000e+002  1.5263000e+003
  4.7572697e+005  8.2879945e+006  8.8993000e+002  1.5391000e+003
  4.7572785e+005  8.2880214e+006  8.8919000e+002  1.5505300e+003
  4.7572996e+005  8.2880535e+006  8.8821000e+002  1.5586150e+003
  4.7573173e+005  8.2880801e+006  8.8697000e+002  1.5653550e+003
  4.7573333e+005  8.2881069e+006  8.8570000e+002  1.5609550e+003
  4.7573506e+005  8.2881337e+006  8.8460000e+002  1.5466650e+003
  4.7573742e+005  8.2881599e+006  8.8346000e+002  1.5357050e+003
  4.7573978e+005  8.2881864e+006  8.8219000e+002  1.5304750e+003
  4.7574211e+005  8.2882139e+006  8.8059000e+002  1.5250450e+003
  4.7574499e+005  8.2882451e+006  8.7862000e+002  1.5179750e+003
  4.7574786e+005  8.2882723e+006  8.7666000e+002  1.5094500e+003
  4.7574962e+005  8.2883000e+006  8.7454000e+002  1.5009400e+003
  4.7575279e+005  8.2883277e+006  8.7233000e+002  1.4921550e+003
  4.7575667e+005  8.2883553e+006  8.6994000e+002  1.4842450e+003
  4.7575894e+005  8.2883823e+006  8.6742000e+002  1.4779150e+003
  4.7575916e+005  8.2884086e+006  8.6544000e+002  1.4738150e+003
  4.7576145e+005  8.2884414e+006  8.6323000e+002  1.4776400e+003
  4.7576411e+005  8.2884696e+006  8.6142000e+002  1.4889500e+003
  4.7576693e+005  8.2884974e+006  8.5959000e+002  1.5011050e+003
  4.7576911e+005  8.2885258e+006  8.5806000e+002  1.5104600e+003
  4.7577129e+005  8.2885541e+006  8.5671000e+002  1.5125450e+003
  4.7577226e+005  8.2885831e+006  8.5551000e+002  1.5048400e+003
  4.7577376e+005  8.2886120e+006  8.5430000e+002  1.4894500e+003
  4.7577561e+005  8.2886450e+006  8.5322000e+002  1.4804350e+003
  4.7577732e+005  8.2886741e+006  8.5220000e+002  1.4773950e+003
  4.7577874e+005  8.2887028e+006  8.5113000e+002  1.4736550e+003
  4.7578071e+005  8.2887309e+006  8.5001000e+002  1.4639100e+003
  4.7578300e+005  8.2887581e+006  8.4864000e+002  1.4496900e+003
  4.7578491e+005  8.2887853e+006  8.4711000e+002  1.4375500e+003
  4.7578599e+005  8.2888178e+006  8.4550000e+002  1.4324050e+003
  4.7578612e+005  8.2888442e+006  8.4421000e+002  1.4310050e+003
  4.7578602e+005  8.2888696e+006  8.4258000e+002  1.4323350e+003
  4.7578640e+005  8.2888949e+006  8.4083000e+002  1.4319450e+003
  4.7578542e+005  8.2889197e+006  8.3910000e+002  1.4295600e+003
  4.7578556e+005  8.2889436e+006  8.3736000e+002  1.4260050e+003
  4.7578555e+005  8.2889668e+006  8.3547000e+002  1.4185600e+003
  4.7578665e+005  8.2889928e+006  8.3330000e+002  1.4088450e+003
  4.7578739e+005  8.2890166e+006  8.3108000e+002  1.3933250e+003
  4.7578841e+005  8.2890408e+006  8.2909000e+002  1.3752550e+003
  4.7578969e+005  8.2890652e+006  8.2725000e+002  1.3667250e+003
  4.7579190e+005  8.2890899e+006  8.2581000e+002  1.3751900e+003
  4.7579411e+005  8.2891150e+006  8.2400000e+002  1.3847450e+003
  4.7579608e+005  8.2891406e+006  8.2232000e+002  1.3853700e+003
  4.7580113e+005  8.2891711e+006  8.2023000e+002  1.3882900e+003
  4.7580794e+005  8.2891959e+006  8.1865000e+002  1.3972850e+003
  4.7581471e+005  8.2892202e+006  8.1710000e+002  1.4077400e+003
  4.7581880e+005  8.2892439e+006  8.1558000e+002  1.4179950e+003
  4.7582420e+005  8.2892669e+006  8.1417000e+002  1.4276500e+003
  4.7582774e+005  8.2892901e+006  8.1270000e+002  1.4289750e+003
  4.7583117e+005  8.2893129e+006  8.1136000e+002  1.4197050e+003
  4.7583197e+005  8.2893266e+006  8.1044000e+002  1.4088450e+003
  4.7583330e+005  8.2893390e+006  8.0977000e+002  1.4018300e+003
  4.7583725e+005  8.2893553e+006  8.0875000e+002  1.3993500e+003
  4.7584068e+005  8.2893715e+006  8.0784000e+002  1.3987550e+003
  4.7584357e+005  8.2893877e+006  8.0681000e+002  1.3979050e+003
  4.7584537e+005  8.2894038e+006  8.0575000e+002  1.3971150e+003
  4.7584830e+005  8.2894220e+006  8.0464000e+002  1.3969700e+003
  4.7585069e+005  8.2894372e+006  8.0406000e+002  1.3998550e+003
  4.7585247e+005  8.2894510e+006  8.0311000e+002  1.4048100e+003
  4.7585404e+005  8.2894638e+006  8.0249000e+002  1.4098550e+003
  4.7585579e+005  8.2894756e+006  8.0173000e+002  1.4132950e+003
  4.7585632e+005  8.2894833e+006  8.0127000e+002  1.4147850e+003
  4.7585611e+005  8.2894921e+006  8.0070000e+002  1.4094500e+003
  4.7585604e+005  8.2895060e+006  7.9988000e+002  1.4072350e+003
  4.7585598e+005  8.2895195e+006  7.9913000e+002  1.4015100e+003
  4.7585520e+005  8.2895337e+006  7.9807000e+002  1.3944700e+003
  4.7585395e+005  8.2895481e+006  7.9711000e+002  1.3859650e+003
  4.7585305e+005  8.2895627e+006  7.9637000e+002  1.3781700e+003
  4.7585265e+005  8.2895778e+006  7.9538000e+002  1.3721000e+003
  4.7585165e+005  8.2895950e+006  7.9419000e+002  1.3659400e+003
  4.7585110e+005  8.2896094e+006  7.9328000e+002  1.3595000e+003
  4.7585070e+005  8.2896209e+006  7.9247000e+002  1.3553300e+003
  4.7584874e+005  8.2896324e+006  7.9150000e+002  1.3488150e+003
  4.7583946e+005  8.2896440e+006  7.9082000e+002  1.3353300e+003
  4.7582466e+005  8.2896513e+006  7.8997000e+002  1.3103200e+003
  4.7580655e+005  8.2896593e+006  7.8947000e+002  1.2942300e+003
  4.7575087e+005  8.2896913e+006  7.9134000e+002  1.1285100e+003
  4.7574079e+005  8.2897006e+006  7.9210000e+002  1.1212400e+003
  4.7573957e+005  8.2897144e+006  7.9182000e+002  1.1107500e+003
  4.7574238e+005  8.2897290e+006  7.9123000e+002  1.1043750e+003
  4.7574561e+005  8.2897440e+006  7.9059000e+002  1.1030850e+003
  4.7574827e+005  8.2897594e+006  7.8967000e+002  1.1019450e+003
  4.7574992e+005  8.2897725e+006  7.8880000e+002  1.0994300e+003
  4.7575195e+005  8.2897871e+006  7.8774000e+002  1.0982850e+003
  4.7575486e+005  8.2898054e+006  7.8601000e+002  1.0945500e+003
  4.7575793e+005  8.2898257e+006  7.8467000e+002  1.0844700e+003
  4.7575928e+005  8.2898460e+006  7.8358000e+002  1.0599550e+003
  4.7576227e+005  8.2898709e+006  7.8217000e+002  1.0352600e+003
  4.7576494e+005  8.2898915e+006  7.8091000e+002  1.0249600e+003
  4.7576905e+005  8.2899115e+006  7.7966000e+002  1.0276600e+003
  4.7577200e+005  8.2899316e+006  7.7785000e+002  1.0306550e+003
  4.7577419e+005  8.2899519e+006  7.7574000e+002  1.0330550e+003
  4.7577468e+005  8.2899729e+006  7.7428000e+002  1.0326450e+003
  4.7577510e+005  8.2899941e+006  7.7226000e+002  1.0165800e+003
  4.7577737e+005  8.2900187e+006  7.7022000e+002  9.9665500e+002
  4.7577845e+005  8.2900412e+006  7.6849000e+002  9.8666500e+002
  4.7577979e+005  8.2900640e+006  7.6691000e+002  9.9146000e+002
  4.7578162e+005  8.2900869e+006  7.6512000e+002  1.0040900e+003
  4.7578284e+005  8.2901099e+006  7.6306000e+002  1.0085500e+003
  4.7578430e+005  8.2901332e+006  7.6152000e+002  9.9550500e+002
  4.7578631e+005  8.2901566e+006  7.6008000e+002  9.7484000e+002
  4.7578879e+005  8.2901848e+006  7.5835000e+002  9.6290500e+002
  4.7579077e+005  8.2902087e+006  7.5639000e+002  9.6095500e+002
  4.7579284e+005  8.2902328e+006  7.5485000e+002  9.6346500e+002
  4.7579472e+005  8.2902569e+006  7.5383000e+002  9.7148500e+002
  4.7579658e+005  8.2902799e+006  7.5218000e+002  9.8614000e+002
  4.7579764e+005  8.2903029e+006  7.5098000e+002  9.9786500e+002
  4.7579854e+005  8.2903260e+006  7.4977000e+002  1.0014400e+003
  4.7580069e+005  8.2903515e+006  7.4826000e+002  1.0024400e+003
  4.7580415e+005  8.2903740e+006  7.4678000e+002  1.0017650e+003
  4.7580804e+005  8.2903963e+006  7.4515000e+002  9.9708000e+002
  4.7581257e+005  8.2904189e+006  7.4309000e+002  9.8951000e+002
  4.7581858e+005  8.2904414e+006  7.4111000e+002  9.5567000e+002
  4.7582463e+005  8.2904645e+006  7.3900000e+002  9.1502500e+002
  4.7582945e+005  8.2904931e+006  7.3630000e+002  9.0338500e+002
  4.7583129e+005  8.2905171e+006  7.3396000e+002  8.9609500e+002
  4.7583270e+005  8.2905409e+006  7.3151000e+002  8.8650500e+002
  4.7583306e+005  8.2905652e+006  7.2862000e+002  8.7976000e+002
  4.7583571e+005  8.2905892e+006  7.2660000e+002  8.7417500e+002
  4.7583902e+005  8.2906136e+006  7.2373000e+002  8.6600500e+002
  4.7584142e+005  8.2906389e+006  7.2160000e+002  8.6146500e+002
  4.7584400e+005  8.2906673e+006  7.1906000e+002  8.5724500e+002
  4.7584631e+005  8.2906921e+006  7.1661000e+002  8.4667000e+002
  4.7584911e+005  8.2907165e+006  7.1415000e+002  8.4618000e+002
  4.7585038e+005  8.2907412e+006  7.1175000e+002  8.5382500e+002
  4.7585128e+005  8.2907655e+006  7.0969000e+002  8.6128500e+002
  4.7585208e+005  8.2907905e+006  7.0759000e+002  8.7541000e+002
  4.7585300e+005  8.2908170e+006  7.0582000e+002  8.9519000e+002
  4.7585486e+005  8.2908496e+006  7.0353000e+002  9.0595000e+002
  4.7585548e+005  8.2908769e+006  7.0176000e+002  9.0756500e+002
  4.7585546e+005  8.2909037e+006  7.0017000e+002  9.0325500e+002
  4.7585497e+005  8.2909287e+006  6.9871000e+002  8.9302500e+002
  4.7585547e+005  8.2909488e+006  6.9718000e+002  8.7781000e+002
  4.7585568e+005  8.2909599e+006  6.9668000e+002  8.6553000e+002
  4.7585592e+005  8.2909667e+006  6.9676000e+002  8.3742500e+002
  4.7585639e+005  8.2909785e+006  6.9587000e+002  8.2860500e+002
  4.7585667e+005  8.2909937e+006  6.9464000e+002  8.1923500e+002
  4.7585713e+005  8.2910107e+006  6.9365000e+002  8.0563500e+002
  4.7585799e+005  8.2910280e+006  6.9205000e+002  7.8854500e+002
  4.7585861e+005  8.2910456e+006  6.9063000e+002  7.7661000e+002
  4.7586109e+005  8.2910677e+006  6.8870000e+002  7.7505500e+002
  4.7586403e+005  8.2910898e+006  6.8659000e+002  7.8266000e+002
  4.7586754e+005  8.2911116e+006  6.8463000e+002  8.0563500e+002
  4.7587087e+005  8.2911350e+006  6.8258000e+002  8.5716000e+002
  4.7587390e+005  8.2911588e+006  6.8030000e+002  8.9433500e+002
  4.7587760e+005  8.2911832e+006  6.7840000e+002  8.9812000e+002
  4.7588052e+005  8.2912062e+006  6.7663000e+002  8.9854500e+002
  4.7588473e+005  8.2912354e+006  6.7402000e+002  8.9958500e+002
  4.7588746e+005  8.2912598e+006  6.7192000e+002  8.9407500e+002
  4.7588955e+005  8.2912837e+006  6.7003000e+002  8.8643000e+002
  4.7589033e+005  8.2913096e+006  6.6797000e+002  8.8920000e+002
  4.7589138e+005  8.2913351e+006  6.6579000e+002  8.9355000e+002
  4.7589207e+005  8.2913613e+006  6.6380000e+002  8.9448500e+002
  4.7589301e+005  8.2913872e+006  6.6209000e+002  8.8769500e+002
  4.7589468e+005  8.2914183e+006  6.6043000e+002  8.7365000e+002
  4.7589700e+005  8.2914465e+006  6.5917000e+002  8.5161500e+002
  4.7589905e+005  8.2914726e+006  6.5799000e+002  8.3239000e+002
  4.7590045e+005  8.2914996e+006  6.5634000e+002  8.2976500e+002
  4.7590154e+005  8.2915274e+006  6.5482000e+002  8.4007500e+002
  4.7590242e+005  8.2915533e+006  6.5322000e+002  8.3310000e+002
  4.7590322e+005  8.2915850e+006  6.5088000e+002  8.1016500e+002
  4.7590413e+005  8.2916120e+006  6.4878000e+002  7.9731500e+002
  4.7590577e+005  8.2916375e+006  6.4701000e+002  7.9090500e+002
  4.7590820e+005  8.2916620e+006  6.4519000e+002  7.8588500e+002
  4.7591121e+005  8.2916884e+006  6.4283000e+002  7.8824500e+002
  4.7591349e+005  8.2917140e+006  6.4052000e+002  7.9124500e+002
  4.7591662e+005  8.2917396e+006  6.3797000e+002  7.9515500e+002
  4.7591973e+005  8.2917688e+006  6.3500000e+002  8.0027000e+002
  4.7592131e+005  8.2917958e+006  6.3236000e+002  8.0533500e+002
  4.7592345e+005  8.2918214e+006  6.2979000e+002  8.0649500e+002
  4.7592612e+005  8.2918465e+006  6.2698000e+002  8.1463000e+002
  4.7592820e+005  8.2918729e+006  6.2392000e+002  8.3456500e+002
  4.7593008e+005  8.2919005e+006  6.2074000e+002  8.5004000e+002
  4.7593236e+005  8.2919264e+006  6.1809000e+002  8.5385500e+002
  4.7593509e+005  8.2919584e+006  6.1512000e+002  8.5589500e+002
  4.7593651e+005  8.2919843e+006  6.1279000e+002  8.5450000e+002
  4.7593729e+005  8.2920102e+006  6.1047000e+002  8.4873000e+002
  4.7593781e+005  8.2920364e+006  6.0810000e+002  8.4723000e+002
  4.7593939e+005  8.2920641e+006  6.0570000e+002  8.4558000e+002
  4.7593951e+005  8.2920910e+006  6.0373000e+002  8.3649000e+002
  4.7593869e+005  8.2921208e+006  6.0200000e+002  8.2946500e+002
  4.7593786e+005  8.2921467e+006  6.0004000e+002  8.2381000e+002
  4.7593767e+005  8.2921736e+006  5.9778000e+002  8.1133000e+002
  4.7593793e+005  8.2921983e+006  5.9602000e+002  7.9641500e+002
  4.7593848e+005  8.2922235e+006  5.9458000e+002  7.8393500e+002
  4.7593934e+005  8.2922486e+006  5.9306000e+002  7.7794000e+002
  4.7593957e+005  8.2922748e+006  5.9139000e+002  7.7737500e+002
  4.7594033e+005  8.2923030e+006  5.8934000e+002  7.7737500e+002
  4.7594138e+005  8.2923282e+006  5.8739000e+002  7.8052500e+002
  4.7594358e+005  8.2923522e+006  5.8538000e+002  7.8600000e+002
  4.7594457e+005  8.2923755e+006  5.8308000e+002  7.8581000e+002
  4.7594353e+005  8.2924001e+006  5.8057000e+002  7.7831500e+002
  4.7594353e+005  8.2924263e+006  5.7744000e+002  7.7648000e+002
  4.7594725e+005  8.2924514e+006  5.7439000e+002  7.8975500e+002
  4.7595362e+005  8.2924801e+006  5.7128000e+002  8.0446000e+002
  4.7595929e+005  8.2925048e+006  5.6882000e+002  8.1425500e+002
  4.7596384e+005  8.2925304e+006  5.6599000e+002  8.2182500e+002
  4.7596730e+005  8.2925551e+006  5.6326000e+002  8.3156500e+002
  4.7597190e+005  8.2925807e+006  5.6033000e+002  8.3943500e+002
  4.7597624e+005  8.2926071e+006  5.5772000e+002  8.4281000e+002
  4.7597961e+005  8.2926320e+006  5.5532000e+002  8.4852500e+002
  4.7598311e+005  8.2926616e+006  5.5250000e+002  8.5330000e+002
  4.7598513e+005  8.2926873e+006  5.4999000e+002  8.5652500e+002
  4.7598582e+005  8.2927122e+006  5.4736000e+002  8.5562500e+002
  4.7598472e+005  8.2927365e+006  5.4497000e+002  8.4873000e+002
  4.7598397e+005  8.2927623e+006  5.4276000e+002  8.4187000e+002
  4.7598356e+005  8.2927886e+006  5.4037000e+002  8.3635000e+002
  4.7598305e+005  8.2928175e+006  5.3763000e+002  8.2725500e+002
  4.7598319e+005  8.2928427e+006  5.3497000e+002  8.1852500e+002
  4.7598265e+005  8.2928688e+006  5.3238000e+002  8.1549000e+002
  4.7598421e+005  8.2928933e+006  5.3012000e+002  8.1137000e+002
  4.7598408e+005  8.2929175e+006  5.2750000e+002  8.0721000e+002
  4.7598424e+005  8.2929402e+006  5.2493000e+002  8.0376000e+002
  4.7598464e+005  8.2929617e+006  5.2238000e+002  8.0044500e+002
  4.7598430e+005  8.2929857e+006  5.1947000e+002  7.9636500e+002
  4.7598442e+005  8.2930078e+006  5.1696000e+002  7.9177000e+002
  4.7598385e+005  8.2930306e+006  5.1449000e+002  7.8746000e+002
  4.7598295e+005  8.2930524e+006  5.1219000e+002  7.8142500e+002
  4.7598216e+005  8.2930741e+006  5.1002000e+002  7.7569000e+002
  4.7598113e+005  8.2930957e+006  5.0771000e+002  7.6932000e+002
  4.7597966e+005  8.2931222e+006  5.0515000e+002  7.6046000e+002
  4.7597797e+005  8.2931483e+006  5.0260000e+002  7.5267500e+002
  4.7597738e+005  8.2931714e+006  5.0040000e+002  7.4481500e+002
  4.7597658e+005  8.2931959e+006  4.9816000e+002  7.3732000e+002
  4.7597625e+005  8.2932193e+006  4.9621000e+002  7.3091000e+002
  4.7597636e+005  8.2932436e+006  4.9449000e+002  7.2851000e+002
  4.7597753e+005  8.2932654e+006  4.9286000e+002  7.2714500e+002
  4.7597911e+005  8.2932994e+006  4.8922000e+002  7.2216000e+002
  4.7598006e+005  8.2933242e+006  4.8693000e+002  7.1562000e+002
  4.7598161e+005  8.2933499e+006  4.8463000e+002  7.1514500e+002
  4.7598350e+005  8.2933762e+006  4.8238000e+002  7.1376000e+002
  4.7598437e+005  8.2934002e+006  4.8054000e+002  7.0589000e+002
  4.7598443e+005  8.2934246e+006  4.7794000e+002  6.9869500e+002
  4.7598421e+005  8.2934496e+006  4.7549000e+002  6.9439500e+002
  4.7598381e+005  8.2934753e+006  4.7308000e+002  6.9090000e+002
  4.7598295e+005  8.2935014e+006  4.7052000e+002  6.8794000e+002
  4.7598177e+005  8.2935253e+006  4.6819000e+002  6.8483000e+002
  4.7598132e+005  8.2935495e+006  4.6568000e+002  6.8179500e+002
  4.7598041e+005  8.2935713e+006  4.6329000e+002  6.8056000e+002
  4.7597902e+005  8.2935921e+006  4.6105000e+002  6.7804500e+002
  4.7597699e+005  8.2936134e+006  4.5869000e+002  6.6966000e+002
  4.7597472e+005  8.2936328e+006  4.5647000e+002  6.6011500e+002
  4.7597113e+005  8.2936547e+006  4.5391000e+002  6.5166500e+002
  4.7596825e+005  8.2936718e+006  4.5192000e+002  6.4402000e+002
  4.7596485e+005  8.2936905e+006  4.4981000e+002  6.3675000e+002
  4.7596175e+005  8.2937061e+006  4.4777000e+002  6.3009500e+002
  4.7595850e+005  8.2937230e+006  4.4560000e+002  6.2438500e+002
  4.7595589e+005  8.2937395e+006  4.4334000e+002  6.1858500e+002
  4.7595154e+005  8.2937551e+006  4.4091000e+002  6.1115000e+002
  4.7594674e+005  8.2937701e+006  4.3893000e+002  6.0427000e+002
  4.7594205e+005  8.2937813e+006  4.3727000e+002  6.0071000e+002
  4.7593772e+005  8.2937930e+006  4.3545000e+002  5.9587500e+002
  4.7593359e+005  8.2938027e+006  4.3385000e+002  5.8834500e+002
  4.7592794e+005  8.2938153e+006  4.3183000e+002  5.8002000e+002
  4.7592201e+005  8.2938288e+006  4.2970000e+002  5.7441500e+002
  4.7591787e+005  8.2938368e+006  4.2835000e+002  5.6972000e+002
  4.7591461e+005  8.2938425e+006  4.2752000e+002  5.6758000e+002
  4.7594218e+005  8.2938405e+006  4.3319000e+002  5.7995000e+002
  4.7593413e+005  8.2938258e+006  4.3433000e+002  5.8109000e+002
  4.7592721e+005  8.2938153e+006  4.3534000e+002  5.7845000e+002
  4.7592334e+005  8.2938046e+006  4.3625000e+002  5.7178000e+002
  4.7592542e+005  8.2937931e+006  4.3783000e+002  5.7017000e+002
  4.7593329e+005  8.2937813e+006  4.4014000e+002  5.7631500e+002
  4.7594346e+005  8.2937703e+006  4.4231000e+002  5.8744500e+002
  4.7595433e+005  8.2937576e+006  4.4459000e+002  6.0053000e+002
  4.7596031e+005  8.2937427e+006  4.4687000e+002  6.1018000e+002
  4.7596128e+005  8.2937283e+006  4.4884000e+002  6.1603500e+002
  4.7596087e+005  8.2937156e+006  4.5026000e+002  6.1908500e+002
  4.7596143e+005  8.2937031e+006  4.5172000e+002  6.2279500e+002
  4.7596431e+005  8.2936899e+006  4.5345000e+002  6.2476500e+002
  4.7596784e+005  8.2936773e+006  4.5227000e+002  6.3298500e+002
  4.7596928e+005  8.2936619e+006  4.5338000e+002  6.3440000e+002
  4.7597211e+005  8.2936474e+006  4.5441000e+002  6.4258000e+002
  4.7597568e+005  8.2936218e+006  4.5743000e+002  6.5029500e+002
  4.7597840e+005  8.2936013e+006  4.5970000e+002  6.5909500e+002
  4.7597995e+005  8.2935819e+006  4.6193000e+002  6.6524000e+002
  4.7598085e+005  8.2935595e+006  4.6435000e+002  6.6779000e+002
  4.7598171e+005  8.2935402e+006  4.6634000e+002  6.6977500e+002
  4.7598243e+005  8.2935145e+006  4.6901000e+002  6.7322000e+002
  4.7598349e+005  8.2934925e+006  4.7118000e+002  6.7623000e+002
  4.7598426e+005  8.2934677e+006  4.7365000e+002  6.7751000e+002
  4.7598458e+005  8.2934415e+006  4.7627000e+002  6.8011500e+002
  4.7598474e+005  8.2934230e+006  4.7820000e+002  6.8382500e+002
  4.7598454e+005  8.2933988e+006  4.8049000e+002  6.9072000e+002
  4.7598378e+005  8.2933782e+006  4.8248000e+002  7.0043000e+002
  4.7598257e+005  8.2933585e+006  4.8419000e+002  7.0713500e+002
  4.7598098e+005  8.2933385e+006  4.8590000e+002  7.0757000e+002
  4.7597946e+005  8.2933178e+006  4.8784000e+002  7.0635500e+002
  4.7597919e+005  8.2932933e+006  4.9005000e+002  7.0904500e+002
  4.7597856e+005  8.2932763e+006  4.9162000e+002  7.1511500e+002
  4.7597679e+005  8.2932537e+006  4.9361000e+002  7.1995000e+002
  4.7597625e+005  8.2932323e+006  4.9545000e+002  7.2066500e+002
  4.7597610e+005  8.2932130e+006  4.9698000e+002  7.2151000e+002
  4.7597679e+005  8.2931859e+006  4.9924000e+002  7.2618000e+002
  4.7597744e+005  8.2931634e+006  5.0131000e+002  7.3321500e+002
  4.7597839e+005  8.2931426e+006  5.0334000e+002  7.3947500e+002
  4.7597892e+005  8.2931254e+006  5.0486000e+002  7.4723500e+002
  4.7598061e+005  8.2931005e+006  5.0735000e+002  7.5547500e+002
  4.7598159e+005  8.2930784e+006  5.0968000e+002  7.6207000e+002
  4.7598179e+005  8.2930617e+006  5.1146000e+002  7.6630500e+002
  4.7598298e+005  8.2930354e+006  5.1415000e+002  7.7114500e+002
  4.7598424e+005  8.2930153e+006  5.1627000e+002  7.7800000e+002
  4.7598383e+005  8.2929944e+006  5.1861000e+002  7.8182000e+002
  4.7598435e+005  8.2929743e+006  5.2091000e+002  7.8519500e+002
  4.7598452e+005  8.2929544e+006  5.2328000e+002  7.8838000e+002
  4.7598369e+005  8.2929345e+006  5.2544000e+002  7.9025500e+002
  4.7598327e+005  8.2929179e+006  5.2722000e+002  7.9197000e+002
  4.7598071e+005  8.2928951e+006  5.2941000e+002  7.9193500e+002
  4.7597814e+005  8.2928778e+006  5.3105000e+002  7.9119000e+002
  4.7598001e+005  8.2928583e+006  5.3308000e+002  7.9400000e+002
  4.7598155e+005  8.2928425e+006  5.3458000e+002  7.9906000e+002
  4.7598106e+005  8.2928192e+006  5.3686000e+002  8.0524000e+002
  4.7598232e+005  8.2927980e+006  5.3901000e+002  8.1466500e+002
  4.7598316e+005  8.2927789e+006  5.4083000e+002  8.2310500e+002
  4.7598386e+005  8.2927595e+006  5.4238000e+002  8.2776500e+002
  4.7598427e+005  8.2927483e+006  5.4344000e+002  8.2825000e+002
  4.7598438e+005  8.2927325e+006  5.4564000e+002  8.3421500e+002
  4.7598457e+005  8.2927191e+006  5.4692000e+002  8.4062000e+002
  4.7598461e+005  8.2926951e+006  5.4949000e+002  8.4530000e+002
  4.7598278e+005  8.2926724e+006  5.5154000e+002  8.4526500e+002
  4.7597944e+005  8.2926468e+006  5.5395000e+002  8.4181500e+002
  4.7597315e+005  8.2926145e+006  5.5698000e+002  8.3538500e+002
  4.7597105e+005  8.2925931e+006  5.5919000e+002  8.2911500e+002
  4.7596799e+005  8.2925622e+006  5.6261000e+002  8.2754000e+002
  4.7596482e+005  8.2925408e+006  5.6500000e+002  8.2180500e+002
  4.7595976e+005  8.2925113e+006  5.6847000e+002  8.0839000e+002
  4.7595540e+005  8.2924906e+006  5.7053000e+002  7.9819500e+002
  4.7594969e+005  8.2924642e+006  5.7335000e+002  7.9480500e+002
  4.7594551e+005  8.2924409e+006  5.7581000e+002  7.8208500e+002
  4.7594300e+005  8.2924193e+006  5.7875000e+002  7.6653000e+002
  4.7594339e+005  8.2923960e+006  5.8247000e+002  7.6492000e+002
  4.7594436e+005  8.2923718e+006  5.8513000e+002  7.7211500e+002
  4.7594353e+005  8.2923544e+006  5.8675000e+002  7.7845000e+002
  4.7594169e+005  8.2923325e+006  5.8873000e+002  7.7716500e+002
  4.7593955e+005  8.2923096e+006  5.9064000e+002  7.6831000e+002
  4.7593907e+005  8.2922835e+006  5.9262000e+002  7.6087500e+002
  4.7593799e+005  8.2922656e+006  5.9397000e+002  7.6132500e+002
  4.7594003e+005  8.2922379e+006  5.9556000e+002  7.6863000e+002
  4.7594347e+005  8.2922135e+006  5.9681000e+002  7.8639500e+002
  4.7594580e+005  8.2921948e+006  5.9820000e+002  8.0764000e+002
  4.7595007e+005  8.2921663e+006  6.0048000e+002  8.2825500e+002
  4.7595578e+005  8.2921356e+006  6.0253000e+002  8.4240500e+002
  4.7596187e+005  8.2921059e+006  6.0421000e+002  8.5372500e+002
  4.7596827e+005  8.2920755e+006  6.0671000e+002  8.7064000e+002
  4.7597421e+005  8.2920455e+006  6.0978000e+002  8.9524500e+002
  4.7598173e+005  8.2920155e+006  6.1307000e+002  9.2305000e+002
  4.7598776e+005  8.2919925e+006  6.1537000e+002  9.4872000e+002
  4.7599523e+005  8.2919633e+006  6.1826000e+002  9.7297000e+002
  4.7600421e+005  8.2919336e+006  6.2144000e+002  9.9369000e+002
  4.7601039e+005  8.2919088e+006  6.2425000e+002  1.0128050e+003
  4.7601565e+005  8.2918842e+006  6.2703000e+002  1.0382950e+003
  4.7601949e+005  8.2918600e+006  6.2939000e+002  1.1036950e+003
  4.7602377e+005  8.2918312e+006  6.3222000e+002  1.1561950e+003
  4.7602733e+005  8.2918100e+006  6.3432000e+002  1.1653200e+003
  4.7603264e+005  8.2917750e+006  6.3733000e+002  1.1723800e+003
  4.7603844e+005  8.2917476e+006  6.4019000e+002  1.1762050e+003
  4.7604317e+005  8.2917218e+006  6.4210000e+002  1.1754200e+003
  4.7604809e+005  8.2916920e+006  6.4440000e+002  1.1717100e+003
  4.7605267e+005  8.2916680e+006  6.4676000e+002  1.1626800e+003
  4.7605846e+005  8.2916359e+006  6.4838000e+002  1.1529000e+003
  4.7606079e+005  8.2916136e+006  6.5054000e+002  1.1456750e+003
  4.7606356e+005  8.2915803e+006  6.5334000e+002  1.1388950e+003
  4.7606560e+005  8.2915543e+006  6.5484000e+002  1.1303400e+003
  4.7606707e+005  8.2915363e+006  6.5612000e+002  1.1227700e+003
  4.7607033e+005  8.2915069e+006  6.5814000e+002  1.1177850e+003
  4.7607392e+005  8.2914798e+006  6.6043000e+002  1.1151600e+003
  4.7607632e+005  8.2914540e+006  6.6209000e+002  1.1138500e+003
  4.7607739e+005  8.2914347e+006  6.6320000e+002  1.1154050e+003
  4.7607920e+005  8.2913958e+006  6.6538000e+002  1.1184850e+003
  4.7607909e+005  8.2913629e+006  6.6768000e+002  1.1232550e+003
  4.7607872e+005  8.2913363e+006  6.6935000e+002  1.1293650e+003
  4.7607662e+005  8.2913012e+006  6.7222000e+002  1.1359600e+003
  4.7607594e+005  8.2912746e+006  6.7397000e+002  1.1460000e+003
  4.7607410e+005  8.2912419e+006  6.7609000e+002  1.1621050e+003
  4.7607194e+005  8.2912082e+006  6.7848000e+002  1.1777750e+003
  4.7607018e+005  8.2911740e+006  6.8076000e+002  1.1915700e+003
  4.7606849e+005  8.2911407e+006  6.8288000e+002  1.2016500e+003
  4.7606721e+005  8.2911167e+006  6.8475000e+002  1.2096700e+003
  4.7606521e+005  8.2910823e+006  6.8777000e+002  1.2153300e+003
  4.7606282e+005  8.2910518e+006  6.8993000e+002  1.2205750e+003
  4.7606089e+005  8.2910271e+006  6.9183000e+002  1.2281400e+003
  4.7605876e+005  8.2909845e+006  6.9539000e+002  1.2359250e+003
  4.7605742e+005  8.2909579e+006  6.9746000e+002  1.2413750e+003
  4.7605544e+005  8.2909233e+006  6.9962000e+002  1.2422750e+003
  4.7605512e+005  8.2908970e+006  7.0157000e+002  1.2427600e+003
  4.7605459e+005  8.2908588e+006  7.0486000e+002  1.2513550e+003
  4.7605299e+005  8.2908224e+006  7.0783000e+002  1.2664200e+003
  4.7605171e+005  8.2907946e+006  7.1015000e+002  1.2807650e+003
  4.7604814e+005  8.2907505e+006  7.1400000e+002  1.2917650e+003
  4.7604619e+005  8.2907238e+006  7.1652000e+002  1.3040300e+003
  4.7604275e+005  8.2906850e+006  7.1950000e+002  1.3193550e+003
  4.7604102e+005  8.2906587e+006  7.2158000e+002  1.3351700e+003
  4.7603974e+005  8.2906216e+006  7.2504000e+002  1.3496600e+003
  4.7603860e+005  8.2905860e+006  7.2772000e+002  1.3657750e+003
  4.7603582e+005  8.2905603e+006  7.2977000e+002  1.3814500e+003
  4.7603240e+005  8.2905162e+006  7.3307000e+002  1.3874350e+003
  4.7603282e+005  8.2904912e+006  7.3512000e+002  1.3886850e+003
  4.7603485e+005  8.2904557e+006  7.3772000e+002  1.3901850e+003
  4.7603692e+005  8.2904221e+006  7.3979000e+002  1.3872600e+003
  4.7603718e+005  8.2903948e+006  7.4182000e+002  1.3860600e+003
  4.7603721e+005  8.2903587e+006  7.4398000e+002  1.3895450e+003
  4.7603735e+005  8.2903277e+006  7.4577000e+002  1.3868100e+003
  4.7603654e+005  8.2902960e+006  7.4747000e+002  1.3789050e+003
  4.7603597e+005  8.2902634e+006  7.4898000e+002  1.3707350e+003
  4.7603543e+005  8.2902361e+006  7.5044000e+002  1.3592300e+003
  4.7603455e+005  8.2902001e+006  7.5298000e+002  1.3513250e+003
  4.7603305e+005  8.2901750e+006  7.5441000e+002  1.3513250e+003
  4.7603075e+005  8.2901418e+006  7.5652000e+002  1.3561650e+003
  4.7602680e+005  8.2901087e+006  7.5848000e+002  1.3625700e+003
  4.7602376e+005  8.2900823e+006  7.6078000e+002  1.3768800e+003
  4.7602354e+005  8.2900737e+006  7.6133000e+002  1.3757550e+003
  4.7602372e+005  8.2900622e+006  7.6203000e+002  1.3725350e+003
  4.7602401e+005  8.2900534e+006  7.6267000e+002  1.3692000e+003
  4.7602375e+005  8.2900407e+006  7.6342000e+002  1.3650400e+003
  4.7602406e+005  8.2900323e+006  7.6408000e+002  1.3606600e+003
  4.7602454e+005  8.2900197e+006  7.6481000e+002  1.3577900e+003
  4.7602360e+005  8.2900090e+006  7.6573000e+002  1.3567950e+003
  4.7601820e+005  8.2900019e+006  7.6620000e+002  1.3623050e+003
  4.7600586e+005  8.2900018e+006  7.6632000e+002  1.3759800e+003
  4.7599639e+005  8.2900129e+006  7.6584000e+002  1.3991750e+003
  4.7599397e+005  8.2900325e+006  7.6465000e+002  1.4210250e+003
  4.7599464e+005  8.2900532e+006  7.6318000e+002  1.4287000e+003
  4.7599713e+005  8.2900806e+006  7.6131000e+002  1.4269000e+003
  4.7600000e+005  8.2901112e+006  7.5931000e+002  1.4227500e+003
  4.7600129e+005  8.2901319e+006  7.5810000e+002  1.4233500e+003
  4.7599946e+005  8.2901577e+006  7.5683000e+002  1.4234250e+003
  4.7599400e+005  8.2901871e+006  7.5519000e+002  1.4118050e+003
  4.7598839e+005  8.2902057e+006  7.5439000e+002  1.3892850e+003
  4.7598122e+005  8.2902288e+006  7.5318000e+002  1.3583050e+003
  4.7597335e+005  8.2902543e+006  7.5171000e+002  1.3306400e+003
  4.7596594e+005  8.2902742e+006  7.5067000e+002  1.2997800e+003
  4.7595856e+005  8.2902901e+006  7.4983000e+002  1.2672600e+003
  4.7594784e+005  8.2903049e+006  7.4867000e+002  1.2339850e+003
