x1,y1,G_dgm
422110.369711,212267.417053,2871.43903472
422110.310989,212266.418778,2871.6418762
422110.252267,212265.420504,2871.83926666
422110.193545,212264.422229,2872.02326026
422110.134823,212263.423955,2872.19639643
422110.076101,212262.425681,2872.39793176
422110.017379,212261.427406,2872.59905138
422109.958657,212260.429132,2872.79943888
422109.899935,212259.430858,2872.99909426
422109.841213,212258.432583,2873.19801752
422109.782491,212257.434309,2873.41415475
422109.723769,212256.436034,2873.64588722
422109.665047,212255.43776,2873.87643815
422109.606325,212254.439486,2874.10580754
422109.547603,212253.441211,2874.33399539
422109.488881,212252.442937,2874.58190938
422109.430159,212251.444663,2875.10925033
422109.371437,212250.446388,2875.65948996
422109.312715,212249.448114,2876.23262827
422109.253993,212248.449839,2876.82866526
422109.195271,212247.451565,2877.44760093
422109.136549,212246.453291,2878.13218264
422109.077827,212245.455016,2878.71727318
422109.019105,212244.456742,2879.28282251
422108.960383,212243.458468,2879.8520319
422108.746252,212242.562669,2880.44207604
422107.851825,212242.115456,2880.99838288
422106.957398,212241.668242,2881.5209524
422106.06297,212241.221028,2882.00978461
422105.168543,212240.773815,2882.46487952
422104.274116,212240.326601,2882.93756409
422103.379689,212239.879388,2883.41911427
422102.485262,212239.432174,2883.87887787
422101.590834,212238.98496,2884.31786868
422100.696407,212238.537747,2884.73608671
422100.102191,212237.868805,2885.29021606
422099.937792,212236.882411,2885.85574134
422099.773393,212235.896017,2886.41434864
422099.608994,212234.909623,2887.00104535
422099.444595,212233.923229,2887.60417479
422099.280196,212232.936835,2888.19974642
422099.115797,212231.950441,2888.81478239
422098.951398,212230.964047,2889.43056157
422098.786999,212229.977653,2890.0700754
422098.372234,212229.102417,2890.72987615
422097.750839,212228.318919,2891.38874995
422097.129444,212227.535422,2892.0466968
422096.50805,212226.751924,2892.70371669
422095.886655,212225.968426,2893.40523091
422095.26526,212225.184928,2894.14989484
422094.643865,212224.401431,2894.89014001
422094.022471,212223.617933,2895.62596644
422093.401076,212222.834435,2896.35737411
422092.779681,212222.050938,2897.04945952
422092.158287,212221.26744,2897.69575003
422091.536892,212220.483942,2898.34125303
422090.915497,212219.700445,2898.98596854
422090.294102,212218.916947,2899.62989654
422089.672708,212218.133449,2900.29836779
422089.051313,212217.349952,2901.0033742
422088.429918,212216.566454,2901.70467826
422087.808524,212215.782956,2902.40227998
422087.187129,212214.999459,2903.09617936
422086.565734,212214.215961,2903.75319734
422085.944339,212213.432463,2904.3453188
422085.322945,212212.648966,2904.93816213
422084.70155,212211.865468,2905.53172734
422084.080155,212211.08197,2906.12601442
422083.458761,212210.298473,2906.73223
422082.837366,212209.514975,2907.36428795
422082.215971,212208.731477,2907.99349668
422081.594576,212207.94798,2908.61985619
422080.973182,212207.164482,2909.24336648
422080.351787,212206.380984,2909.86338849
422079.730392,212205.597486,2910.48015002
422079.108998,212204.813989,2911.09667639
422078.487603,212204.030491,2911.71564392
422077.866208,212203.246993,2912.33547429
422077.244814,212202.463496,2912.96183308
422076.623419,212201.679998,2913.62170783
422076.002024,212200.8965,2914.27995015
422075.380629,212200.113003,2914.93656005
422074.759235,212199.329505,2915.59153753
422074.13784,212198.546007,2916.25500515
422073.516445,212197.76251,2916.97842775
422072.895051,212196.979012,2917.69715269
422072.273656,212196.195514,2918.41117998
422071.652261,212195.412017,2919.1205096
422071.030866,212194.628519,2919.83195395
422070.409472,212193.845021,2920.60990336
422069.788077,212193.061524,2921.3827012
422069.166682,212192.278026,2922.15034748
422068.545288,212191.494528,2922.9128422
422067.923893,212190.711031,2923.66339778
422067.302498,212189.927533,2924.22837406
422066.681103,212189.144035,2924.78792259
422066.059709,212188.360538,2925.3420434
422065.438314,212187.57704,2925.89073647
422064.584328,212187.274873,2926.4340018
422063.584328,212187.274873,2927.01536019
422062.584328,212187.274873,2927.59233203
422061.584328,212187.274873,2928.16428082
422060.584328,212187.274873,2928.73120656
422059.584328,212187.274873,2929.29310925
422058.584328,212187.274873,2929.83162378
422057.584328,212187.274873,2930.36733037
422056.584328,212187.274873,2930.90162876
422055.584328,212187.274873,2931.43451895
422054.584328,212187.274873,2931.96600093
422053.584328,212187.274873,2932.54797083
422052.584328,212187.274873,2933.13592231
422051.584328,212187.274873,2933.73269681
422050.584328,212187.274873,2934.36832985
422049.584328,212187.274873,2935.00306055
422048.584328,212187.274873,2935.67342992
422047.584328,212187.274873,2936.35027312
422046.584328,212187.274873,2937.02628233
422045.584328,212187.274873,2937.70145757
422044.584328,212187.274873,2938.37579881
422043.584328,212187.274873,2939.07403752
422042.716637,212187.702553,2939.77619268
422041.89133,212188.267236,2940.47512947
422041.066022,212188.83192,2941.17084791
422040.240715,212189.396604,2941.86334798
422039.415408,212189.961288,2942.49907432
422038.590101,212190.525972,2943.11369491
422037.764793,212191.090656,2943.72711785
422036.939486,212191.65534,2944.33934313
422036.114179,212192.220024,2944.95037075
422035.288871,212192.784708,2945.56124465
422034.463564,212193.349392,2946.16798805
422033.638257,212193.914076,2946.76946231
422032.81295,212194.47876,2947.36566743
422031.987642,212195.043443,2947.95660341
422031.162335,212195.608127,2948.58870746
422030.337028,212196.172811,2949.24318607
422029.511721,212196.737495,2949.89287678
422028.686413,212197.302179,2950.53777961
422027.861106,212197.866863,2951.17789454
422027.035799,212198.431547,2951.81339491
422026.210492,212198.996231,2952.18511468
422025.385184,212199.560915,2952.52439116
422024.559877,212200.125599,2952.92750888
422023.73457,212200.690283,2953.31147577
422022.909263,212201.254967,2953.6762918
422022.083955,212201.81965,2953.96165718
422021.258648,212202.384334,2954.19885934
422020.433341,212202.949018,2954.41519165
422019.608034,212203.513702,2954.6106541
422018.782726,212204.078386,2954.78524669
422017.957419,212204.64307,2954.97656664
422017.132112,212205.207754,2955.49706689
422016.306804,212205.772438,2956.02726247
422015.572828,212206.412166,2956.54388502
422015.178909,212207.331311,2957.04693457
422014.78499,212208.250456,2957.53641109
422014.39107,212209.169601,2958.0123146
422013.997151,212210.088746,2958.538051
422013.603232,212211.007891,2959.07732463
422013.209312,212211.927036,2959.60741229
422012.815393,212212.846181,2960.15534975
422012.421474,212213.765326,2960.69769901
422012.027554,212214.684471,2961.23429137
422011.633635,212215.603617,2961.75260763
422011.173716,212216.445264,2962.24888242
422010.203574,212216.687799,2962.72549604
422009.233431,212216.930335,2963.18244848
422008.263289,212217.17287,2963.61973974
422007.293146,212217.415406,2964.03736983
422006.323004,212217.657942,2964.62799066
422005.352861,212217.900477,2965.24884067
422004.382719,212218.143013,2965.85856189
422003.412576,212218.385549,2966.45715431
422002.442434,212218.628084,2967.04461793
422001.472291,212218.87062,2967.62095275
422000.502149,212219.113155,2968.2075184
421999.532006,212219.355691,2968.7211865
421998.561864,212219.598227,2969.14978629
421997.591721,212219.840762,2969.60943341
421996.621579,212220.083298,2970.05918185
421995.651436,212220.325834,2970.49903163
421994.681294,212220.568369,2970.92898273
421993.711151,212220.810905,2971.40380011
421992.741009,212221.05344,2971.903959
421991.770866,212221.295976,2972.44439872
421990.800724,212221.538512,2973.02470445
421989.830581,212221.781047,2973.59364467
421988.860439,212222.023583,2974.15121939
421987.944523,212222.167335,2974.69742862
421987.628295,212221.218652,2975.24103554
421987.312067,212220.269969,2975.78355431
421986.995839,212219.321285,2976.30733754
421986.679612,212218.372602,2976.82944846
421986.363384,212217.423919,2977.34398239
421986.047156,212216.475236,2977.85093931
421985.730928,212215.526552,2978.35031923
421985.414701,212214.577869,2978.84212215
421985.098473,212213.629186,2979.58993992
421984.782245,212212.680502,2980.51466841
421984.466017,212211.731819,2981.42786013
421984.14979,212210.783136,2982.32818066
421983.833562,212209.834452,2983.21563001
421983.517334,212208.885769,2984.09020817
421983.201106,212207.937086,2984.95191515
421982.884878,212206.988403,2985.8266317
421982.568651,212206.039719,2986.76303479
421982.252423,212205.091036,2987.70106014
421981.936195,212204.142353,2988.64070775
421981.619967,212203.193669,2989.58197761
421981.30374,212202.244986,2990.52486973
421980.987512,212201.296303,2991.4693841
421980.671284,212200.347619,2992.24629518
421980.355056,212199.398936,2992.6536323
421980.038829,212198.450253,2993.03720129
421979.722601,212197.50157,2993.44037335
421979.406373,212196.552886,2993.86314847
421979.090145,212195.604203,2994.30552664
421978.773918,212194.65552,2994.76750788
421978.45769,212193.706836,2995.29158865
421978.141462,212192.758153,2995.85901602
421977.825234,212191.80947,2996.49162279
421976.943527,212191.679357,2997.15115704
421975.944326,212191.719325,2997.8376188
421974.945125,212191.759293,2998.55100804
421973.945924,212191.799261,2999.28357988
421972.946723,212191.839229,2999.84823429
421971.947522,212191.879197,3000.36456103
421970.948322,212191.919165,3000.66848621
421969.949121,212191.959133,3000.95485935
421968.94992,212191.999101,3001.24698324
421967.950719,212192.039069,3001.54485788
421966.951518,212192.079037,3001.8845361
421965.952317,212192.119005,3002.29757875
421964.953116,212192.158974,3002.69904219
421963.953915,212192.198942,3003.09458732
421962.954714,212192.23891,3003.49335566
421961.955513,212192.278878,3003.89058917
421960.956312,212192.318846,3004.28628786
421959.957111,212192.358814,3004.77109828
421958.95791,212192.398782,3005.30774967
421957.958709,212192.43875,3005.82709053
421956.959508,212192.478718,3006.32912085
421955.960307,212192.518686,3006.84911504
421954.961106,212192.558654,3007.35060276
421953.961905,212192.598622,3007.83210858
421952.962704,212192.63859,3008.33411099
421951.963503,212192.678558,3008.82894949
421950.964302,212192.718526,3009.30966369
421949.965101,212192.758494,3009.77625359
421948.9659,212192.798462,3010.2079793
421947.966699,212192.83843,3010.59494259
421946.967498,212192.878398,3010.97923829
421945.968298,212192.918366,3011.53763141
421944.969097,212192.958334,3012.08054025
421943.969896,212192.998302,3012.6079648
421942.970695,212193.03827,3013.11990508
421941.971494,212193.078238,3013.62393076
421941.192065,212192.764762,3014.3231713
421940.785927,212191.85095,3014.96922436
421940.379789,212190.937139,3015.56539113
421939.97365,212190.023327,3016.13473726
421939.567512,212189.109516,3016.67726275
421939.161373,212188.195704,3017.19296761
421938.755235,212187.281893,3017.68185182
421938.349096,212186.368081,3018.14488765
421937.942958,212185.454269,3018.65468415
421937.536819,212184.540458,3019.17866181
421937.130681,212183.626646,3019.67291431
421936.724542,212182.712835,3020.13744165
421936.318404,212181.799023,3020.57224384
421935.912265,212180.885212,3020.97732087
421935.506127,212179.9714,3021.36745875
421935.099988,212179.057589,3021.87871744
421934.69385,212178.143777,3022.37037105
421934.287712,212177.229966,3022.8404982
421933.881573,212176.316154,3023.28909891
421933.475435,212175.402342,3023.71617315
421933.069296,212174.488531,3024.12172095
421932.663158,212173.574719,3024.51392783
421932.257019,212172.660908,3024.95292093
421931.850881,212171.747096,3025.38162583
421931.444742,212170.833285,3025.78621062
421931.038604,212169.919473,3026.1666753
421930.632465,212169.005662,3026.52301985
421930.226327,212168.09185,3026.85524429
421929.820188,212167.178038,3027.19949467
421929.41405,212166.264227,3027.58755973
421929.007911,212165.350415,3027.99405011
421928.601773,212164.436604,3028.411022
421928.195635,212163.522792,3028.83847542
421927.789496,212162.608981,3029.27641035
421927.383358,212161.695169,3029.7248268
421926.977219,212160.781358,3030.19080341
421926.571081,212159.867546,3030.65823181
421926.164942,212158.953735,3031.1330634
421925.758804,212158.039923,3031.59797472
421925.352665,212157.126111,3032.04669264
421924.946527,212156.2123,3032.47921714
421924.540388,212155.298488,3032.89554823
421924.13425,212154.384677,3033.38912075
421923.632597,212153.985277,3033.89895718
421922.92549,212154.692384,3034.44785883
421922.218383,212155.399491,3035.1067868
421921.511276,212156.106598,3035.81125448
421920.804169,212156.813704,3036.56126188
421920.097063,212157.520811,3037.27326599
421919.389956,212158.227918,3037.71763627
421918.682849,212158.935025,3038.07968787
421917.975742,212159.642131,3038.28377604
421917.268636,212160.349238,3038.47990698
421916.561529,212161.056345,3038.69622986
421915.854422,212161.763452,3038.90641059
421915.147315,212162.470559,3039.25571233
421914.440208,212163.177665,3039.5870788
421913.733102,212163.884772,3039.90050998
421913.025995,212164.591879,3040.19600588
421912.318888,212165.298986,3040.4735665
421911.492701,212164.980089,3040.7581124
421910.642436,212164.453735,3041.03405085
421909.792171,212163.92738,3041.27253645
421908.941906,212163.401025,3041.48972673
421908.09164,212162.874671,3041.72199043
421907.241375,212162.348316,3041.97020121
421906.39111,212161.821961,3042.3996146
421905.540845,212161.295607,3042.86710765
421904.69058,212160.769252,3043.32660646
421903.840315,212160.242898,3043.77811103
421902.99005,212159.716543,3044.22162134
421902.139784,212159.190188,3044.64630946
421901.289519,212158.663834,3044.92317654
421900.439254,212158.137479,3045.23161422
421899.588989,212157.611125,3045.5227054
421898.738724,212157.08477,3045.75517761
421897.888459,212156.558415,3045.92903087
421897.038194,212156.032061,3046.08243656
421896.187928,212155.505706,3046.27646616
421895.337663,212154.979351,3046.45652033
421894.487398,212154.452997,3046.62259907
421893.637133,212153.926642,3046.77470237
421892.786868,212153.400288,3046.91283023
421891.936603,212152.873933,3047.11713511
421891.086338,212152.347578,3047.40839357
421890.236072,212151.821224,3047.68182444
421889.385807,212151.294869,3047.93742772
421888.535542,212150.768515,3048.17520341
421887.685277,212150.24216,3048.39515152
421886.835012,212149.715805,3048.61928099
421885.984747,212149.189451,3048.8316111
421885.134481,212148.663096,3049.03042968
421884.284216,212148.136741,3049.21573675
421883.433951,212147.610387,3049.38753229
421882.583686,212147.084032,3049.56740757
421881.733421,212146.557678,3049.79396191
421882.021653,212145.74473,3049.99948269
421882.521375,212144.878545,3050.18396989
421883.021098,212144.012359,3050.34742353
421883.52082,212143.146174,3050.48984359
421884.020543,212142.279988,3050.6289694
421884.520265,212141.413802,3050.78290556
421885.019987,212140.547617,3050.93881336
421885.51971,212139.681431,3051.09669279
421886.019432,212138.815246,3051.29107956
421886.519155,212137.94906,3051.51040003
421887.018877,212137.082874,3051.7340554
421887.5186,212136.216689,3051.95085342
421888.018322,212135.350503,3052.16022881
421888.518045,212134.484318,3052.36218156
421889.017767,212133.618132,3052.55671166
421889.517489,212132.751947,3052.74301905
421890.017212,212131.885761,3052.91350894
421890.516934,212131.019575,3053.08886993
421891.016657,212130.15339,3053.25889737
421891.516379,212129.287204,3053.41236892
421892.016102,212128.421019,3053.56636238
421892.515824,212127.554833,3053.71766499
421893.015547,212126.688647,3053.85615523
421893.515269,212125.822462,3053.98479555
421894.014992,212124.956276,3054.10358597
421894.514714,212124.090091,3054.21252648
421895.014436,212123.223905,3054.31161708
421895.514159,212122.35772,3054.42342357
421896.013881,212121.491534,3054.55174636
421896.513604,212120.625348,3054.72424302
421897.013326,212119.759163,3054.89501658
421897.513049,212118.892977,3055.06406702
421898.012771,212118.026792,3055.23139435
421898.512494,212117.160606,3055.41228527
421899.012216,212116.29442,3055.59021494
421899.511939,212115.428235,3055.76329836
421900.011661,212114.562049,3055.93153553
421900.511383,212113.695864,3056.09492644
421901.011106,212112.829678,3056.25098811
421901.510828,212111.963492,3056.36270438
421902.010551,212111.097307,3056.46477801
421902.510273,212110.231121,3056.569544
421903.009996,212109.364936,3056.67700236
421903.482677,212108.48782,3056.78715308
421903.725212,212107.517677,3056.89329939
421903.967748,212106.547535,3056.98700811
421904.210283,212105.577392,3057.07332734
421904.452819,212104.60725,3057.15225706
421904.695355,212103.637107,3057.22379728
421904.93789,212102.666965,3057.30417096
421905.180426,212101.696822,3057.37872355
421905.422962,212100.72668,3057.4530625
421905.665497,212099.756537,3057.5361827
421905.908033,212098.786395,3057.62808415
421906.150568,212097.816252,3057.72876684
421906.393104,212096.84611,3057.83817143
421906.63564,212095.875967,3057.94309805
421906.878175,212094.905825,3058.03496879
421907.120711,212093.935682,3058.11378363
421907.363247,212092.96554,3058.17170258
421907.605782,212091.995397,3058.15071203
421907.848318,212091.025255,3058.10904028
421908.090853,212090.055112,3058.07622609
421908.333389,212089.08497,3058.04622853
421908.575925,212088.114827,3058.01904759
421908.81846,212087.144685,3057.99468327
421909.060996,212086.174542,3057.97313559
421909.303532,212085.2044,3057.94510708
421909.546067,212084.234257,3057.9046002
421909.788603,212083.264115,3057.85570971
421910.031138,212082.293972,3057.8648053
421910.273674,212081.32383,3057.88272416
421910.51621,212080.353687,3057.89422278
421910.758745,212079.383545,3057.96442555
421911.001281,212078.413402,3058.04016159
421911.243817,212077.44326,3058.11237685
421911.486352,212076.473117,3058.18107133
421911.728888,212075.502975,3058.24624502
421911.971423,212074.532832,3058.30506671
421912.144371,212073.603127,3058.34137816
421911.181407,212073.333497,3058.36828378
421910.218443,212073.063867,3058.3689959
421909.255479,212072.794237,3058.33706001
421908.292515,212072.524607,3058.2724761
421907.329551,212072.254977,3058.23262969
421906.366587,212071.985348,3058.26101309
421905.403623,212071.715718,3058.29570904
421904.440659,212071.446088,3058.33671756
421903.477695,212071.176458,3058.38403863
421902.514731,212070.906828,3058.43767225
421901.551767,212070.637198,3058.46620048
421900.588803,212070.367568,3058.5116955
421899.625839,212070.097938,3058.55538457
421898.662875,212069.828308,3058.59726768
421897.699911,212069.558678,3058.63734483
421896.736947,212069.289048,3058.67585208
421895.773983,212069.019418,3058.75425663
421894.811019,212068.749788,3058.83193218
421893.848055,212068.480159,3058.90879035
421892.885091,212068.210529,3058.98468006
421891.922127,212067.940899,3059.05984179
421890.959163,212067.671269,3059.15734015
421889.996199,212067.401639,3059.26485628
421889.033235,212067.132009,3059.34928406
421888.070271,212066.862379,3059.41062348
421887.107307,212066.592749,3059.44887454
421886.144343,212066.323119,3059.46403724
421885.181378,212066.053489,3059.5131329
421884.218414,212065.783859,3059.60282973
421883.25545,212065.514229,3059.69701849
421882.292486,212065.244599,3059.79569918
421881.329522,212064.974969,3059.91027828
421880.366558,212064.70534,3060.03856663
421879.403594,212064.43571,3060.13283268
421878.44063,212064.16608,3060.21671384
421877.477666,212063.89645,3060.29570599
421876.514702,212063.62682,3060.36980913
421875.669544,212063.214476,3060.43902327
421875.222331,212062.320049,3060.51499505
421874.775117,212061.425622,3060.65758826
421874.327903,212060.531194,3060.80329189
421873.88069,212059.636767,3060.95089475
421873.433476,212058.74234,3061.09749025
421872.986263,212057.847913,3061.247494
421872.539049,212056.953486,3061.38542646
421872.091835,212056.059058,3061.48855792
421871.644622,212055.164631,3061.56993289
421871.197408,212054.270204,3061.62955136
421870.750195,212053.375777,3061.66741333
421870.302981,212052.48135,3061.68351881
421869.855767,212051.586922,3061.79512878
421869.408554,212050.692495,3061.9544866
421868.96134,212049.798068,3062.14175381
421868.514127,212048.903641,3062.33516811
421868.066913,212048.009214,3062.53187484
421867.6197,212047.114786,3062.73169966
421867.172486,212046.220359,3062.90600065
421866.725272,212045.325932,3063.07978048
421866.278059,212044.431505,3063.25303915
421865.830845,212043.537078,3063.42577665
421865.383632,212042.64265,3063.59799299
421864.936418,212041.748223,3063.77554662
421864.489204,212040.853796,3063.95954233
421864.041991,212039.959369,3064.14069607
421863.594777,212039.064942,3064.33109011
421863.147564,212038.170515,3064.53072446
421862.70035,212037.276087,3064.73959911
421861.767249,212037.348699,3064.90183788
421860.782687,212037.523732,3065.0102671
421859.798124,212037.698765,3065.09962009
421858.813562,212037.873799,3065.16989685
421857.828999,212038.048832,3065.22109739
421856.844437,212038.223865,3065.26666976
421855.859874,212038.398899,3065.45718538
421854.875312,212038.573932,3065.68053212
421853.890749,212038.748965,3065.87557667
421852.906187,212038.923999,3066.04400973
421851.921624,212039.099032,3066.21616552
421850.937062,212039.274065,3066.30062176
421849.952499,212039.449099,3066.31569802
421848.967937,212039.624132,3066.33004751
421847.983374,212039.799165,3066.34367024
421846.998812,212039.974199,3066.35656621
421846.014249,212040.149232,3066.41022652
421845.029687,212040.324265,3066.49867266
421844.045124,212040.499299,3066.58810892
421843.060562,212040.674332,3066.67853528
421842.075999,212040.849365,3066.76995175
421841.091437,212041.024399,3066.88660692
421840.106874,212041.199432,3067.02393949
421839.122312,212041.374465,3067.15975697
421838.137749,212041.549499,3067.29405937
421837.153187,212041.724532,3067.42684667
421836.168624,212041.899565,3067.55343569
421835.184062,212042.074599,3067.67752185
421834.199499,212042.249632,3067.80475959
421833.214937,212042.424665,3067.93514893
421832.230374,212042.599699,3068.06868985
421831.245811,212042.774732,3068.18262238
421830.261249,212042.949765,3068.27241013
421829.276686,212043.124799,3068.36050666
421828.292124,212043.299832,3068.44691196
421827.307561,212043.474865,3068.53162605
421826.322999,212043.649899,3068.62321592
421825.338436,212043.824932,3068.72633758
421824.353874,212043.999965,3068.83264331
421823.369311,212044.174999,3068.94213312
421822.384749,212044.350032,3069.05480702
421821.400186,212044.525065,3069.1422986
421820.415624,212044.700099,3069.1951935
421819.431061,212044.875132,3069.24676312
421818.446499,212045.050165,3069.14464245
421817.461936,212045.225199,3068.86682646
421816.477374,212045.400232,3068.59632561
421815.492811,212045.575265,3068.33445238
421814.508249,212045.750299,3068.07808246
421813.523686,212045.925332,3067.81268896
421812.539124,212046.100365,3067.66369944
421811.554561,212046.275399,3067.53713329
421810.569999,212046.450432,3067.40872656
421809.585436,212046.625465,3067.27847924
421808.600874,212046.800499,3067.14639134
421807.616311,212046.975532,3067.01246285
421806.631749,212047.150565,3066.79411567
421805.647186,212047.325599,3066.48367697
421804.662624,212047.500632,3066.19213494
421803.678061,212047.675665,3065.91948957
421802.693499,212047.850699,3065.66574088
421801.708936,212048.025732,3065.43088884
421800.724374,212048.200765,3065.23502416
421799.739811,212048.375799,3065.11126602
421798.755249,212048.550832,3064.89331443
421797.770686,212048.725865,3064.65169194
421796.832676,212048.678159,3064.41667667
421796.000625,212048.123459,3064.18826863
421795.168575,212047.568758,3063.96646781
421794.336525,212047.014058,3063.63912269
421793.504475,212046.459358,3063.29531839
421792.672424,212045.904658,3062.94556758
421791.840374,212045.349958,3062.63085039
421791.008324,212044.795257,3062.35713837
421790.176273,212044.240557,3062.09413949
421789.344223,212043.685857,3061.90437891
421788.512173,212043.131157,3061.75623659
421787.680123,212042.576457,3061.60577231
421786.848072,212042.021756,3061.45298606
421786.016022,212041.467056,3061.52103509
421785.183972,212040.912356,3061.62156204
421784.351921,212040.357656,3061.71599156
421783.820811,212039.582301,3061.81001618
421783.542,212038.621955,3061.90363588
421783.26319,212037.661609,3061.99685067
421782.98438,212036.701262,3062.0724285
421782.70557,212035.740916,3062.14411746
421782.42676,212034.78057,3062.21422811
421782.147949,212033.820224,3062.28276045
421781.869139,212032.859878,3062.34971449
421781.590329,212031.899531,3062.42183962
421781.311519,212030.939185,3062.49487357
421781.032709,212029.978839,3062.56790023
421780.753898,212029.018493,3062.64091959
421780.475088,212028.058146,3062.71393166
421780.196278,212027.0978,3062.76457897
421779.917468,212026.137454,3062.80982708
421779.638658,212025.177108,3062.85321356
421779.359847,212024.216762,3062.89473842
421779.081037,212023.256415,3062.93440166
421778.802227,212022.296069,3062.99560908
421778.523417,212021.335723,3063.06136916
421778.244607,212020.375377,3063.12771289
421777.965796,212019.41503,3063.19464028
421777.686986,212018.454684,3063.26215133
421777.408176,212017.494338,3063.28838805
421777.129366,212016.533992,3063.30586723
421776.850556,212015.573645,3063.32247215
421776.571745,212014.613299,3063.33820279
421776.292935,212013.652953,3063.35305917
421776.014125,212012.692607,3063.43462114
421775.735315,212011.732261,3063.53104951
421775.456505,212010.771914,3063.62865614
421775.177694,212009.811568,3063.72744103
421774.898884,212008.851222,3063.82740418
421774.620074,212007.890876,3063.89366865
421774.341264,212006.930529,3063.95219549
421774.062454,212005.970183,3064.0105144
421773.783643,212005.009837,3064.06862538
421773.504833,212004.049491,3064.12652844
421773.226023,212003.089145,3064.19827036
421772.947213,212002.128798,3064.27397614
421772.668403,212001.168452,3064.35044919
421772.389593,212000.208106,3064.4276895
421772.110782,211999.24776,3064.50569709
421771.831972,211998.287413,3064.610862
421771.553162,211997.327067,3064.72395718
421771.274352,211996.366721,3064.83847138
421770.995542,211995.406375,3064.95686967
421770.454047,211994.626413,3065.07716449
421769.657884,211994.021329,3065.17472099
421768.861722,211993.416246,3065.26736772
421768.06556,211992.811163,3065.36135564
421767.269398,211992.20608,3065.45668475
421766.473236,211991.600996,3065.55335507
421765.677074,211990.995913,3065.65501395
421764.880911,211990.39083,3065.75802867
421764.084749,211989.785747,3065.86125254
421763.288587,211989.180663,3065.96468554
421762.492425,211988.57558,3066.0683277
421761.696263,211987.970497,3066.16537521
421760.9001,211987.365413,3066.26181888
421760.103938,211986.76033,3066.35983235
421759.307776,211986.155247,3066.45941561
421758.511614,211985.550164,3066.56056867
421757.715452,211984.94508,3066.74246193
421756.919289,211984.339997,3066.9486991
421756.123127,211983.734914,3067.15420913
421755.326965,211983.129831,3067.35899202
421754.530803,211982.524747,3067.56304777
421753.734641,211981.919664,3067.74046245
421752.938478,211981.314581,3067.90943739
421752.142316,211980.709498,3068.07865067
421751.346154,211980.104414,3068.24810227
421750.549992,211979.499331,3068.4177922
421749.75383,211978.894248,3068.59329492
421748.957667,211978.289164,3068.77261287
421748.161505,211977.684081,3068.95405023
421747.365343,211977.078998,3069.13760699
421746.569181,211976.473915,3069.32328316
421745.773019,211975.868831,3069.4978434
421744.976856,211975.263748,3069.67049164
421744.180694,211974.658665,3069.84619315
421743.384532,211974.053582,3070.02494792
421742.58837,211973.448498,3069.5064815
421741.792208,211972.843415,3068.91612903
421740.996045,211972.238332,3068.42462697
421740.199883,211971.633249,3067.98062532
421739.403721,211971.028165,3067.53662367
421738.607559,211970.423082,3067.09262202
421737.811397,211969.817999,3066.64862037
421737.015235,211969.212915,3066.1617872
421736.219072,211968.607832,3065.65437228
421735.42291,211968.002749,3065.14695736
421734.626748,211967.397666,3064.63954244
421733.711385,211967.47274,3064.13212752
421732.756905,211967.771015,3063.66646752
421731.802425,211968.06929,3063.22087194
421730.847945,211968.367565,3062.77527636
421729.893465,211968.66584,3062.32968079
421728.938985,211968.964115,3061.88408521
421727.984505,211969.26239,3061.41715514
421727.030025,211969.560665,3060.93997325
421726.075545,211969.85894,3060.46279136
421725.121065,211970.157215,3059.98560947
421724.166585,211970.45549,3059.50842758
421723.212105,211970.753765,3059.04733053
421722.257625,211971.05204,3058.59396271
421721.303145,211971.350315,3058.14059488
421720.348665,211971.64859,3057.75451353
421719.394185,211971.946865,3057.43995267
421718.439705,211972.24514,3057.14107398
421717.485225,211972.543415,3056.86385128
421716.530745,211972.84169,3056.59789006
421715.576265,211973.139965,3056.34319033
421714.621785,211973.43824,3056.09975209
421713.667305,211973.736515,3055.86757533
421712.712825,211974.03479,3055.66436492
421711.758345,211974.333065,3055.4647969
421710.803865,211974.63134,3055.25777667
421709.849385,211974.929615,3055.04330423
421708.894905,211975.22789,3054.82137959
421707.940425,211975.526165,3054.59200273
421706.985945,211975.82444,3054.30600652
421706.031466,211976.122715,3054.00371746
421705.076986,211976.42099,3053.68738066
421704.122506,211976.719265,3053.35699611
421703.168026,211977.01754,3053.03656446
421702.213546,211977.315815,3052.74173374
421701.259066,211977.61409,3052.43284053
421700.304586,211977.912365,3052.1199717
421699.350106,211978.21064,3051.80312725
421698.395626,211978.508915,3051.48230717
421697.441146,211978.80719,3051.15751148
421696.486666,211979.105465,3050.79392927
421695.532186,211979.40374,3050.39381514
421694.577706,211979.702015,3049.99311049
421693.623226,211980.00029,3049.59455893
421692.668746,211980.298565,3049.21177099
421691.714266,211980.59684,3048.83493817
421690.759786,211980.895115,3048.38158448
421689.805306,211981.19339,3047.90633023
421688.850826,211981.491665,3047.43335489
421687.896346,211981.78994,3046.96265847
421686.941866,211982.088215,3046.49424095
421685.987386,211982.38649,3046.03013041
421685.032906,211982.684765,3045.61571981
421684.078426,211982.98304,3045.20689837
421683.123946,211983.281315,3044.79536496
421682.169466,211983.57959,3044.38492251
421681.214986,211983.877865,3044.03386458
421680.260506,211984.17614,3043.8285587
421679.306026,211984.474415,3043.59675091
421678.351546,211984.77269,3043.36290127
421677.397066,211985.070965,3043.12743623
421676.442586,211985.36924,3042.89035582
421675.488106,211985.667515,3042.65166001
421674.533626,211985.96579,3042.41122251
421673.579146,211986.264065,3042.18138075
421672.624666,211986.56234,3041.95337071
421671.670186,211986.860615,3041.72719241
421670.715706,211987.15889,3041.50284583
421669.761226,211987.457165,3041.39744426
421668.806746,211987.75544,3041.30286626
421667.852266,211988.053715,3041.20676182
421666.897786,211988.35199,3041.10913094
421665.943306,211988.650265,3041.00997362
421664.988826,211988.94854,3040.90006993
421664.034346,211989.246815,3040.78632776
421663.079867,211989.54509,3040.67010002
421662.125387,211989.843365,3040.5513867
421661.170907,211990.14164,3040.4301878
421660.216427,211990.439915,3040.17568156
421659.261947,211990.73819,3039.89722541
421658.307467,211991.036465,3039.62255531
421657.352987,211991.33474,3039.35167128
421656.398507,211991.633015,3039.38286407
421655.444027,211991.93129,3039.55705379
421654.489547,211992.229565,3039.76135554
421653.535067,211992.52784,3039.96816347
421652.580587,211992.826115,3040.15327213
421651.626107,211993.12439,3040.30729723
421650.671627,211993.422665,3040.43023875
421649.717147,211993.72094,3040.5220967
421648.762667,211994.019215,3040.58287108
421647.808187,211994.31749,3040.69481881
421646.853707,211994.615765,3040.87620865
421645.899227,211994.91404,3041.05839882
421644.944747,211995.212315,3041.23750872
421643.990267,211995.51059,3041.41353835
421643.035787,211995.808865,3041.58648772
421642.081307,211996.10714,3041.75635682
421641.145031,211996.430632,3041.92955307
421640.561394,211997.242648,3042.12369066
421639.977758,211998.054663,3042.3202789
421639.394122,211998.866679,3042.51931779
421638.810486,211999.678694,3042.72080734
421638.22685,212000.490709,3042.92474754
421637.643214,212001.302725,3043.13113839
421637.059578,212002.11474,3043.33749454
421636.475942,212002.926755,3043.53580112
421635.892306,212003.738771,3043.73060712
421635.30867,212004.550786,3043.92462852
421634.725034,212005.362802,3044.11786532
421634.141398,212006.174817,3044.31031753
421633.557762,212006.986832,3044.50198515
421632.974126,212007.798848,3044.69560626
421632.39049,212008.610863,3044.88260838
421631.806854,212009.422878,3045.05244425
421631.223218,212010.234894,3045.21544154
421630.639582,212011.046909,3045.37160025
421630.055946,212011.858925,3045.52092038
421629.47231,212012.67094,3045.66621783
421628.888674,212013.482955,3045.8124681
421628.305037,212014.294971,3045.95287748
421627.721401,212015.106986,3046.08620404
421627.137765,212015.919001,3046.21612166
421626.554129,212016.731017,3046.34513844
421625.970493,212017.543032,3046.4732544
421625.386857,212018.355047,3046.62366523
421624.803221,212019.167063,3046.78271209
421624.219585,212019.979078,3046.93524969
421623.635949,212020.791094,3047.08127806
421623.052313,212021.603109,3047.2205656
421622.468677,212022.415124,3047.35090818
421621.885041,212023.22714,3047.47223275
421621.301405,212024.039155,3047.60290914
421620.717769,212024.85117,3047.72580925
421620.134133,212025.663186,3047.84021441
421619.550497,212026.475201,3047.94612463
421618.966861,212027.287217,3048.05249845
421618.383225,212028.099232,3048.1694063
421617.799589,212028.911247,3048.28727889
421617.215953,212029.723263,3048.40948344
421616.632316,212030.535278,3048.52264092
421616.04868,212031.347293,3048.62675133
421615.465044,212032.159309,3048.72181466
421614.881408,212032.971324,3048.80783092
421614.297772,212033.78334,3048.88546822
421613.714136,212034.595355,3048.9544646
421613.1305,212035.40737,3049.01515388
421612.546864,212036.219386,3049.06689296
421611.963228,212037.031401,3049.10968182
421611.379592,212037.843416,3049.14352048
421610.795956,212038.655432,3049.16840893
421610.21232,212039.467447,3049.19532712
421609.628684,212040.279463,3049.31009758
421609.045048,212041.091478,3049.41444039
421608.461412,212041.903493,3049.50721766
421607.877776,212042.715509,3049.5884294
421607.042897,212043.127794,3049.65807562
421606.058113,212043.301579,3049.71615631
421605.07333,212043.475365,3049.761462
421604.088546,212043.64915,3049.79030915
421603.103763,212043.822935,3049.80717309
421602.118979,212043.996721,3049.81191938
421601.134196,212044.170506,3049.80454802
421600.149412,212044.344291,3049.78505901
421599.164628,212044.518077,3049.75345234
421598.179845,212044.691862,3049.7179765
421597.195061,212044.865647,3049.678009
421596.210278,212045.039433,3049.69937098
421595.225494,212045.213218,3049.7187182
421594.240711,212045.387003,3049.73605066
421593.255927,212045.560789,3049.75136834
421592.271144,212045.734574,3049.76467127
421591.28636,212045.908359,3049.75995655
421590.301576,212046.082145,3049.75513301
421589.316793,212046.25593,3049.73801472
421588.332009,212046.429715,3049.70577901
421587.347226,212046.603501,3049.66871949
421586.362442,212046.777286,3049.62683616
421585.377659,212046.951071,3049.60409291
421584.392875,212047.124857,3049.62541759
421583.408091,212047.298642,3049.64531836
421582.51348,212047.103125,3049.66379525
421581.719602,212046.495048,3049.66642458
421580.925723,212045.886971,3049.65933079
421580.131845,212045.278894,3049.64311244
421579.337967,212044.670817,3049.61659881
421578.544089,212044.06274,3049.58322974
421577.750211,212043.454663,3049.54409727
421576.956333,212042.846586,3049.49920141
421576.162455,212042.23851,3049.45235792
421575.368576,212041.630433,3049.40748383
421574.574698,212041.022356,3049.35921299
421573.78082,212040.414279,3049.31536884
421572.986942,212039.806202,3049.26064688
421572.193064,212039.198125,3049.19504713
421571.399186,212038.590048,3049.11856958
421570.605307,212037.981971,3049.03121424
421569.811429,212037.373895,3048.9507492
421569.017551,212036.765818,3048.87689175
421568.223673,212036.157741,3048.8086679
421567.429795,212035.549664,3048.73439007
421566.635917,212034.941587,3048.65405825
421565.842039,212034.33351,3048.56767245
421565.04816,212033.725433,3048.47523266
421564.254282,212033.117356,3048.386492
421563.460404,212032.50928,3048.31703468
421562.666526,212031.901203,3048.2333923
421561.872648,212031.293126,3048.13730294
421561.07877,212030.685049,3048.02876659
421560.284892,212030.076972,3047.90778324
421559.491013,212029.468895,3047.77435291
421558.697135,212028.860818,3047.62825821
421557.903257,212028.252741,3047.519757
421557.109379,212027.644665,3047.44223124
421556.315501,212027.036588,3047.37199933
421555.521623,212026.428511,3047.30906125
421554.727745,212025.820434,3047.25341701
421553.933866,212025.212357,3047.20506661
421553.139988,212024.60428,3047.17151679
421552.34611,212023.996203,3047.15253592
421551.552232,212023.388126,3047.13967746
421550.758354,212022.780049,3047.12590849
421549.964476,212022.171973,3047.111229
421549.170598,212021.563896,3047.09563899
421548.376719,212020.955819,3047.07913846
421547.582841,212020.347742,3047.05121105
421546.788963,212019.739665,3047.01999003
421545.995085,212019.131588,3046.98956096
421545.201207,212018.523511,3046.96379482
421544.407329,212017.915434,3046.94415046
421543.613451,212017.307358,3046.9306279
421542.819572,212016.699281,3046.92353842
421542.025694,212016.091204,3046.92416329
421541.231816,212015.483127,3046.92415855
421540.437938,212014.87505,3046.9235242
421539.64406,212014.266973,3046.91710139
421538.850182,212013.658896,3046.90788401
421538.056303,212013.050819,3046.89601256
421537.262425,212012.442743,3046.87974524
421536.468547,212011.834666,3046.86199495
421535.674669,212011.226589,3046.8470634
421534.880791,212010.618512,3046.83495058
421534.086913,212010.010435,3046.82411732
421533.293035,212009.402358,3046.81786228
421532.499156,212008.794281,3046.82025718
421531.705278,212008.186204,3046.83086169
421530.9114,212007.578128,3046.84918476
421530.117522,212006.970051,3046.87526661
421529.323644,212006.361974,3046.90910726
421528.529766,212005.753897,3046.95070668
421527.735888,212005.14582,3046.98783892
421526.942009,212004.537743,3047.02798379
421526.148131,212003.929666,3047.04820711
421525.354253,212003.321589,3047.07485249
421524.560375,212002.713513,3047.10791995
421523.766497,212002.105436,3047.14740946
421522.972619,212001.497359,3047.19332104
421522.178741,212000.889282,3047.25916575
421521.384862,212000.281205,3047.38192549
421520.590984,211999.673128,3047.52076098
421519.797106,211999.065051,3047.66311263
421519.003228,211998.456974,3047.80898043
421518.20935,211997.848897,3047.95836438
421517.415472,211997.240821,3048.11126449
421516.621594,211996.632744,3048.26768075
421515.827715,211996.024667,3048.35158442
421515.033837,211995.41659,3048.41565035
421514.535678,211994.776077,3048.48845339
421515.178871,211994.010372,3048.56999354
421515.822063,211993.244667,3048.6602708
421516.465255,211992.478962,3048.75928516
421517.108447,211991.713257,3048.86873973
421517.751639,211990.947552,3049.00138898
421518.394831,211990.181847,3049.10392173
421519.038023,211989.416142,3049.21323493
421519.681215,211988.650438,3049.3293286
421520.324407,211987.884733,3049.45220272
421520.967599,211987.119028,3049.58185731
421521.610791,211986.353323,3049.69419347
421522.253984,211985.587618,3049.78180292
421522.897176,211984.821913,3049.87440203
421523.540368,211984.056208,3049.98371224
421524.18356,211983.290504,3050.1142453
421524.826752,211982.524799,3050.2660012
421525.469944,211981.759094,3050.43897994
421526.113136,211980.993389,3050.64439761
421526.756328,211980.227684,3050.86541464
421527.39952,211979.461979,3051.09762912
421528.042712,211978.696274,3051.18989353
421528.685904,211977.93057,3051.28580345
421529.329096,211977.164865,3051.38722492
421529.972289,211976.39916,3051.49638463
421530.615481,211975.633455,3051.61556777
421531.258673,211974.86775,3051.66978552
421531.901865,211974.102045,3051.53614959
421532.545057,211973.33634,3051.47496513
421533.188249,211972.570635,3051.43257337
421533.831441,211971.804931,3051.40230729
421534.474633,211971.039226,3051.38416688
421535.117825,211970.273521,3051.37815214
421535.761017,211969.507816,3051.29667817
421536.404209,211968.742111,3051.1013828
421537.047402,211967.976406,3050.86805179
421537.690594,211967.210701,3050.61503508
421538.333786,211966.444997,3050.39511076
421538.976978,211965.679292,3050.20827882
421539.62017,211964.913587,3050.12423499
421540.263362,211964.147882,3050.0588364
421540.906554,211963.382177,3050.01043981
421541.549746,211962.616472,3049.97904521
421542.192938,211961.850767,3049.96465259
421542.83613,211961.085062,3049.81930794
421543.479322,211960.319358,3049.52698199
421544.122514,211959.553653,3049.22257378
421544.765707,211958.787948,3048.90768561
421544.870858,211957.888416,3048.60177667
421544.661329,211956.910614,3048.27418121
421544.451799,211955.932811,3048.0633611
421544.24227,211954.955009,3047.85689639
421544.032741,211953.977206,3047.65478709
421543.823212,211952.999404,3047.45703319
421543.613683,211952.021601,3047.26363469
421543.404154,211951.043799,3046.94993772
421543.194625,211950.065997,3046.5134663
421542.985096,211949.088194,3046.03819417
421542.775567,211948.110392,3045.52412132
421542.566038,211947.132589,3044.97124776
421542.356509,211946.154787,3044.48222458
421542.146979,211945.176985,3044.34051413
421541.93745,211944.199182,3044.18613539
421541.727921,211943.22138,3044.01908835
421541.518392,211942.243577,3043.83937302
421541.308863,211941.265775,3043.64698941
421541.099334,211940.287972,3043.35474511
421540.889805,211939.31017,3043.00885815
421540.680276,211938.332368,3042.66172679
421541.022395,211937.44433,3042.31335102
421541.531124,211936.583404,3041.96373086
421542.039853,211935.722477,3041.63043289
421542.548582,211934.86155,3041.39549527
421543.057312,211934.000624,3041.18089975
421543.566041,211933.139697,3040.966297
421544.07477,211932.278771,3040.75168701
421544.5835,211931.417844,3040.53706979
421545.092229,211930.556918,3040.24254175
421545.600958,211929.695991,3039.88618908
421546.109688,211928.835065,3039.49807525
421546.618417,211927.974138,3039.07820026
421547.127146,211927.113212,3038.6265641
421547.635876,211926.252285,3038.20000497
421548.144605,211925.391359,3037.95714198
421548.653334,211924.530432,3037.71904526
421549.162063,211923.669506,3037.52902225
421549.670793,211922.808579,3037.38375426
421550.179522,211921.947653,3037.2832413
421550.688251,211921.086726,3036.99041501
421551.196981,211920.225799,3036.60707488
421551.70571,211919.364873,3036.20069886
421552.214439,211918.503946,3035.77128696
421552.723169,211917.64302,3035.31883916
421553.231898,211916.782093,3034.91334736
421553.740627,211915.921167,3034.65414617
421554.249357,211915.06024,3034.36744517
421554.758086,211914.199314,3034.05324436
421555.266815,211913.338387,3033.77533553
421555.775545,211912.477461,3033.51969903
421556.284274,211911.616534,3033.18506927
421556.793003,211910.755608,3032.79183549
421557.301732,211909.894681,3032.35292062
421557.810462,211909.033755,3031.86832466
421558.319191,211908.172828,3031.33804761
421558.82792,211907.311902,3030.87936702
421559.33665,211906.450975,3030.63022643
421559.640445,211905.520075,3030.39212628
421559.76448,211904.527797,3030.16506658
421559.888514,211903.535519,3029.94904731
421560.012549,211902.543242,3029.73937338
421560.136584,211901.550964,3029.280196
421560.260619,211900.558686,3028.79143454
421560.384653,211899.566408,3028.30719489
421560.508688,211898.57413,3027.82747705
421560.632723,211897.581852,3027.35228102
421560.756758,211896.589574,3027.01475407
421560.880792,211895.597296,3026.8541102
421561.004827,211894.605019,3026.67396107
421561.128862,211893.612741,3026.47430667
421561.252897,211892.620463,3026.25514701
421561.376931,211891.628185,3026.0164821
421561.500966,211890.635907,3025.63086117
421561.625001,211889.643629,3025.3551831
421561.749036,211888.651351,3025.04577597
421561.87307,211887.659073,3024.70263979
421561.997105,211886.666796,3024.32577456
421562.12114,211885.674518,3024.03232654
421562.245174,211884.68224,3023.86143927
421562.369209,211883.689962,3023.7188339
421562.517675,211882.711356,3023.62862997
421563.298544,211882.086661,3023.54172537
421564.079412,211881.461966,3023.4581201
421564.860281,211880.837271,3023.29048022
421565.64115,211880.212576,3023.01613594
421566.422019,211879.587881,3022.73050548
421567.202888,211878.963186,3022.43358883
421567.983756,211878.338491,3022.12538599
421568.764625,211877.713796,3021.80589696
421569.545494,211877.089101,3021.48698509
421570.274213,211877.405999,3021.30753923
421570.981319,211878.113106,3021.17307873
421571.688426,211878.820213,3021.07745261
421572.395533,211879.527319,3020.97435308
421573.10264,211880.234426,3020.86378013
421573.809747,211880.941533,3020.74573377
421574.516853,211881.64864,3020.62737806
421575.22396,211882.355747,3020.47257222
421575.931067,211883.062853,3020.2721177
421576.638174,211883.76996,3020.01223174
421577.34528,211884.477067,3019.7399275
421578.052387,211885.184174,3019.47976517
421578.759494,211885.89128,3019.280319
421579.466601,211886.598387,3019.18915889
421580.173708,211887.305494,3019.08986931
421580.880814,211888.012601,3018.98245024
421581.587921,211888.719708,3018.8669017
421582.295028,211889.426814,3018.80263557
421582.92428,211890.176966,3018.80324941
421583.147105,211891.151824,3018.79205777
421583.36993,211892.126683,3018.74511333
421583.592754,211893.101541,3018.66243723
421583.815579,211894.0764,3018.54402945
421584.038404,211895.051258,3018.38989001
421584.261229,211896.026117,3018.2000189
421584.484054,211897.000975,3018.04427588
421584.706878,211897.975834,3017.94130838
421584.929703,211898.950692,3017.84934181
421585.152528,211899.925551,3017.76837619
421585.375353,211900.900409,3017.69841151
421585.598178,211901.875268,3017.63944777
421585.821002,211902.850126,3017.57761488
421586.043827,211903.824985,3017.45194097
421586.266652,211904.799843,3017.35226104
421586.489477,211905.774702,3017.26261236
421586.712302,211906.74956,3017.13635726
421586.935126,211907.724419,3016.97349574
421587.157951,211908.699277,3016.77402781
421587.380776,211909.674136,3016.61015509
421587.603601,211910.648994,3016.46808246
421587.826426,211911.623853,3016.33266554
421588.04925,211912.598711,3016.24451281
421588.272075,211913.57357,3016.2574148
421588.4949,211914.548428,3016.30641927
421588.717725,211915.523287,3016.3124994
421588.94055,211916.498145,3016.19320894
421589.163374,211917.473004,3016.04600251
421589.386199,211918.447862,3015.87088013
421589.609024,211919.422721,3015.66784179
421589.831849,211920.397579,3015.44698254
421590.054674,211921.372438,3015.19304742
421590.277498,211922.347296,3014.92995829
421590.500323,211923.322155,3014.64061712
421590.723148,211924.297013,3014.32502393
421590.945973,211925.271872,3013.9831787
421591.168798,211926.24673,3013.61508144
421591.391622,211927.221589,3013.22073214
421591.614447,211928.196447,3012.94526371
421591.837272,211929.171306,3012.83538318
421592.060097,211930.146164,3012.68930508
421592.282922,211931.121023,3012.50702942
421592.505746,211932.095882,3012.28855618
421592.728571,211933.07074,3012.03388538
421592.951396,211934.045599,3011.76460048
421593.174221,211935.020457,3011.52658773
421593.397046,211935.995316,3011.26897283
421593.61987,211936.970174,3011.01205696
421593.842695,211937.945033,3010.73535461
421594.06552,211938.919891,3010.43886578
421594.288345,211939.89475,3010.12259046
421594.51117,211940.869608,3009.84601364
421595.372646,211941.197058,3009.53857492
421596.350448,211941.406587,3009.1910688
421597.328251,211941.616116,3008.80107669
421598.306053,211941.825645,3008.39643197
421599.283856,211942.035174,3008.01755436
421600.261658,211942.244704,3007.73180295
421601.239461,211942.454233,3007.52452347
421602.217263,211942.663762,3007.32374758
421603.195065,211942.873291,3007.12947527
421604.172868,211943.08282,3006.94170654
421605.15067,211943.292349,3006.77201328
421606.128473,211943.501878,3006.69778378
421607.106275,211943.711407,3006.50851506
421608.084077,211943.920936,3006.28103304
421609.06188,211944.130465,3006.01533772
421610.039682,211944.339994,3005.7114291
421611.017485,211944.549524,3005.36930719
421611.995287,211944.759053,3004.98897197
421612.97309,211944.968582,3004.71570569
421613.950892,211945.178111,3004.44140599
421614.928694,211945.38764,3004.23275064
421615.906497,211945.597169,3004.08973962
421616.884299,211945.806698,3004.01237295
421617.862102,211946.016227,3004.00065062
421618.839904,211946.225756,3003.96578899
421619.817706,211946.435285,3003.78275297
421620.795509,211946.644814,3003.58568995
421621.773311,211946.854344,3003.45702936
421622.751114,211947.063873,3003.28465025
421623.728916,211947.273402,3003.06855261
421624.706718,211947.482931,3002.80873645
421625.684521,211947.69246,3002.67594865
421626.662323,211947.901989,3002.5381825
421627.640126,211948.111518,3002.39199212
421628.617928,211948.321047,3002.23737751
421629.595731,211948.530576,3001.9296555
421630.573533,211948.740105,3001.68815894
421631.551335,211948.949634,3001.47072681
421632.529138,211949.159164,3001.2496816
421633.50694,211949.368693,3001.04682549
421634.484743,211949.578222,3000.86215849
421635.363881,211949.644013,3000.69568061
421635.519843,211948.65625,3000.54739184
421635.675806,211947.668487,3000.46971329
421635.831769,211946.680724,3000.46701491
421635.987731,211945.692961,3000.48568137
421636.143694,211944.705198,3000.52571266
421636.299656,211943.717435,3000.58710879
421636.455619,211942.729672,3000.66986976
421636.611581,211941.741909,3000.77399557
421636.767544,211940.754146,3000.71787675
421636.923507,211939.766383,3000.55824884
421637.079469,211938.77862,3000.41414314
421637.235432,211937.790857,3000.29588063
421637.391394,211936.803094,3000.2034613
421637.547357,211935.815331,3000.13688515
421637.703319,211934.827568,3000.12950876
421637.859282,211933.839805,3000.17526186
421638.015245,211932.852042,3000.22952477
421638.171207,211931.864279,3000.39021768
421638.32717,211930.876516,3000.60420702
421638.483132,211929.888753,3000.85244476
421638.639095,211928.90099,3001.11225444
421638.795058,211927.913227,3001.07837266
421638.95102,211926.925464,3000.99141633
421639.106983,211925.937701,3000.85138544
421639.262945,211924.949938,3000.65828
421639.418908,211923.962175,3000.37254712
421639.57487,211922.974412,3000.03044137
421639.702471,211921.986617,2999.79454386
421639.548764,211920.998501,2999.60891237
421639.395057,211920.010384,2999.43432845
421639.24135,211919.022268,2999.27079211
421639.087643,211918.034151,2999.11830333
421638.933936,211917.046035,2998.9155723
421638.780229,211916.057918,2998.6823691
421638.626522,211915.069802,2998.45048085
421638.472815,211914.081685,2998.21990755
421638.319108,211913.093569,2997.9906492
421638.165401,211912.105452,2997.73746876
421638.011694,211911.117336,2997.46377197
421637.857987,211910.12922,2997.20173041
421637.70428,211909.141103,2996.9513441
421637.550573,211908.152987,2996.71261301
421637.396866,211907.16487,2996.44670198
421637.243159,211906.176754,2996.09283253
421637.089452,211905.188637,2995.72401549
421636.935745,211904.200521,2995.34025086
421636.782038,211903.212404,2994.94153863
421636.628331,211902.224288,2994.52111076
421636.474624,211901.236171,2994.02870538
421636.320917,211900.248055,2993.5379387
421636.16721,211899.259938,2993.04881072
421636.013503,211898.271822,2992.56132146
421635.859796,211897.283705,2992.0754709
421635.706089,211896.295589,2991.61360605
421635.552382,211895.307472,2991.15724606
421635.398675,211894.319356,2990.70421329
421635.244968,211893.33124,2990.25450775
421635.091261,211892.343123,2989.80812942
421634.937554,211891.355007,2989.29916992
421634.783847,211890.36689,2988.76728269
421634.63014,211889.378774,2988.23744261
421634.476433,211888.390657,2987.78057425
421634.322726,211887.402541,2987.35343902
421634.169019,211886.414424,2986.96940085
421634.015312,211885.426308,2986.60751293
421633.861605,211884.438191,2986.23458741
421633.707898,211883.450075,2985.85062427
421633.554191,211882.461958,2985.45562352
421633.400484,211881.473842,2985.02218834
421633.246777,211880.485725,2984.53826574
421633.09307,211879.497609,2984.05865159
421632.939363,211878.509493,2983.58334589
421632.785656,211877.521376,2983.11234865
421632.631949,211876.53326,2982.66284844
421632.478242,211875.545143,2982.29473493
421632.324535,211874.557027,2981.91937922
421632.170828,211873.56891,2981.53678134
421632.017121,211872.580794,2981.14694127
421631.863414,211871.592677,2980.74985901
421631.709707,211870.604561,2980.246084
421631.556,211869.616444,2979.70781387
421631.402293,211868.628328,2979.15635073
421631.248586,211867.640211,2978.59613619
421631.094879,211866.652095,2978.02717027
421630.941172,211865.663978,2977.60096256
421630.787465,211864.675862,2977.22128413
421630.633758,211863.687745,2976.85245404
421630.480051,211862.699629,2976.49447228
421630.326344,211861.711513,2976.14733886
421630.172637,211860.723396,2975.69420953
421630.01893,211859.73528,2975.16446801
421629.865223,211858.747163,2974.62729502
421629.711516,211857.759047,2974.08269058
421629.557809,211856.77093,2973.53065467
421629.281195,211855.813003,2973.08648925
421628.959613,211854.866121,2972.80329738
421628.63803,211853.91924,2972.53070605
421628.316448,211852.972358,2972.26871526
421627.994866,211852.025477,2972.12488411
421627.673283,211851.078595,2971.97364946
421627.351701,211850.131713,2971.62162233
421627.030118,211849.184832,2971.27860239
421626.708536,211848.23795,2970.94458965
421626.386953,211847.291069,2970.61958409
421626.065371,211846.344187,2970.30358572
421625.743789,211845.397305,2970.06635397
421625.422206,211844.450424,2969.82509627
421625.100624,211843.503542,2969.56801208
421624.779041,211842.556661,2969.29510139
421624.457459,211841.609779,2969.0063642
421624.135876,211840.662898,2968.62313865
421623.814294,211839.716016,2968.18196714
421623.492712,211838.769134,2967.74015947
421623.171129,211837.822253,2967.29505691
421622.849547,211836.875371,2966.83600871
421622.527964,211835.92849,2966.37799123
421622.206382,211834.981608,2965.92159461
421621.8848,211834.034726,2965.45333704
421621.563217,211833.087845,2964.97321851
421621.241635,211832.140963,2964.48123903
421620.920052,211831.194082,2963.97484461
421620.59847,211830.2472,2963.37775678
421620.276887,211829.300318,2962.76834426
421619.955305,211828.353437,2962.14660705
421619.633723,211827.406555,2961.51254514
421619.31214,211826.459674,2960.86615855
421618.990558,211825.512792,2960.34470198
421618.668975,211824.565911,2959.85573821
421618.347393,211823.619029,2959.35371848
421618.02581,211822.672147,2958.94708729
421617.704228,211821.725266,2958.58996993
421617.382646,211820.778384,2958.17548575
421617.061063,211819.831503,2957.71409145
421616.739481,211818.884621,2957.26166272
421616.417898,211817.937739,2956.81819957
421616.096316,211816.990858,2956.38370199
421615.774733,211816.043976,2955.96588205
421615.453151,211815.097095,2955.57082641
421615.131569,211814.150213,2955.15292877
421614.809986,211813.203331,2954.71218914
421614.488404,211812.25645,2954.2486075
421614.166821,211811.309568,2953.76218386
421613.845239,211810.362687,2953.28803091
421613.523656,211809.415805,2952.81842283
421613.202074,211808.468924,2952.35440931
421612.880492,211807.522042,2951.93644918
421612.558909,211806.57516,2951.53103967
421612.237327,211805.628279,2951.02324853
421611.915744,211804.681397,2950.41096955
421611.594162,211803.734516,2949.75041442
421611.272579,211802.787634,2949.04158311
421610.950997,211801.840752,2948.28447564
421610.629415,211800.893871,2947.57923448
421610.307832,211799.946989,2947.04042213
421609.98625,211799.000108,2946.49573578
421609.664667,211798.053226,2945.94517543
421609.343085,211797.106344,2945.38874109
421609.021502,211796.159463,2944.81314249
421608.69992,211795.212581,2944.034047
421608.378338,211794.2657,2943.21174671
421608.056755,211793.318818,2942.40199733
421607.735173,211792.371937,2941.62121379
421607.41359,211791.425055,2940.82631006
421607.092008,211790.478173,2940.32809417
421606.770425,211789.531292,2939.89418879
421606.448843,211788.58441,2939.44110968
421606.127261,211787.637529,2938.96885685
421605.805678,211786.690647,2938.47743029
421605.484096,211785.743765,2937.93488622
421605.162513,211784.796884,2937.35057623
421604.840931,211783.850002,2936.75797844
421604.519348,211782.903121,2936.15709284
421604.197766,211781.956239,2935.54791944
421603.876184,211781.009357,2934.9772371
421603.554601,211780.062476,2934.55737412
421603.233019,211779.115594,2934.1315539
421602.911436,211778.168713,2933.76058849
421602.589854,211777.221831,2933.39162242
421602.268271,211776.27495,2933.02309036
421601.946689,211775.328068,2932.58095614
421601.625107,211774.381186,2932.09884534
421601.303524,211773.434305,2931.57981399
421600.981942,211772.487423,2931.02386206
421600.660359,211771.540542,2930.43098957
421600.338777,211770.59366,2929.91568192
421600.017195,211769.646778,2929.4414766
421599.695612,211768.699897,2928.95575516
421599.37403,211767.753015,2928.45851759
421599.052447,211766.806134,2927.94976389
421598.730865,211765.859252,2927.40259895
421598.409282,211764.91237,2926.78757373
421598.0877,211763.965489,2926.16447129
421597.766118,211763.018607,2925.57732262
421597.444535,211762.071726,2925.00796835
421597.122953,211761.124844,2924.4689542
421596.80137,211760.177963,2924.05235946
421596.479788,211759.231081,2923.65484927
421596.158205,211758.284199,2923.27642362
421595.836623,211757.337318,2922.91708251
421595.515041,211756.390436,2922.57682595
421595.193458,211755.443555,2922.26759198
421594.871876,211754.496673,2921.94904839
421594.550293,211753.549791,2921.61579009
421594.228711,211752.60291,2921.26781707
421593.907128,211751.656028,2920.90512933
421593.585546,211750.709147,2920.5824644
421593.263964,211749.762265,2920.30693781
421592.942381,211748.815383,2920.07720502
421592.620799,211747.868502,2919.86743747
421592.299216,211746.92162,2919.67209927
421591.977634,211745.974739,2919.44894475
421591.656051,211745.027857,2919.09753022
421591.334469,211744.080975,2918.71844606
421591.012887,211743.134094,2918.31169229
421590.691304,211742.187212,2917.87726891
421590.369722,211741.240331,2917.41517591
421590.048139,211740.293449,2917.22853105
421589.726557,211739.346568,2917.05929462
421589.404974,211738.399686,2916.90364329
421589.083392,211737.452804,2916.76157706
421588.76181,211736.505923,2916.63309594
421588.440227,211735.559041,2916.10387353
421588.118645,211734.61216,2915.271095
421587.797062,211733.665278,2914.22300058
421587.47548,211732.718396,2913.20045329
421587.153897,211731.771515,2912.20345313
421586.832315,211730.824633,2911.37593578
421586.510733,211729.877752,2910.75500128
421586.18915,211728.93087,2910.14165303
421585.867568,211727.983988,2909.53589104
421585.545985,211727.037107,2908.9377153
421585.224403,211726.090225,2908.37344445
421584.90282,211725.143344,2907.98822742
421584.581238,211724.196462,2907.64087032
421584.259656,211723.249581,2907.33137315
421583.938073,211722.302699,2907.0597359
421583.616491,211721.355817,2906.82595859
421583.294908,211720.408936,2906.74686309
421582.973326,211719.462054,2906.73441047
421582.651743,211718.515173,2906.77159017
421582.330161,211717.568291,2906.85401392
421582.008579,211716.621409,2906.98168171
421581.686996,211715.674528,2906.87220117
421581.365414,211714.727646,2906.5518343
421581.043831,211713.780765,2906.20597974
421580.722249,211712.833883,2905.83463751
421580.400667,211711.887001,2905.43780761
421580.079084,211710.94012,2905.08339884
421579.757502,211709.993238,2904.87226496
421579.435919,211709.046357,2904.65718932
421579.114337,211708.099475,2904.43817191
421578.792754,211707.152594,2904.21521274
421578.471172,211706.205712,2903.98696523
421578.14959,211705.25883,2903.68046122
421577.828007,211704.311949,2903.33153586
421577.506425,211703.365067,2903.02952519
421577.184842,211702.418186,2902.7744292
421577.393802,211701.537986,2902.5662479
421577.939703,211700.700137,2902.5219358
421578.485603,211699.862287,2902.55034251
421579.031504,211699.024437,2902.60923692
421579.577405,211698.186587,2902.69861905
421580.123305,211697.348737,2902.81848888
421580.669206,211696.510887,2902.81735632
421581.215107,211695.673037,2902.63947242
421581.761007,211694.835187,2902.44779533
421582.306908,211693.997337,2902.24232505
421582.852809,211693.159487,2902.02306157
421583.398709,211692.321637,2901.81638992
421583.94461,211691.483787,2901.74381255
421584.490511,211690.645938,2901.68073277
421585.036411,211689.808088,2901.61192168
421585.582312,211688.970238,2901.53737928
421586.128212,211688.132388,2901.45710558
421586.674113,211687.294538,2901.38067773
421587.220014,211686.456688,2901.28270303
421587.765914,211685.618838,2901.16130964
421588.311815,211684.780988,2901.01649755
421588.857716,211683.943138,2900.84826677
421589.403616,211683.105288,2900.74635322
421589.949517,211682.267438,2900.69576375
421590.495418,211681.429588,2900.6470649
421591.041318,211680.591739,2900.60025667
421591.587219,211679.753889,2900.55533906
421592.13312,211678.916039,2900.50243187
421592.67902,211678.078189,2900.52186841
421593.224921,211677.240339,2900.55235733
421593.770822,211676.402489,2900.59389865
421594.316722,211675.564639,2900.64649235
421594.862623,211674.726789,2900.71537909
421595.408523,211673.888939,2900.87194382
421595.954424,211673.051089,2901.0368677
421596.500325,211672.213239,2901.21015073
421597.046225,211671.375389,2901.39179291
421597.592126,211670.53754,2901.58179423
421598.138027,211669.69969,2901.63616325
421598.683927,211668.86184,2901.6281886
421599.229828,211668.02399,2901.5941139
421599.775729,211667.18614,2901.53393916
421600.321629,211666.34829,2901.44766437
421600.86753,211665.51044,2901.39487646
421601.413431,211664.67259,2901.38218488
421601.959331,211663.83474,2901.35701404
421602.505232,211662.99689,2901.31936393
421603.051132,211662.15904,2901.26923455
421603.597033,211661.32119,2901.20131714
421604.142934,211660.48334,2901.08856647
421604.688834,211659.645491,2900.94081558
421605.234735,211658.807641,2900.75806447
421605.780636,211657.969791,2900.54031314
421606.326536,211657.131941,2900.28756159
421606.872437,211656.294091,2900.20487232
421607.418338,211655.456241,2900.13362503
421607.964238,211654.618391,2900.06216966
421608.510139,211653.780541,2899.9905062
421609.05604,211652.942691,2899.91863465
421609.60194,211652.104841,2900.04178406
421610.147841,211651.266991,2900.18849084
421610.693742,211650.429141,2900.32180871
421611.239642,211649.591292,2900.44173768
421611.785543,211648.753442,2900.54827773
421612.331443,211647.915592,2900.61292431
421612.877344,211647.077742,2900.63282124
421613.423245,211646.239892,2900.66088707
421613.969145,211645.402042,2900.6971218
421614.515046,211644.564192,2900.74152543
421615.060947,211643.726342,2900.79413941
421615.606847,211642.888492,2900.84197638
421616.152748,211642.050642,2900.8737966
421616.698649,211641.212792,2900.88960007
421617.244549,211640.374942,2900.8893868
421617.79045,211639.537093,2900.86709378
421618.336351,211638.699243,2900.78899093
421618.882251,211637.861393,2900.70319775
421619.428152,211637.023543,2900.61697056
421619.974053,211636.185693,2900.53030936
421620.519953,211635.347843,2900.44321415
421621.065854,211634.509993,2900.39003573
421621.611754,211633.672143,2900.36546505
421622.157655,211632.834293,2900.34025227
421622.703556,211631.996443,2900.3143974
421623.249456,211631.158593,2900.28790043
421623.795357,211630.320743,2900.23190781
421624.341258,211629.482894,2900.09121596
421624.887158,211628.645044,2899.94664775
421625.433059,211627.807194,2899.79820317
421625.97896,211626.969344,2899.64588224
421626.52486,211626.131494,2899.73011345
421627.070761,211625.293644,2899.9603843
421627.616662,211624.455794,2900.16980992
421628.162562,211623.617944,2900.35590007
421628.708463,211622.780094,2900.51865476
421629.254363,211621.942244,2900.65807399
421629.800264,211621.104394,2900.69567869
421630.346165,211620.266544,2900.70832599
421630.892065,211619.428695,2900.73536102
421631.437966,211618.590845,2900.77678377
421631.983867,211617.752995,2900.83259424
421632.529767,211616.915145,2900.97851551
421633.075668,211616.077295,2901.20425525
421633.621569,211615.239445,2901.38889485
421634.167469,211614.401595,2901.53243431
421634.71337,211613.563745,2901.62161874
421635.259271,211612.725895,2901.61921859
421635.805171,211611.888045,2901.4806154
421636.351072,211611.050195,2901.31205957
421636.896973,211610.212345,2901.11355113
421637.442873,211609.374496,2900.88509005
421637.988774,211608.536646,2900.62667635
421638.534674,211607.698796,2900.61809603
421639.080575,211606.860946,2900.65129797
421639.626476,211606.023096,2900.68227635
421640.557967,211605.717477,2900.71103117
421641.524202,211605.459814,2900.73756244
421642.490437,211605.202152,2900.6379758
421643.456672,211604.944489,2900.43890618
421644.422907,211604.686826,2900.22869499
421645.389142,211604.429164,2900.00734224
421646.355377,211604.171501,2900.04507278
421647.321612,211603.913838,2900.24391273
421648.287847,211603.656176,2900.59482124
421649.254082,211603.398513,2900.90958801
421650.220317,211603.14085,2901.18821306
421651.186552,211602.883188,2901.43069639
421652.152787,211602.625525,2901.63394336
421653.119022,211602.367862,2901.65308095
421654.085256,211602.1102,2901.67517931
421655.051491,211601.852537,2901.70023846
421656.017726,211601.594874,2901.72825838
421656.983961,211601.337212,2901.75923908
421657.950196,211601.079549,2901.88921819
421658.916431,211600.821887,2902.01763526
421659.882666,211600.564224,2902.10453602
421660.848901,211600.306561,2902.14620343
421661.80993,211600.219111,2902.13361455
421662.758614,211600.535339,2902.01297737
421663.707297,211600.851567,2901.7793433
421664.65598,211601.167795,2901.72160831
421665.604663,211601.484022,2901.83142736
421666.553347,211601.80025,2901.8912074
421667.50203,211602.116478,2901.90094843
421668.450713,211602.432706,2901.87466558
421669.399397,211602.748933,2902.10211437
421670.34808,211603.065161,2902.60991151
421671.296763,211603.381389,2903.0806579
421672.245447,211603.697617,2903.51435354
421673.19413,211604.013844,2903.91099844
421674.142813,211604.330072,2904.2705926
421675.091496,211604.6463,2904.59313602
421676.04018,211604.962528,2904.81934091
421676.988863,211605.278756,2905.01175744
421677.937546,211605.594983,2905.19074625
421678.88623,211605.911211,2905.35630733
421679.834913,211606.227439,2905.5084407
421680.783596,211606.543667,2905.64714635
421681.73228,211606.859894,2905.77242427
421682.680963,211607.176122,2906.0603793
421683.574089,211607.235867,2906.56801239
421684.306883,211606.555416,2907.08156172
421685.039676,211605.874965,2907.59293333
421685.77247,211605.194513,2908.1021272
421686.505263,211604.514062,2908.60914334
421687.238057,211603.833611,2909.11398175
421687.97085,211603.15316,2909.64632563
421688.703644,211602.472709,2910.13766028
421689.436437,211601.792258,2910.62479784
421690.169231,211601.111807,2911.11515805
421690.902024,211600.431356,2911.60874091
421691.634818,211599.750905,2912.10554643
421692.367611,211599.070454,2912.60557459
421693.100405,211598.390002,2913.09114686
421693.833198,211597.709551,2913.62440009
421694.565992,211597.0291,2914.1288445
421695.298785,211596.348649,2914.58507607
421696.031579,211595.668198,2914.9930948
421696.764372,211594.987747,2915.35290069
421697.497166,211594.307296,2915.66449374
421698.229959,211593.626845,2915.9839211
421698.962753,211592.946394,2916.25273834
421699.695546,211592.265943,2916.47159217
421700.42834,211591.585491,2916.65416674
421701.161133,211590.90504,2916.80046205
421701.893927,211590.224589,2916.91047811
421702.62672,211589.544138,2916.9842149
421703.359514,211588.863687,2917.16754624
421703.3732,211588.54321,2917.60256832
421702.38933,211588.722096,2918.10838349
421701.405461,211588.900981,2918.57647408
421700.421591,211589.079867,2919.0068401
421699.437721,211589.258752,2919.22406928
421698.453851,211589.437638,2919.05698179
421697.469981,211589.616523,2919.04612646
421696.486111,211589.795408,2919.02325652
421695.502241,211589.974294,2918.98837198
421694.518371,211590.153179,2918.94147284
421693.534501,211590.332065,2918.8825591
421692.550631,211590.51095,2918.91068443
421691.566761,211590.689836,2918.9155591
421690.582892,211590.868721,2918.87703362
421689.599022,211591.047607,2918.795108
421688.615152,211591.226492,2918.66978223
421687.741693,211591.255763,2918.61583332
421687.622548,211590.262886,2918.64903329
421687.503402,211589.270009,2918.68515665
421687.384257,211588.277132,2918.72420339
421687.265112,211587.284255,2918.76617352
421687.145967,211586.291379,2918.79238912
421687.026821,211585.298502,2918.76962556
421686.907676,211584.305625,2918.7363626
421686.788531,211583.312748,2918.69260024
421686.669386,211582.319871,2918.63833848
421686.550241,211581.326994,2918.57662549
421686.431095,211580.334118,2918.61792454
421686.31195,211579.341241,2918.74781373
421686.192805,211578.348364,2918.87876187
421686.07366,211577.355487,2919.01076896
421685.954514,211576.36261,2919.143835
421685.835369,211575.369733,2919.22189535
421685.716224,211574.376857,2919.2750804
421685.597079,211573.38398,2919.31518063
421685.477934,211572.391103,2919.34219604
421685.358788,211571.398226,2919.35612663
421685.239643,211570.405349,2919.3670528
421685.120498,211569.412472,2919.38367795
421685.001353,211568.419596,2919.4012832
421684.882207,211567.426719,2919.41986854
421684.763062,211566.433842,2919.43943397
421684.643917,211565.440965,2919.44560774
421684.524772,211564.448088,2919.40643105
421684.405627,211563.455211,2919.35060608
421684.286481,211562.462334,2919.25114295
421684.167336,211561.469458,2919.10550275
421684.048191,211560.476581,2918.92156211
421683.929046,211559.483704,2918.81259127
421683.809901,211558.490827,2918.69544172
421683.690755,211557.49795,2918.57011345
421683.57161,211556.505073,2918.43660646
421683.452465,211555.512197,2918.29492076
421683.683301,211554.632977,2918.24839287
421684.363066,211553.899546,2918.21497906
421685.042831,211553.166116,2918.17296409
421685.722595,211552.432686,2918.12234795
421686.40236,211551.699255,2918.06313064
421687.082125,211550.965825,2917.93168186
421687.761889,211550.232395,2917.74681522
421688.441654,211549.498964,2917.60357018
421689.121419,211548.765534,2917.55807267
421689.801183,211548.032104,2917.52038774
421690.480948,211547.298674,2917.55449068
421691.160713,211546.565243,2917.70440761
421691.840477,211545.831813,2917.83348908
421692.520242,211545.098383,2917.94173512
421693.200007,211544.364952,2918.0291457
421693.879771,211543.631522,2918.0836803
421694.559536,211542.898092,2918.00408422
421695.239301,211542.164662,2917.92228012
421695.919065,211541.431231,2917.83826799
421696.59883,211540.697801,2917.75204782
421697.278595,211539.964371,2917.66361964
421697.958359,211539.23094,2917.6769531
421698.638124,211538.49751,2917.77871823
421699.317889,211537.76408,2917.82043263
421699.997653,211537.030649,2917.83244645
421700.677418,211536.297219,2917.83184199
421701.357183,211535.563789,2917.80698108
421702.036947,211534.830359,2917.72846074
421702.716712,211534.096928,2917.63269569
421703.396477,211533.363498,2917.51968593
421704.076241,211532.630068,2917.38943147
421704.756006,211531.896637,2917.24193231
421705.435771,211531.163207,2917.19681335
421706.115535,211530.429777,2917.2378234
421706.7953,211529.696346,2917.35700408
421707.475065,211528.962916,2917.45787339
421708.154829,211528.229486,2917.53463063
421708.834594,211527.496056,2917.58727581
421709.514359,211526.762625,2917.58498865
421710.194123,211526.029195,2917.57042776
421710.873888,211525.295765,2917.54587507
421711.553653,211524.562334,2917.51133056
421712.233417,211523.828904,2917.46679424
421712.913182,211523.095474,2917.42626907
421713.592947,211522.362044,2917.40418597
421714.272711,211521.628613,2917.34061011
421714.952476,211520.895183,2917.28372491
421715.632241,211520.161753,2917.23353037
421716.312005,211519.428322,2917.19002648
421716.99177,211518.694892,2917.12955376
421717.671535,211517.961462,2917.05603899
421718.351299,211517.228031,2916.9806367
421719.031064,211516.494601,2916.90334689
421719.710829,211515.761171,2916.82416956
421720.390593,211515.027741,2916.74352475
421721.070358,211514.29431,2916.7387348
421721.750123,211513.56088,2916.74569581
421722.429887,211512.82745,2916.75451221
421723.109652,211512.094019,2916.765184
421723.789417,211511.360589,2916.77771118
421724.469181,211510.627159,2916.7827321
421725.148946,211509.893728,2916.77399081
421725.828711,211509.160298,2916.76854265
421726.508475,211508.426868,2916.7663876
421727.18824,211507.693438,2916.76752568
421727.868005,211506.960007,2916.77195688
421728.547769,211506.226577,2916.80811257
421729.227534,211505.493147,2916.86086395
421729.907299,211504.759716,2916.92427379
421730.587063,211504.026286,2916.9983421
421731.266828,211503.292856,2917.08306887
421731.946593,211502.559426,2917.17652994
421732.626357,211501.825995,2917.24878648
421733.306122,211501.092565,2917.3201595
421733.985887,211500.359135,2917.390649
421734.665651,211499.625704,2917.46025498
421735.345416,211498.892274,2917.52897744
421736.025181,211498.158844,2917.65525076
421736.704945,211497.425413,2917.82587009
421737.38471,211496.691983,2917.99043329
421738.064475,211495.958553,2918.14894036
421738.744239,211495.225123,2918.3013913
421739.424004,211494.491692,2918.44778611
421740.103769,211493.758262,2918.57031026
421740.783533,211493.024832,2918.67911559
421741.463298,211492.291401,2918.77894113
421742.143063,211491.557971,2918.8697869
421742.822827,211490.824541,2918.94972289
421743.502592,211490.09111,2919.00956327
421744.182356,211489.35768,2919.12122808
421744.862121,211488.62425,2919.24393689
421745.541886,211487.89082,2919.37768971
421746.22165,211487.157389,2919.52248652
421746.901415,211486.423959,2919.67832734
421747.58118,211485.690529,2919.82354767
421748.260944,211484.957098,2919.94972073
421748.940709,211484.223668,2920.07707449
421749.620474,211483.490238,2920.20560896
421750.300238,211482.756808,2920.33367655
421750.980003,211482.023377,2920.46039749
421751.659768,211481.289947,2920.55116888
421752.339532,211480.556517,2920.63054305
421753.019297,211479.823086,2920.70514622
421753.699062,211479.089656,2920.77497838
421754.378826,211478.356226,2920.84003953
421755.058591,211477.622795,2920.9047707
421755.738356,211476.889365,2920.97980884
421756.41812,211476.155935,2921.04497565
421757.097885,211475.422505,2921.10027113
421757.77765,211474.689074,2921.14741073
421758.457414,211473.955644,2921.18682862
421759.137179,211473.222214,2921.29616508
421759.816944,211472.488783,2921.48801139
421760.496708,211471.755353,2921.70613038
421761.176473,211471.021923,2921.95052204
421761.856238,211470.288492,2922.22118637
421762.536002,211469.555062,2922.51812339
421763.215767,211468.821632,2922.73612791
421763.895532,211468.088202,2922.9526318
421764.575296,211467.354771,2923.17774599
421765.255061,211466.621341,2923.56768587
421765.934826,211465.887911,2924.03512049
421766.61459,211465.15448,2924.51529636
421767.294355,211464.42105,2924.92087253
421767.97412,211463.68762,2925.30483459
421768.653884,211462.954189,2925.66718254
421769.333649,211462.220759,2926.00791637
421770.013414,211461.487329,2926.32703609
421770.693178,211460.753899,2926.58691477
421771.372943,211460.020468,2926.81351199
421772.052708,211459.287038,2927.03394023
421772.732472,211458.553608,2927.27129774
421773.412237,211457.820177,2927.48839052
421774.092002,211457.086747,2927.68521857
421774.771766,211456.353317,2928.10728718
421775.451531,211455.619887,2928.50899939
421776.131296,211454.886456,2928.88246305
421776.81106,211454.153026,2929.22767816
421777.490825,211453.419596,2929.54464473
421778.17059,211452.686165,2929.80287528
421778.850354,211451.952735,2929.97683985
421779.530119,211451.219305,2930.19404797
421780.209884,211450.485874,2930.55772597
421780.889648,211449.752444,2930.88418367
421781.569413,211449.019014,2931.26604403
421782.249178,211448.285584,2931.9370002
421782.928942,211447.552153,2932.65243238
421783.608707,211446.818723,2933.3267426
421784.288472,211446.085293,2933.95993089
421784.968236,211445.351862,2934.55015867
421785.648001,211444.618432,2935.06832808
421786.327766,211443.885002,2935.51811712
421787.00753,211443.151571,2935.86131193
421787.687295,211442.418141,2936.12142403
421788.36706,211441.684711,2936.33586461
421789.046824,211440.951281,2936.50463367
421789.726589,211440.21785,2936.6277312
421790.406354,211439.48442,2936.84878937
421791.086118,211438.75099,2937.03337611
421791.765883,211438.017559,2937.39509264
421792.445648,211437.284129,2937.92113143
421793.125412,211436.550699,2938.43979913
421793.805177,211435.817269,2938.95109573
421794.293748,211434.970631,2939.45502123
421794.609975,211434.021947,2939.87869738
421794.926203,211433.073264,2940.27754441
421795.242431,211432.124581,2940.58185909
421795.558659,211431.175898,2940.80572379
421795.874886,211430.227214,2941.0172187
421796.191114,211429.278531,2941.21634384
421796.507342,211428.329848,2941.4030992
421796.82357,211427.381164,2941.71307068
421797.139797,211426.432481,2942.05749538
421797.456025,211425.483798,2942.44355789
421797.772253,211424.535114,2942.87655475
421798.088481,211423.586431,2943.29653747
421798.404709,211422.637748,2943.70350606
421798.720936,211421.689065,2944.0974605
421799.037164,211420.740381,2944.43473341
421799.353392,211419.791698,2944.72306699
421799.66962,211418.843015,2944.94484999
421799.985847,211417.894331,2945.11132447
421800.302075,211416.945648,2945.26939297
421800.618303,211415.996965,2945.41905549
421800.934531,211415.048281,2945.56031203
421801.250758,211414.099598,2945.77277862
421801.566986,211413.150915,2946.11581031
421801.883214,211412.202232,2946.45344704
421802.199442,211411.253548,2946.77917192
421802.515669,211410.304865,2947.07138027
421802.831897,211409.356182,2947.33007208
421803.148125,211408.407498,2947.55524736
421803.464353,211407.458815,2947.73979555
421803.780581,211406.510132,2947.85883224
421804.096808,211405.561448,2947.93930404
421804.413036,211404.612765,2947.98796185
421804.729264,211403.664082,2948.00969317
421805.045492,211402.715399,2948.00449802
421805.361719,211401.766715,2947.97237639
421805.677947,211400.818032,2947.91975375
421805.994175,211399.869349,2948.07387031
421806.310403,211398.920665,2948.3260872
421806.62663,211397.971982,2948.62209264
421806.942858,211397.023299,2948.88297063
421807.259086,211396.074615,2949.10872119
421807.575314,211395.125932,2949.29934432
421807.891542,211394.177249,2949.45484001
421808.207769,211393.228566,2949.57584855
421808.523997,211392.279882,2949.68885386
421808.840225,211391.331199,2949.87223858
421809.156453,211390.382516,2950.4106246
421809.47268,211389.433832,2950.93463857
421809.788908,211388.485149,2951.44428048
421810.105136,211387.536466,2951.98879391
421810.421364,211386.587782,2952.52292076
421810.737591,211385.639099,2953.0414226
421811.053819,211384.690416,2953.54429945
421811.370047,211383.741733,2954.03155129
421811.818987,211382.906756,2954.50055726
421812.707961,211382.4488,2954.95116012
421813.596936,211381.990843,2955.38444848
421814.485911,211381.532887,2955.80042235
421815.374885,211381.07493,2956.21814189
421816.26386,211380.616973,2956.75086845
421817.152834,211380.159017,2957.30262989
421818.041809,211379.70106,2957.85363729
421818.930783,211379.243104,2958.40389065
421819.819758,211378.785147,2958.95338998
421820.708732,211378.327191,2959.49582628
421821.597707,211377.869234,2960.00317115
421822.486682,211377.411277,2960.50960891
421823.375656,211376.953321,2961.01513956
421824.264631,211376.495364,2961.5197631
421825.153605,211376.037408,2962.02347952
421826.04258,211375.579451,2962.61504015
421826.931554,211375.121494,2963.21767407
421827.820529,211374.663538,2963.82228663
421828.709503,211374.205581,2964.04817621
421829.598478,211373.747625,2963.72036983
421830.487453,211373.289668,2963.39985812
421831.376427,211372.831711,2963.08162607
421832.265402,211372.373755,2962.76567366
421833.154376,211371.915798,2962.45200089
421834.043351,211371.457842,2962.18313879
421834.932325,211370.999885,2961.91982904
421835.8213,211370.541929,2961.64487094
421836.710274,211370.083972,2961.35760947
421837.599249,211369.626015,2961.06219678
421838.488224,211369.168059,2960.75889449
421839.377198,211368.710102,2960.44585597
421840.266173,211368.252146,2960.12258481
421841.155147,211367.794189,2959.789081
421842.044122,211367.336232,2959.44534456
421842.933096,211366.878276,2959.26041102
421843.822071,211366.420319,2959.2206185
421844.711045,211365.962363,2959.18832701
421845.60002,211365.504406,2959.16353655
421846.488995,211365.046449,2959.14624712
421847.377969,211364.588493,2959.08846494
421848.266944,211364.130536,2958.96945177
421849.155918,211363.67258,2958.84980823
421850.044893,211363.214623,2958.72953432
421850.933867,211362.756666,2958.60863004
421851.822842,211362.29871,2958.55472412
421852.711816,211361.840753,2958.64874085
421853.600791,211361.382797,2958.75096034
421854.489766,211360.92484,2958.8613826
421855.37874,211360.466884,2958.98000762
421856.267715,211360.008927,2959.07787719
421857.156689,211359.55097,2959.13517834
421858.045664,211359.093014,2959.34052765
421858.934638,211358.635057,2959.57026324
421859.792602,211358.136881,2959.8243851
421860.461566,211357.393587,2959.25679334
421861.130531,211356.650293,2958.79522006
421861.799496,211355.906999,2958.80480902
421862.468461,211355.163705,2958.76193902
421863.137425,211354.42041,2958.66610028
421863.80639,211353.677116,2958.51729278
421864.475355,211352.933822,2958.29522693
421865.14432,211352.190528,2958.00688692
421865.813284,211351.447234,2957.68089847
421866.482249,211350.70394,2957.31726158
421867.151214,211349.960646,2956.91597625
421867.820178,211349.217351,2956.47704249
421868.489143,211348.474057,2956.37866642
421869.158108,211347.730763,2956.27224127
421869.827073,211346.987469,2956.14774798
421870.496037,211346.244175,2956.01556719
421871.165002,211345.500881,2955.8756989
421871.833967,211344.757587,2955.67501351
421872.502932,211344.014292,2955.29953039
421873.171896,211343.270998,2954.8758129
421873.840861,211342.527704,2954.40386104
421874.509826,211341.78441,2953.8836748
421875.178791,211341.041116,2953.31525418
421875.847755,211340.297822,2952.93887281
421876.51672,211339.554528,2952.87190167
421877.185685,211338.811233,2952.87908511
421877.854649,211338.067939,2952.83398731
421878.523614,211337.324645,2952.73660826
421879.192579,211336.581351,2952.57255565
421879.861544,211335.838057,2952.22893966
421880.530508,211335.094763,2951.85721428
421881.199473,211334.351469,2951.45737954
421881.868438,211333.608174,2951.02943542
421882.537403,211332.86488,2950.57338192
421883.206367,211332.121586,2950.1029249
421883.875332,211331.378292,2949.66330206
421884.544297,211330.634998,2949.25941666
421885.213262,211329.891704,2948.85426563
421885.882226,211329.14841,2948.44784898
421886.850856,211328.967012,2948.0401667
421887.840806,211328.825591,2947.5355702
421888.830755,211328.68417,2946.99962701
421889.820705,211328.542748,2946.44054319
421890.810654,211328.401327,2945.85831875
421891.800604,211328.259906,2945.25295368
421892.790553,211328.118484,2944.62292696
421893.780503,211327.977063,2944.06035374
421894.770452,211327.835641,2943.70849352
421895.760402,211327.69422,2943.35457862
421896.750351,211327.552799,2942.99860903
421897.740301,211327.411377,2942.64058476
421898.73025,211327.269956,2942.26190215
421899.7202,211327.128535,2941.88022877
421900.710149,211326.987113,2941.50327414
421901.700099,211326.845692,2941.13103826
421902.690048,211326.704271,2940.76352113
421903.679998,211326.562849,2940.47357387
421904.669947,211326.421428,2940.59498142
421905.659897,211326.280007,2940.60874434
421906.612023,211326.026148,2940.08556485
421907.486181,211325.540505,2939.08031202
421908.360338,211325.054862,2938.06818783
421909.234495,211324.569219,2937.04919226
421910.108652,211324.083576,2936.05185895
421910.98281,211323.597933,2935.19907494
421911.856967,211323.11229,2934.32560912
421912.731124,211322.626647,2933.4314615
421913.605282,211322.141004,2932.51663209
421914.479439,211321.655361,2931.58574873
421915.353596,211321.169718,2930.70735326
421916.227753,211320.684075,2929.81738084
421917.101911,211320.198432,2928.91583145
421917.976068,211319.712789,2928.0027051
421918.850225,211319.227146,2927.07364922
421919.724382,211318.741504,2926.3268554
421920.59854,211318.255861,2925.58549694
421921.472697,211317.770218,2924.84430591
421922.346854,211317.284575,2924.1032823
421923.221012,211316.798932,2923.3624261
421924.095169,211316.313289,2922.67770612
421924.969326,211315.827646,2921.99854128
421925.843483,211315.342003,2921.31766662
421926.717641,211314.85636,2920.63508213
421927.591798,211314.370717,2919.95078781
421928.465955,211313.885074,2919.27931184
421929.340113,211313.399431,2918.61088827
421930.21427,211312.913788,2917.94196601
421931.088427,211312.428145,2917.27254505
421931.962584,211311.942503,2916.60262539
421932.836742,211311.45686,2915.97098507
421933.710899,211310.971217,2915.35493411
421934.585056,211310.485574,2914.73865517
421935.459213,211309.999931,2914.12214825
421936.333371,211309.514288,2913.50541335
421937.207528,211309.028645,2912.87800924
421938.081685,211308.543002,2912.24233661
421938.955843,211308.057359,2911.60436639
421939.83,211307.571716,2910.9640986
421940.704157,211307.086073,2910.32153322
421941.578314,211306.60043,2909.72650798
421942.452472,211306.114787,2909.17801842
421943.326629,211305.629144,2908.64367898
421944.200786,211305.143501,2908.11073591
421945.074943,211304.657859,2907.5791892
421945.949101,211304.172216,2907.1204408
421946.823258,211303.686573,2906.75050428
421947.697415,211303.20093,2906.37945994
421948.571573,211302.715287,2906.00730777
421949.44573,211302.229644,2905.63404777
421950.319887,211301.744001,2905.26402464
421951.194044,211301.258358,2904.90096931
421952.068202,211300.772715,2904.53713031
421952.942359,211300.287072,2904.17250764
421953.816516,211299.801429,2903.8071013
421954.690674,211299.315786,2903.43049971
421955.564831,211298.830143,2903.02212582
421956.438988,211298.3445,2902.60901427
421957.313145,211297.858858,2902.19116508
421958.187303,211297.373215,2901.76857824
421959.037853,211296.851168,2901.34673123
421959.837853,211296.251168,2900.94547464
421960.637853,211295.651168,2900.53990786
421961.437853,211295.051168,2900.13003089
421962.237853,211294.451168,2899.71584373
421963.037853,211293.851168,2899.29319463
421963.837853,211293.251168,2898.82892269
421964.637853,211292.651168,2898.36809533
421965.437853,211292.051168,2897.91259865
421966.237853,211291.451168,2897.46208148
421967.037853,211290.851168,2897.01143957
421967.837853,211290.251168,2896.60081321
421968.637853,211289.651168,2896.19197504
421969.437853,211289.051168,2895.78492507
421970.237853,211288.451168,2895.3796633
421971.037853,211287.851168,2894.97618972
421971.837853,211287.251168,2894.61360232
421972.637853,211286.651168,2894.25458862
421973.437853,211286.051168,2893.89538613
421974.237853,211285.451168,2893.53599484
421975.037853,211284.851168,2893.17641476
421975.837853,211284.251168,2892.82990045
421976.637853,211283.651168,2892.48742768
421977.437853,211283.051168,2892.14633346
421978.237853,211282.451168,2891.8066178
421979.037853,211281.851168,2891.46828068
421979.837853,211281.251168,2891.12419604
421980.637853,211280.651168,2890.77838334
421981.437853,211280.051168,2890.43329733
421982.237853,211279.451168,2890.08893799
421983.037853,211278.851168,2889.74530533
421983.837853,211278.251168,2889.41075154
421984.637853,211277.651168,2889.08194219
421985.437853,211277.051168,2888.75446152
421986.237853,211276.451168,2888.42830953
421987.037853,211275.851168,2888.10413427
421987.837853,211275.251168,2887.79092267
421988.637853,211274.651168,2887.59855455
421989.437853,211274.051168,2887.48718773
421990.237853,211273.451168,2887.37768686
421991.037853,211272.851168,2887.27005194
421991.837853,211272.251168,2887.16428299
421992.637853,211271.651168,2887.05130968
421993.437853,211271.051168,2886.93746135
421994.237853,211270.451168,2886.82513327
421995.037853,211269.851168,2886.71432543
421995.837853,211269.251168,2886.60503784
421996.637853,211268.651168,2886.48214947
421997.437853,211268.051168,2886.3478496
421998.237853,211267.451168,2886.20940118
421999.037853,211266.851168,2886.06680421
421999.837853,211266.251168,2885.9200587
422000.637853,211265.651168,2885.76487527
422001.437853,211265.051168,2885.60182576
422002.237853,211264.451168,2885.43711118
422003.037853,211263.851168,2885.27717561
422003.837853,211263.251168,2885.11855198
422004.637853,211262.651168,2884.92873185
422005.437853,211262.051168,2884.68262564
422006.237853,211261.451168,2884.43715766
422007.037853,211260.851168,2884.19232792
422007.837853,211260.251168,2883.94813642
422008.637853,211259.651168,2883.71318621
422009.437853,211259.051168,2883.51145345
422010.237853,211258.451168,2883.27971693
422011.037853,211257.851168,2882.99474712
422011.837853,211257.251168,2882.71259137
422012.637853,211256.651168,2882.41204261
422013.437853,211256.051168,2882.10103249
422014.237853,211255.451168,2881.79051203
422015.037853,211254.851168,2881.48048122
422015.837853,211254.251168,2881.17094008
422016.637853,211253.651168,2880.87498997
422017.437853,211253.051168,2880.58859123
422018.237853,211252.451168,2880.3027146
422019.037853,211251.851168,2880.01736008
422019.837853,211251.251168,2879.73252766
422020.637853,211250.651168,2879.49808147
422021.437853,211250.051168,2879.31022698
422022.237853,211249.451168,2879.12586205
422023.037853,211248.851168,2878.94498669
422023.837853,211248.251168,2878.76760089
422024.637853,211247.651168,2878.57483053
422025.437853,211247.051168,2878.36416377
422026.237853,211246.451168,2878.15650576
422027.037853,211245.851168,2877.95041776
422027.837853,211245.251168,2877.74326024
422028.637853,211244.651168,2877.50318782
422029.437853,211244.051168,2877.21600081
422030.237853,211243.451168,2876.92883149
422031.037853,211242.851168,2876.64167987
422031.837853,211242.251168,2876.35454595
422032.637853,211241.651168,2876.06494662
422033.437853,211241.051168,2875.77115127
422034.237853,211240.451168,2875.47783969
422035.037853,211239.851168,2875.18501187
422035.837853,211239.251168,2874.89266781
422036.637853,211238.651168,2874.596238
422037.437853,211238.051168,2874.29047728
422038.237853,211237.451168,2873.98693478
422039.037853,211236.851168,2873.68561049
422039.837853,211236.251168,2873.38650442
422040.693518,211235.770912,2873.0881754
422041.66791,211235.546052,2872.78694771
422042.642301,211235.321193,2872.48723914
422043.616692,211235.096333,2872.1890497
422044.591083,211234.871474,2871.89237938
422045.565474,211234.646614,2871.59748172
422046.539866,211234.421755,2871.30505064
422047.514257,211234.196895,2871.01372866
422048.488648,211233.972036,2870.72351579
422049.463039,211233.747176,2870.43441203
422050.43743,211233.522317,2870.14486873
422051.411821,211233.297457,2869.84478564
422052.386213,211233.072598,2869.54600633
422053.360604,211232.847738,2869.24853082
422054.334995,211232.622879,2868.9523591
422055.309386,211232.398019,2868.658246
422056.283777,211232.17316,2868.37478722
422057.258169,211231.9483,2868.09056047
422058.23256,211231.723441,2867.80685288
422059.206951,211231.498581,2867.52366445
422060.181342,211231.273722,2867.24099518
422061.155733,211231.048862,2866.93754557
422062.130125,211230.824003,2866.63463887
422063.104516,211230.599143,2866.33232802
422064.078907,211230.374284,2866.03061302
422065.053298,211230.149424,2865.72949387
422066.027689,211229.924565,2865.4163732
422067.002081,211229.699705,2865.10273408
422067.976472,211229.474846,2864.78939879
422068.950863,211229.249986,2864.47636732
422069.925254,211229.025127,2864.16363968
422070.899645,211228.800267,2863.83159539
422071.874037,211228.575408,2863.49658582
422072.848428,211228.350548,2863.16128423
422073.822819,211228.125689,2862.82569061
422074.79721,211227.900829,2862.48980496
422075.771601,211227.67597,2862.1651472
422076.745993,211227.45111,2861.8432464
422077.720384,211227.226251,2861.52161108
422078.694775,211227.001391,2861.20024124
422079.669166,211226.776532,2860.87913688
422080.643557,211226.551672,2860.56385399
422081.617949,211226.326813,2860.25134567
422082.59234,211226.101953,2859.93995826
422083.566731,211225.877093,2859.62969175
422084.541122,211225.652234,2859.32054616
422085.515513,211225.427374,2858.98631989
422086.489905,211225.202515,2858.64073383
422087.464296,211224.977655,2858.29477315
422088.438687,211224.752796,2857.93860436
422089.413078,211224.527936,2857.58520878
422090.387469,211224.303077,2857.23901494
422091.361861,211224.078217,2856.89708507
422092.336252,211223.853358,2856.556987
422093.310643,211223.628498,2856.21872074
422094.285034,211223.403639,2855.88228627
422095.259425,211223.178779,2855.51753163
422096.233816,211222.95392,2855.13190703
422097.208208,211222.72906,2854.74684583
422098.018551,211222.143433,2854.36234804
422098.828493,211221.556923,2853.97841365
422099.638435,211220.970414,2853.61374806
422100.448377,211220.383904,2853.26628387
422101.25832,211219.797394,2852.91874593
422102.068262,211219.210884,2852.57113425
422102.878204,211218.624374,2852.22344882
422103.688146,211218.037864,2852.08177571
422104.498088,211217.451355,2852.14918568
422105.30803,211216.864845,2852.21642023
422106.117972,211216.278335,2852.33089091
422106.927914,211215.691825,2852.47197785
422107.737857,211215.105315,2852.60666601
422108.547799,211214.518806,2852.73495536
422109.357741,211213.932296,2852.85684593
422110.167683,211213.345786,2852.97616804
422110.977625,211212.759276,2853.10861043
422111.787567,211212.172766,2853.23569946
422112.597509,211211.586257,2853.3574351
422113.407451,211210.999747,2853.47381738
422114.217394,211210.413237,2853.57881278
422115.027336,211209.826727,2853.68960149
422115.837278,211209.240217,2853.80443355
422116.64722,211208.653708,2853.9183114
422117.457162,211208.067198,2854.03123505
422118.267104,211207.480688,2854.14320449
422119.077046,211206.894178,2854.26379453
422119.886988,211206.307668,2854.39954419
422120.696931,211205.721158,2854.52604648
422121.506873,211205.134649,2854.6433014
422122.316815,211204.548139,2854.75130894
422123.126757,211203.961629,2854.8500691
422123.936699,211203.375119,2854.98135533
422124.746641,211202.788609,2855.15390549
422125.556583,211202.2021,2855.32234055
422126.366525,211201.61559,2855.48442594
422127.176468,211201.02908,2855.64016165
422127.98641,211200.44257,2855.78449529
422128.796352,211199.85606,2855.9193931
422129.606294,211199.269551,2856.05231234
422130.416236,211198.683041,2856.18325301
422131.226178,211198.096531,2856.3122151
422132.03612,211197.510021,2856.44012352
422132.846062,211196.923511,2856.61526592
422133.656004,211196.337001,2856.77825622
422134.465947,211195.750492,2856.9311888
422135.275889,211195.163982,2857.08644507
422136.085831,211194.577472,2857.23128225
422136.895773,211193.990962,2857.35880627
422137.705715,211193.404452,2857.47208332
422138.515657,211192.817943,2857.57624631
422139.325599,211192.231433,2857.67129523
422140.105855,211191.606374,2857.75723007
422140.879813,211190.973136,2857.8454546
422141.65377,211190.339899,2857.99209153
422142.427727,211189.706661,2858.13972478
422143.201685,211189.073423,2858.28835432
422143.975642,211188.440185,2858.43798017
422144.749599,211187.806947,2858.60381998
422145.523556,211187.17371,2858.77005018
422146.297514,211186.540472,2858.92071438
422147.071471,211185.907234,2859.0662848
422147.845428,211185.273996,2859.20676145
422148.619386,211184.640759,2859.34214433
422149.393343,211184.007521,2859.43746774
422150.1673,211183.374283,2859.45168791
422150.941258,211182.741045,2859.47226478
422151.715215,211182.107807,2859.49919835
422152.489172,211181.47457,2859.53248861
422153.263129,211180.841332,2859.57213556
422154.037087,211180.208094,2859.56127433
422154.811044,211179.574856,2859.55249313
422155.610636,211179.004823,2859.55235804
422156.607034,211178.920023,2859.5588603
422157.603432,211178.835223,2859.5719999
422158.59983,211178.750423,2859.36396502
422159.596228,211178.665624,2859.04979926
422160.592626,211178.580824,2858.73269406
422161.589025,211178.496024,2858.41916592
422162.585423,211178.411224,2858.10921483
422163.581821,211178.326424,2857.80284079
422164.578219,211178.241624,2857.50148522
422165.574617,211178.156825,2857.21344047
422166.571015,211178.072025,2856.92933598
422167.567413,211177.987225,2856.64917176
422168.563811,211177.902425,2856.37294781
422169.560209,211177.817625,2856.09181866
422170.556607,211177.732825,2855.72474281
422171.553005,211177.648026,2855.3627144
422172.549403,211177.563226,2855.00573345
422173.545801,211177.478426,2854.65379994
422174.542199,211177.393626,2854.3022984
422175.538597,211177.308826,2853.85828859
422176.534995,211177.224026,2853.41297622
422177.531393,211177.139227,2852.96636128
422178.527791,211177.054427,2852.51844378
422179.524189,211176.969627,2852.06875758
422180.520587,211176.884827,2851.51083117
422181.516985,211176.800027,2850.95164478
422182.513383,211176.715227,2850.39119841
422183.509781,211176.630428,2849.82949206
422184.506179,211176.545628,2849.26652572
422185.502577,211176.460828,2848.56532061
422186.498975,211176.376028,2847.85611559
422187.495373,211176.291228,2847.14429793
422188.491771,211176.206429,2846.42986761
422189.488169,211176.121629,2845.71282464
422190.484567,211176.036829,2844.99749169
422191.480965,211175.952029,2844.27709641
422192.477363,211175.867229,2843.55114268
422193.473761,211175.782429,2842.81963049
422194.470159,211175.69763,2842.08255985
422195.466557,211175.61283,2841.61508672
422196.462955,211175.52803,2841.19034993
422197.459353,211175.44323,2840.76882949
422198.455751,211175.35843,2840.35052538
422199.452149,211175.27363,2839.93543762
422200.448547,211175.188831,2839.4179657
422201.444945,211175.104031,2838.87049712
422202.441343,211175.019231,2838.31280088
422203.437741,211174.934431,2837.74487698
422204.434139,211174.849631,2837.16672543
422205.430537,211174.764831,2836.72937046
422206.426935,211174.680032,2836.33001564
422207.423333,211174.595232,2836.03347075
422208.419731,211174.510432,2835.8095527
422209.416129,211174.425632,2835.58361557
422210.412527,211174.340832,2835.35565937
422211.408925,211174.256032,2835.0165894
422212.405323,211174.171233,2834.86049458
422213.401721,211174.086433,2834.84035625
422214.398119,211174.001633,2834.79260431
422215.394517,211173.916833,2834.71723876
422216.390915,211173.832033,2834.6142596
422217.387313,211173.747233,2834.48366682
422218.383711,211173.662434,2834.37073019
422219.380109,211173.577634,2834.17945506
422220.376507,211173.492834,2833.8952241
422221.372905,211173.408034,2833.54056917
422222.369303,211173.323234,2833.11549026
422223.365701,211173.238434,2832.61998738
422224.312455,211173.376945,2832.05406052
422225.179078,211173.875909,2831.53369242
422226.0457,211174.374874,2830.96201571
422226.912323,211174.873838,2830.39203949
422227.778945,211175.372803,2829.83713322
422228.645568,211175.871767,2829.29729691
422229.51219,211176.370731,2828.77253054
422230.378812,211176.869696,2828.26283412
422231.245435,211177.36866,2828.10831318
422232.112057,211177.867625,2827.92379365
422232.97868,211178.366589,2827.66264885
422233.845302,211178.865554,2827.36386997
422234.711925,211179.364518,2827.03436595
422235.578547,211179.863483,2826.67413678
422236.44517,211180.362447,2826.50853965
422237.311792,211180.861411,2826.35864693
422238.178415,211181.360376,2826.20780622
422239.045037,211181.85934,2826.06590394
422239.91166,211182.358305,2825.92644243
422240.778282,211182.857269,2825.78797895
422241.644904,211183.356234,2825.65051348
422242.511527,211183.855198,2825.50902839
422243.378149,211184.354163,2825.36162343
422244.244772,211184.853127,2825.21266759
422245.111394,211185.352091,2825.06216087
422245.978017,211185.851056,2824.91010328
422246.844639,211186.35002,2824.75591998
422247.711262,211186.848985,2824.59986495
422248.577884,211187.347949,2824.44297345
422249.444507,211187.846914,2824.28524549
422250.311129,211188.345878,2824.12668105
422251.177751,211188.844843,2823.984827
422252.044374,211189.343807,2823.87618981
422252.910996,211189.842771,2823.76203122
422253.777619,211190.341736,2823.64235123
422254.644241,211190.8407,2823.51714983
422255.510864,211191.339665,2823.29860896
422256.377486,211191.838629,2822.88984858
422257.244109,211192.337594,2822.63687983
422258.110731,211192.836558,2822.39728877
422258.977354,211193.335523,2822.13295283
422259.843976,211193.834487,2821.84387201
422260.710598,211194.333451,2821.5300463
422261.577221,211194.832416,2821.19294242
422262.443843,211195.33138,2820.83848497
422263.310466,211195.830345,2820.46693859
422264.177088,211196.329309,2820.07830328
422265.043711,211196.828274,2819.67257903
422265.910333,211197.327238,2819.25316371
422266.776956,211197.826203,2818.86684516
422267.643578,211198.325167,2818.45685358
422268.510201,211198.824131,2818.02518477
422269.376823,211199.323096,2817.57265919
422270.243446,211199.82206,2817.09927682
422271.110068,211200.321025,2816.67700584
422271.97669,211200.819989,2816.26529629
422272.95652,211200.978386,2815.83033831
422273.949397,211201.097531,2815.3721319
422274.942273,211201.216676,2814.89067706
422275.93515,211201.335822,2814.53178714
422276.928027,211201.454967,2814.2455848
422277.920904,211201.574112,2814.16876516
422278.913781,211201.693257,2814.10008867
422279.906658,211201.812403,2814.02408436
422280.899534,211201.931548,2813.94075223
422281.892411,211202.050693,2813.85009227
422282.885288,211202.169838,2813.6977411
422283.878165,211202.288983,2813.51864631
422284.871042,211202.408129,2813.33379536
422285.863919,211202.527274,2813.14318824
422286.856796,211202.646419,2812.94682497
422287.849672,211202.765564,2812.80031139
422288.842549,211202.88471,2812.6889735
422289.835426,211203.003855,2812.56375835
422290.828303,211203.123,2812.42466596
422291.82118,211203.242145,2812.2716963
422292.814057,211203.36129,2812.08375273
422293.806933,211203.480436,2811.84625392
422294.79981,211203.599581,2811.5979716
422295.792687,211203.718726,2811.34739607
422296.785564,211203.837871,2811.10989396
422297.778441,211203.957017,2810.83543294
422298.771318,211204.076162,2810.41718034
422299.764194,211204.195307,2810.04362897
422300.757071,211204.314452,2809.69972186
422301.749948,211204.433597,2809.35890923
422302.742825,211204.552743,2809.02717866
422303.735702,211204.671888,2808.74636944
422304.728579,211204.791033,2808.46922943
422305.721455,211204.910178,2808.19575862
422306.714332,211205.029324,2807.92595701
422307.707209,211205.148469,2807.67216955
422308.700086,211205.267614,2807.5285633
422309.692963,211205.386759,2807.38367206
422310.68584,211205.505904,2807.23749586
422311.678716,211205.62505,2807.09003468
422312.671593,211205.744195,2806.94118592
422313.66447,211205.86334,2806.79039257
422314.657347,211205.982485,2806.63898058
422315.650224,211206.101631,2806.48694994
422316.643101,211206.220776,2806.33430065
422317.635978,211206.339921,2806.18191358
422318.628854,211206.459066,2806.03882248
422319.621731,211206.578211,2805.89490191
422320.614608,211206.697357,2805.75015188
422321.607485,211206.816502,2805.6045724
422322.600362,211206.935647,2805.45967068
422323.593239,211207.054792,2805.33431703
422324.586115,211207.173938,2805.20899225
422325.578992,211207.293083,2805.08369632
422326.571869,211207.412228,2804.95842926
422327.564746,211207.531373,2804.82998045
422328.557623,211207.650518,2804.6506624
422329.5505,211207.769664,2804.47032289
422330.543376,211207.888809,2804.28896193
422331.536253,211208.007954,2804.10657952
422332.52913,211208.127099,2803.85601385
422333.522007,211208.246245,2803.64260315
422334.514884,211208.36539,2803.43411178
422335.507761,211208.484535,2803.22702483
422336.500637,211208.60368,2803.00153563
422337.493514,211208.722825,2802.76321533
422338.486391,211208.841971,2802.51874043
422339.479268,211208.961116,2802.29024505
422340.472145,211209.080261,2802.05808631
422341.465022,211209.199406,2801.82226421
422342.457898,211209.318551,2801.58277875
422343.450775,211209.437697,2801.33962994
422344.443652,211209.556842,2801.11315359
422345.43809,211209.56749,2800.90885805
422346.433983,211209.476954,2800.72283791
422347.429876,211209.386419,2800.52820101
422348.425769,211209.295883,2800.32148265
422349.421663,211209.205347,2800.10268282
422350.417556,211209.114811,2799.91656853
422351.413449,211209.024276,2799.74997169
422352.409342,211208.93374,2799.57752025
422353.405235,211208.843204,2799.39921421
422354.401129,211208.752668,2799.21505356
422355.397022,211208.662133,2799.02503831
422356.392915,211208.571597,2798.87509711
422357.388808,211208.481061,2798.71172773
422358.384701,211208.390525,2798.52809566
422359.380595,211208.29999,2798.32420092
422360.376488,211208.209454,2798.1000435
422361.308774,211207.931378,2797.85282805
422362.154263,211207.397385,2797.55547147
422362.999752,211206.863392,2797.24308921
422363.845241,211206.329399,2796.91568126
422364.69073,211205.795406,2796.57324762
422365.536219,211205.261413,2796.27589162
422366.381708,211204.72742,2795.99202585
422367.227197,211204.193427,2795.743063
422368.072685,211203.659434,2795.47890525
422368.918174,211203.125441,2795.19955262
422369.763663,211202.591448,2794.90500509
422370.609152,211202.057455,2794.59526266
422371.454641,211201.523462,2794.32737654
422372.30013,211200.989469,2794.10567764
422373.145619,211200.455476,2793.88278582
422373.991108,211199.921483,2793.76290554
422374.836597,211199.38749,2793.63981053
422375.682086,211198.853497,2793.50266278
422376.527574,211198.319504,2793.35672409
422377.373063,211197.785511,2793.19722228
422378.218552,211197.251518,2793.02228023
422379.064041,211196.717525,2792.83189793
422379.90953,211196.183532,2792.62607538
422380.755019,211195.649539,2792.4048126
422381.600508,211195.115546,2792.20066594
422382.445997,211194.581553,2792.01704725
422383.291486,211194.04756,2791.81854068
422384.136975,211193.513567,2791.60125201
422384.982464,211192.979574,2791.36518123
422385.827952,211192.445581,2791.10811156
422386.673441,211191.911588,2790.818486
422387.51893,211191.377595,2790.50141488
422388.364419,211190.843602,2790.15689819
422388.395338,211190.038086,2789.78493594
422388.039343,211189.103598,2789.38552813
422387.683348,211188.16911,2789.20478952
422387.327352,211187.234623,2789.1171298
422386.971357,211186.300135,2789.01439362
422386.615362,211185.365647,2788.896581
422386.259366,211184.431159,2788.76369193
422385.903371,211183.496672,2788.61572641
422385.547376,211182.562184,2788.44327764
422385.19138,211181.627696,2788.26001677
422384.835385,211180.693208,2788.07276259
422384.47939,211179.758721,2787.88151509
422384.123394,211178.824233,2787.64513241
422383.767399,211177.889745,2787.37401302
422383.411404,211176.955257,2787.40475917
422383.055409,211176.02077,2787.44730521
422382.699413,211175.086282,2787.45696564
422382.343418,211174.151794,2787.43374046
422381.987423,211173.217307,2787.37762967
422381.631427,211172.282819,2787.26843361
422381.275432,211171.348331,2786.95260034
422380.919437,211170.413843,2786.59264603
422380.563441,211169.479356,2786.35014981
422380.207446,211168.544868,2786.1004071
422379.851451,211167.61038,2785.83260988
422379.495455,211166.675892,2785.56394649
422379.13946,211165.741405,2785.30788003
422378.783465,211164.806917,2785.02809904
422378.427469,211163.872429,2784.72460353
422378.071474,211162.937941,2784.3973935
422377.715479,211162.003454,2784.04646894
422377.359483,211161.068966,2783.67013199
422377.003488,211160.134478,2783.33534096
422376.067326,211160.267396,2782.98402523
422375.089523,211160.476925,2782.61190536
422374.111721,211160.686454,2782.21898135
422373.133919,211160.895984,2781.80525319
422372.156116,211161.105513,2781.42410598
422371.178314,211161.315042,2781.06491444
422370.200511,211161.524571,2780.71635764
422369.222709,211161.7341,2780.37843557
422368.244907,211161.943629,2780.05114824
422367.267104,211162.153158,2779.91201621
422366.289302,211162.362687,2779.73341825
422365.311499,211162.572216,2779.55102157
422364.333697,211162.781745,2779.36482616
422363.355894,211162.991274,2779.17483203
422362.378092,211163.200804,2778.98103918
422361.40029,211163.410333,2778.81068901
422360.422487,211163.619862,2778.67374638
422359.444685,211163.829391,2778.53005187
422358.466882,211164.03892,2778.37960549
422357.48908,211164.248449,2778.22240723
422356.579821,211164.373191,2778.05574217
422356.579821,211163.373191,2777.86846498
422356.579821,211162.373191,2777.67525001
422356.579821,211161.373191,2777.47779685
422356.579821,211160.373191,2777.28154775
422356.579821,211159.373191,2777.08069173
422356.579821,211158.373191,2776.89574075
422356.579821,211157.373191,2776.71115064
422356.579821,211156.373191,2776.52692143
422356.579821,211155.373191,2776.34305309
422356.579821,211154.373191,2776.15954564
422356.579821,211153.373191,2775.97905421
422356.579821,211152.373191,2775.79720524
422356.579821,211151.373191,2775.61363159
422356.579821,211150.373191,2775.42833325
422356.257629,211149.491213,2775.24131022
422355.611686,211148.727826,2775.03914585
422354.965744,211147.96444,2774.82935845
422354.319802,211147.201054,2774.61543347
422353.67386,211146.437668,2774.39737093
422353.027917,211145.674281,2774.17517082
422352.381975,211144.910895,2773.97498953
422351.736033,211144.147509,2773.78234415
422351.090091,211143.384122,2773.58307279
422350.444149,211142.620736,2773.37717544
422349.798206,211141.85735,2773.16465211
422349.152264,211141.093964,2773.08334961
422348.506322,211140.330577,2773.11895856
422347.86038,211139.567191,2773.14055454
422347.214437,211138.803805,2773.0493279
422346.568495,211138.040418,2772.93699683
422345.922553,211137.277032,2772.80356136
422345.276611,211136.513646,2772.66441253
422344.630668,211135.75026,2772.53431845
422343.984726,211134.986873,2772.38478918
422343.338784,211134.223487,2772.23651335
422342.692842,211133.460101,2772.06903027
422342.046899,211132.696714,2771.87775836
422341.400957,211131.933328,2771.66269761
422340.755015,211131.169942,2771.44183276
422340.880541,211130.328834,2771.29051455
422341.361233,211129.451944,2771.12552044
422341.841926,211128.575055,2771.03583804
422342.322618,211127.698166,2770.94456693
422342.80331,211126.821276,2770.83704288
422343.284002,211125.944387,2770.71326589
422343.764695,211125.067498,2770.57323597
422344.245387,211124.190608,2770.47729015
422344.726079,211123.313719,2770.36450958
422345.206772,211122.43683,2770.23979962
422345.687464,211121.55994,2770.08724734
422346.168156,211120.683051,2769.90553739
422346.648848,211119.806161,2769.69466977
422347.129541,211118.929272,2769.45464448
422347.610233,211118.052383,2769.37522382
422348.090925,211117.175493,2769.33301131
422348.571617,211116.298604,2769.3773357
422349.05231,211115.421715,2769.39330124
422349.533002,211114.544825,2769.37157754
422350.013694,211113.667936,2769.3121646
422350.494386,211112.791047,2769.21506242
422350.975079,211111.914157,2769.08910068
422351.455771,211111.037268,2768.9338283
422351.936463,211110.160378,2768.79568788
422352.417155,211109.283489,2768.63161267
422352.897848,211108.4066,2768.4389362
422353.37854,211107.52971,2768.21765846
422353.859232,211106.652821,2767.96777946
422354.339925,211105.775932,2767.69733559
422354.820617,211104.899042,2767.436318
422355.301309,211104.022153,2767.30213797
422355.782001,211103.145264,2767.16226131
422356.262694,211102.268374,2767.01371643
422356.743386,211101.391485,2766.8565033
422357.224078,211100.514596,2766.69062195
422357.70477,211099.637706,2766.5179391
422358.185463,211098.760817,2766.34161675
422358.666155,211097.883927,2766.1519853
422359.146847,211097.007038,2765.93902382
422359.627539,211096.130149,2765.70273229
422360.108232,211095.253259,2765.46869942
422360.588924,211094.37637,2765.25138726
422361.069616,211093.499481,2765.11418642
422361.550308,211092.622591,2765.03483492
422362.031001,211091.745702,2764.94249053
422362.511693,211090.868813,2764.88113286
422362.992385,211089.991923,2764.85834847
422363.473078,211089.115034,2764.81248865
422364.241635,211088.585876,2764.70463014
422365.192858,211088.277371,2764.57577815
422366.144081,211087.968867,2764.43287196
422367.095304,211087.660362,2764.27591156
422368.046527,211087.351857,2764.10489695
422368.997749,211087.043353,2763.93126271
422369.948972,211086.734848,2763.80845425
422370.900195,211086.426343,2763.6677865
422371.851418,211086.117839,2763.53995612
422372.802641,211085.809334,2763.39579136
422373.753864,211085.500829,2763.23529221
422374.705086,211085.192324,2763.06657706
422375.656309,211084.88382,2762.88702984
422376.607532,211084.575315,2762.68317174
422377.558755,211084.26681,2762.45500276
422378.509978,211083.958306,2762.20252291
422379.4612,211083.649801,2761.92573218
422380.412423,211083.341296,2761.81980455
422381.363646,211083.032792,2761.95269563
422382.314869,211082.724287,2762.08511322
422383.266092,211082.415782,2762.18495325
422384.217315,211082.107277,2762.2522157
422385.168537,211081.798773,2762.28690058
422386.11976,211081.490268,2762.29582132
422387.070983,211081.181763,2762.2755059
422388.022206,211080.873259,2762.2258549
422388.973429,211080.564754,2762.14686834
422389.924651,211080.256249,2762.03854621
422390.875874,211079.947745,2761.90616305
422391.827097,211079.63924,2761.72424254
422392.77832,211079.330735,2761.54573816
422393.729543,211079.02223,2761.37064991
422394.680766,211078.713726,2761.19897778
422395.631988,211078.405221,2761.03072178
422396.583211,211078.096716,2760.92475474
422397.534434,211077.788212,2760.87158413
422398.485657,211077.479707,2761.07963818
422399.43688,211077.171202,2761.34193353
422400.388102,211076.862698,2761.60086526
422401.339325,211076.554193,2761.85643338
422402.290548,211076.245688,2762.12610196
422403.241771,211075.937184,2762.56549387
422404.192994,211075.628679,2763.02711312
422405.144217,211075.320174,2763.4870214
422406.095439,211075.011669,2763.9452187
422407.046662,211074.703165,2764.40170504
422407.997885,211074.39466,2764.8564804
422408.949108,211074.086155,2765.32265548
422409.900331,211073.777651,2765.81157516
422410.851553,211073.469146,2766.37508819
422411.802776,211073.160641,2766.96402888
422412.753999,211072.852137,2767.49141968
422413.705222,211072.543632,2767.2705715
422414.656445,211072.235127,2767.04260882
422415.607668,211071.926622,2766.96159177
422416.55889,211071.618118,2766.90698719
422417.510113,211071.309613,2766.92080896
422418.491807,211071.456011,2766.92234504
422419.475677,211071.634897,2766.91159544
422420.459547,211071.813782,2766.8850727
422421.443417,211071.992668,2766.84290316
422422.427287,211072.171553,2766.79633646
422423.411157,211072.350439,2766.7453726
422424.395026,211072.529324,2766.69001159
422425.378896,211072.708209,2766.63025342
422426.362766,211072.887095,2766.61838627
422427.346636,211073.06598,2766.64176728
422428.330506,211073.244866,2766.66213559
422429.314376,211073.423751,2766.67871608
422430.298246,211073.602637,2766.69150876
422431.282116,211073.781522,2766.70051362
422432.265986,211073.960408,2766.71665854
422433.249856,211074.139293,2766.7216671
422434.176292,211073.916141,2766.71362416
422435.070719,211073.468928,2766.69252975
422435.965146,211073.021714,2766.65838385
422436.859573,211072.574501,2766.70315747
422437.754,211072.127287,2766.9926046
422438.648428,211071.680073,2767.25175747
422439.542855,211071.23286,2767.48061607
422440.437282,211070.785646,2767.67918041
422441.331709,211070.338433,2767.84745048
422442.226136,211069.891219,2767.98441836
422443.120564,211069.444005,2768.096764
422444.014991,211068.996792,2768.18793083
422444.909418,211068.549578,2768.25791884
422445.803845,211068.102365,2768.30719222
422446.698272,211067.655151,2768.34723728
422447.5927,211067.207937,2768.3811812
422448.492891,211067.062491,2768.27752133
422449.403744,211067.475222,2768.10319282
422450.314597,211067.887952,2767.92850673
422451.225451,211068.300683,2767.75346305
422452.136304,211068.713413,2767.59335926
422453.047157,211069.126143,2767.44168078
422453.95801,211069.538874,2767.28960125
422454.868864,211069.951604,2767.13712068
422455.779717,211070.364335,2766.98423907
422456.69057,211070.777065,2766.80869702
422457.601423,211071.189795,2766.6200126
422458.512277,211071.602526,2766.43174289
422459.42313,211072.015256,2766.24388788
422460.333983,211072.427986,2766.05644757
422461.244836,211072.840717,2765.87683541
422462.15569,211073.253447,2765.70206043
422463.066543,211073.666178,2765.52740465
422463.977396,211074.078908,2765.35286806
422464.888249,211074.491638,2765.18049214
422465.799103,211074.904369,2765.0030552
422466.709956,211075.317099,2764.82205138
422467.620809,211075.729829,2764.64130211
422468.531662,211076.14256,2764.46080736
422469.442516,211076.55529,2764.28056714
422470.353369,211076.968021,2764.10026404
422471.264222,211077.380751,2763.91989529
422472.175075,211077.793481,2763.73965195
422473.085929,211078.206212,2763.55953401
422473.996782,211078.618942,2763.37954147
422474.907635,211079.031672,2763.2001149
422475.818488,211079.444403,2763.02133468
422476.729342,211079.857133,2762.84294061
422477.640195,211080.269864,2762.66493268
422478.551048,211080.682594,2762.4873109
422479.461901,211081.095324,2762.30570585
422480.372755,211081.508055,2762.12097674
422481.283608,211081.920785,2761.93630599
422482.194461,211082.333515,2761.7516936
422483.105314,211082.746246,2761.56713956
422484.016167,211083.158976,2761.40210656
422484.927021,211083.571707,2761.2524643
422485.837874,211083.984437,2761.10317713
422486.748727,211084.397167,2760.95424507
422487.65958,211084.809898,2760.80566812
422488.570434,211085.222628,2760.64664986
422489.481287,211085.635358,2760.47875502
422490.39214,211086.048089,2760.3105684
422491.302993,211086.460819,2760.14209
422492.213847,211086.87355,2759.97331982
422493.1247,211087.28628,2759.82635092
422494.035553,211087.69901,2759.69825234
422494.946406,211088.111741,2759.57057468
422495.85726,211088.524471,2759.44331792
422496.768113,211088.937201,2759.31648207
422497.678966,211089.349932,2759.16771311
422498.589819,211089.762662,2758.99913801
422499.500673,211090.175393,2758.83019042
422500.411526,211090.588123,2758.66087035
422501.322379,211091.000853,2758.49117779
422502.233232,211091.413584,2758.35726444
422503.144086,211091.826314,2758.25808979
422504.054939,211092.239044,2758.16124938
422504.965792,211092.651775,2758.06674321
422505.876645,211093.064505,2757.97457128
422506.787499,211093.477236,2757.85759848
422507.698352,211093.889966,2757.71623798
422508.609205,211094.302696,2757.57604461
422509.520058,211094.715427,2757.43701835
422510.430912,211095.128157,2757.29915921
422511.341765,211095.540888,2757.15589724
422512.252618,211095.953618,2757.00779717
422513.163471,211096.366348,2756.86154464
422514.074325,211096.779079,2756.71713962
422514.985178,211097.191809,2756.57458214
422515.896031,211097.604539,2756.43194131
422516.806884,211098.01727,2756.28871343
422517.717738,211098.43,2756.14674331
422518.628591,211098.842731,2756.00603095
422519.539444,211099.255461,2755.86657635
422520.450297,211099.668191,2755.71863387
422521.361151,211100.080922,2755.56028942
422522.272004,211100.493652,2755.40161844
422523.182857,211100.906382,2755.2426209
422524.09371,211101.319113,2755.08329682
422525.004564,211101.731843,2754.93933403
422525.915417,211102.144574,2754.81264076
422526.82627,211102.557304,2754.68563956
422527.737123,211102.970034,2754.55833045
422528.647977,211103.382765,2754.43071341
422529.55883,211103.795495,2754.34467407
422530.469683,211104.208225,2754.30634898
422531.380536,211104.620956,2754.26651036
422532.29139,211105.033686,2754.22515821
422533.202243,211105.446417,2754.18229253
422534.113096,211105.859147,2754.12384814
422535.023949,211106.271877,2754.04672966
422535.934803,211106.684608,2753.9708367
422536.845656,211107.097338,2753.90192282
422537.756509,211107.510068,2753.83348821
422538.667362,211107.922799,2753.80243616
422539.578216,211108.335529,2753.82398556
422540.489069,211108.74826,2753.83719049
422541.399922,211109.16099,2753.84182833
422542.257628,211108.674184,2753.83789907
422543.113544,211108.157068,2753.82540271
422543.969459,211107.639953,2753.78817994
422544.825375,211107.122837,2753.73611516
422545.68129,211106.605721,2753.6874754
422546.537206,211106.088606,2753.63603287
422547.393122,211105.57149,2753.57029403
422548.249037,211105.054374,2753.49687371
422549.104953,211104.537259,2753.43953178
422549.960868,211104.020143,2753.39575835
422550.816784,211103.503028,2753.33983012
422551.672699,211102.985912,2753.27174711
422552.528615,211102.468796,2753.19150929
422553.38453,211101.951681,2753.09911669
422554.240446,211101.434565,2753.01320963
422555.096361,211100.917449,2752.95957566
422555.952277,211100.400334,2752.90959266
422556.808193,211099.883218,2752.86326061
422557.664108,211099.366102,2752.82057952
422558.520024,211098.848987,2752.78154938
422559.375939,211098.331871,2752.77419852
422560.231855,211097.814755,2752.79361108
422561.08777,211097.29764,2752.80101343
422561.943686,211096.780524,2752.79985945
422562.799601,211096.263409,2752.78734379
422563.655517,211095.746293,2752.75751319
422564.511432,211095.229177,2752.70048947
422565.367348,211094.712062,2752.6184346
422566.223263,211094.194946,2752.52681857
422567.079179,211093.67783,2752.42564136
422567.935095,211093.160715,2752.31490299
422568.79101,211092.643599,2752.19460345
422569.646926,211092.126483,2752.15070119
422570.502841,211091.609368,2752.20942746
422571.358757,211091.092252,2752.26087893
422572.214672,211090.575137,2752.30505559
422573.070588,211090.058021,2752.34195745
422573.926503,211089.540905,2752.37158451
422574.782419,211089.02379,2752.38474204
422575.638334,211088.506674,2752.38325135
422576.49425,211087.989558,2752.38512243
422577.350166,211087.472443,2752.38528279
422578.206081,211086.955327,2752.37514034
422579.061997,211086.438211,2752.35709954
422579.917912,211085.921096,2752.34722245
422580.773828,211085.40398,2752.3541116
422581.629743,211084.886864,2752.34789707
422582.485659,211084.369749,2752.32857886
422583.341574,211083.852633,2752.29615697
422584.19749,211083.335518,2752.2506314
422585.053405,211082.818402,2752.21086408
422585.909321,211082.301286,2752.16908928
422586.765236,211081.784171,2752.12981772
422587.621152,211081.267055,2752.09304943
422588.477068,211080.749939,2752.05878439
422589.332983,211080.232824,2752.0270226
422590.188899,211079.715708,2752.01755024
422591.044814,211079.198592,2752.04315674
422591.90073,211078.681477,2752.05688859
422592.756645,211078.164361,2752.05108453
422593.612561,211077.647246,2752.02343227
422594.468476,211077.13013,2751.97930551
422595.324392,211076.613014,2751.90430884
422596.180307,211076.095899,2751.78132399
422597.036223,211075.578783,2751.64544331
422597.892139,211075.061667,2751.4966668
422598.748054,211074.544552,2751.33499446
422599.60397,211074.027436,2751.16042629
422600.459885,211073.51032,2751.0574529
422601.315801,211072.993205,2751.0514321
422602.171716,211072.476089,2751.03551576
422603.027632,211071.958973,2751.00970389
422603.883547,211071.441858,2750.97399648
422604.739463,211070.924742,2750.92839353
422605.595378,211070.407627,2750.86132767
422606.451294,211069.890511,2750.75557436
422607.307209,211069.373395,2750.64773351
422608.163125,211068.85628,2750.52943655
422609.019041,211068.339164,2750.39718936
422609.874956,211067.822048,2750.25505567
422610.730872,211067.304933,2750.11108451
422611.622793,211066.908365,2749.99135825
422612.622108,211066.871353,2749.87438828
422613.621423,211066.834342,2749.7601746
422614.620737,211066.79733,2749.64871721
422615.620052,211066.760318,2749.54001612
422616.619367,211066.723307,2749.47434395
422617.618682,211066.686295,2749.40666856
422618.617997,211066.649283,2749.33969806
422619.617312,211066.612272,2749.27343245
422620.616626,211066.57526,2749.20787172
422621.615941,211066.538248,2749.14301588
422622.615256,211066.501237,2749.08336232
422623.614571,211066.464225,2749.02515386
422624.613886,211066.427213,2748.8416575
422625.613201,211066.390202,2748.65760049
422626.612515,211066.35319,2748.47298282
422627.61183,211066.316178,2748.2878045
422628.611145,211066.279167,2748.08038481
422629.61046,211066.242155,2747.87272548
422630.609775,211066.205143,2747.66482936
422631.60909,211066.168132,2747.45669647
422632.608404,211066.13112,2747.2483268
422633.607719,211066.094108,2747.03387207
422634.607034,211066.057097,2746.8196118
422635.606349,211066.020085,2746.60560793
422636.605664,211065.983073,2746.3918095
422637.604979,211065.946062,2746.17808399
422638.604293,211065.90905,2745.9570893
422639.603608,211065.872038,2745.73613121
422640.602923,211065.835027,2745.51536329
422641.602238,211065.798015,2745.29478552
422642.601553,211065.761003,2745.07439791
422643.600868,211065.723992,2744.84741636
422644.600182,211065.68698,2744.62031536
422645.599497,211065.649968,2744.39330268
422646.598812,211065.612957,2744.16637834
422647.598127,211065.575945,2743.93954233
422648.597442,211065.538933,2743.6996821
422649.596757,211065.501922,2743.45941871
422650.596071,211065.46491,2743.21929764
422651.547491,211065.748904,2742.97931887
422652.492477,211066.076015,2742.73948242
422653.437463,211066.403125,2742.48606581
422654.382449,211066.730236,2742.232076
422655.327435,211067.057346,2741.97823217
422656.272421,211067.384457,2741.72453434
422657.217407,211067.711567,2741.4709825
422658.162393,211068.038678,2741.18262291
422659.107379,211068.365789,2740.89231755
422660.052365,211068.692899,2740.60229068
422660.997351,211069.02001,2740.3125423
422661.942337,211069.34712,2740.02307241
422662.887324,211069.674231,2739.65809446
422663.83231,211070.001341,2739.28741379
422664.777296,211070.328452,2738.91669387
422665.722282,211070.655563,2738.54593468
422666.667268,211070.982673,2738.17513623
422667.612254,211071.309784,2737.78392285
422668.55724,211071.636894,2737.39161974
422669.502226,211071.964005,2737.00001837
422670.447212,211072.291115,2736.60911874
422671.392198,211072.618226,2736.21892086
422672.337184,211072.945337,2735.74925134
422673.28217,211073.272447,2735.27089328
422674.227156,211073.599558,2734.79165927
422675.172142,211073.926668,2734.31154931
422676.117129,211074.253779,2733.8305634
422677.062115,211074.580889,2733.36365203
422678.007101,211074.908,2732.89879941
422678.952087,211075.23511,2732.43442158
422679.897073,211075.562221,2731.97051852
422680.842059,211075.889332,2731.50709025
422681.787045,211076.216442,2731.06593169
422682.732031,211076.543553,2730.62631054
422683.677017,211076.870663,2730.18545645
422684.622003,211077.197774,2729.74336939
422685.566989,211077.524884,2729.30004938
422686.511975,211077.851995,2728.86036197
422687.456961,211078.179106,2728.42112178
422688.401948,211078.506216,2727.98173438
422689.270252,211078.993737,2727.54219977
422690.11825,211079.523736,2727.10251793
422690.966248,211080.053735,2726.73462835
422691.814247,211080.583734,2726.37899737
422692.662245,211081.113733,2726.02506554
422693.510243,211081.643732,2725.67283285
422694.358242,211082.173731,2725.32229932
422695.20624,211082.703729,2724.9831132
422696.054238,211083.233728,2724.64693403
422696.902237,211083.763727,2724.31218288
422697.750235,211084.293726,2723.97885975
422698.598233,211084.823725,2723.64696464
422699.446232,211085.353724,2723.30815442
422700.29423,211085.883723,2722.9682224
422701.142228,211086.413722,2722.6285431
422701.990226,211086.943721,2722.28911653
422702.838225,211087.47372,2721.94994268
422703.686223,211088.003719,2721.63537464
422704.534221,211088.533718,2721.3256992
422705.38222,211089.063717,2721.01631329
422706.230218,211089.593716,2720.70721691
422707.078216,211090.123715,2720.39841006
422707.926215,211090.653714,2720.06241969
422708.774213,211091.183713,2719.71948686
422709.622211,211091.713711,2719.37504627
422710.470209,211092.24371,2719.03065087
422711.318208,211092.773709,2718.68637761
422712.166206,211093.303708,2718.31652184
422713.014204,211093.833707,2717.94079526
422713.862203,211094.363706,2717.564708
422714.710201,211094.893705,2717.18826005
422715.558199,211095.423704,2716.81145142
422716.406198,211095.953703,2716.35719593
422717.254196,211096.483702,2715.88496165
422718.102194,211097.013701,2715.41272983
422718.950193,211097.5437,2714.94050045
422719.798191,211098.073699,2714.46827353
422720.646189,211098.603698,2713.97235715
422721.494187,211099.133697,2713.470057
422722.342186,211099.663696,2712.96719498
422723.190184,211100.193695,2712.46377107
422724.038182,211100.723693,2711.95978528
422724.886181,211101.253692,2711.26668004
422725.734179,211101.783691,2710.52549184
422726.582177,211102.31369,2709.78621379
422727.430176,211102.843689,2709.04884591
422728.278174,211103.373688,2708.31338819
422729.126172,211103.903687,2707.68722758
422729.97417,211104.433686,2707.09226138
422730.822169,211104.963685,2706.49834534
422731.670167,211105.493684,2706.13621437
422732.518165,211106.023683,2706.1260563
422733.366164,211106.553682,2706.12352886
422734.214162,211107.083681,2706.18258413
422735.06216,211107.61368,2706.31517377
422735.655762,211108.398606,2706.43463338
422736.187531,211109.245496,2706.52893688
422736.719299,211110.092386,2706.59808426
422737.251067,211110.939276,2706.64207552
422737.782835,211111.786166,2706.66091066
422738.314603,211112.633056,2706.70083638
422738.846371,211113.479946,2706.80099409
422739.378139,211114.326836,2706.89708643
422739.909907,211115.173726,2707.00340874
422740.441676,211116.020616,2707.10345538
422740.973444,211116.867506,2707.19722637
422741.505212,211117.714396,2707.29848242
422742.03698,211118.561286,2707.40722013
422742.568748,211119.408176,2707.50292515
422743.100516,211120.255066,2707.58559748
422743.632284,211121.101956,2707.65523712
422744.164053,211121.948846,2707.71206256
422744.695821,211122.795736,2707.76574861
422745.227589,211123.642626,2707.78795907
422745.759357,211124.489516,2707.75918872
422746.291125,211125.336406,2707.67943757
422746.822893,211126.183296,2707.5487056
422747.354661,211127.030186,2707.36699283
422747.886429,211127.877076,2707.17677263
422748.418198,211128.723966,2706.9570537
422748.949966,211129.570856,2706.66047579
422749.481734,211130.417746,2706.30901554
422750.013502,211131.264636,2705.91120615
422750.54527,211132.111526,2705.46501892
422751.077038,211132.958416,2705.1703558
422751.608806,211133.805306,2705.03783367
422752.140575,211134.652196,2704.91786286
422752.672343,211135.499086,2704.81044336
422753.204111,211136.345976,2704.71557518
422753.735879,211137.192866,2704.63325832
422754.267647,211138.039756,2704.80317937
422754.799415,211138.886646,2705.1079966
422755.331183,211139.733536,2705.37674662
422755.862951,211140.580426,2705.60942944
422756.39472,211141.427316,2705.80604505
422756.926488,211142.274206,2705.96659346
422757.458256,211143.121096,2705.98945459
422757.990024,211143.967986,2705.95818639
422758.521792,211144.814876,2705.94067294
422759.05356,211145.661766,2705.98210386
422759.585328,211146.508656,2706.07678073
422760.117097,211147.355546,2706.16254332
422760.648865,211148.202436,2706.30075731
422761.180633,211149.049326,2706.46685854
422761.712401,211149.896216,2706.63274583
422762.244169,211150.743106,2706.79841918
422762.775937,211151.589996,2706.96387858
422763.307705,211152.436886,2707.12912404
422763.839473,211153.283776,2707.27206866
422764.371242,211154.130666,2707.46971113
422764.90301,211154.977556,2707.66414444
422765.434778,211155.824446,2707.85536862
422765.966546,211156.671336,2708.04338365
422766.498314,211157.518226,2708.22818954
422767.030082,211158.365116,2708.39497799
422767.56185,211159.212006,2708.53958469
422768.093619,211160.058896,2708.66476716
422768.625387,211160.905786,2708.77252565
422769.157155,211161.752676,2708.82052726
422769.688923,211162.599566,2708.67618906
422770.220691,211163.446456,2708.61359134
422770.752459,211164.293346,2708.6673859
422771.284227,211165.140236,2708.73797599
422771.815995,211165.987126,2708.82536162
422772.347764,211166.834016,2708.92954278
422772.879532,211167.680906,2709.1563963
422773.4113,211168.527796,2709.38445296
422773.943068,211169.374686,2709.62808759
422774.474836,211170.221576,2709.92675856
422775.280862,211169.9641,2710.21276949
422776.147048,211169.464378,2710.48612037
422777.013233,211168.964656,2710.75450948
422777.879419,211168.464933,2711.13052737
422778.745604,211167.965211,2711.51930284
422779.61179,211167.465488,2711.92083589
422780.477976,211166.965766,2712.27970269
422781.344161,211166.466043,2712.62437167
422782.210347,211165.966321,2712.95630258
422783.076532,211165.466598,2713.26391506
422783.942718,211164.966876,2713.50743131
422784.808904,211164.467153,2713.74992345
422785.675089,211163.967431,2713.99139147
422786.541275,211163.467709,2714.28611697
422787.40746,211162.967986,2714.58829379
422788.273646,211162.468264,2714.8738604
422789.139831,211161.968541,2715.16527523
422790.006017,211161.468819,2715.51412622
422790.872203,211160.969096,2715.86480111
422791.738388,211160.469374,2716.21729991
422792.604574,211159.969651,2716.48728126
422793.470759,211159.469929,2716.65177166
422794.336945,211158.970206,2716.80714252
422795.203131,211158.470484,2716.92196607
422796.069316,211157.970762,2716.98545996
422796.935502,211157.471039,2717.05867809
422797.801687,211156.971317,2717.14162047
422798.667873,211156.471594,2717.23930542
422799.534058,211155.971872,2717.36198799
422800.400244,211155.472149,2717.48747957
422801.26643,211154.972427,2717.625244
422802.132615,211154.472704,2717.78070539
422802.998801,211153.972982,2717.94427194
422803.864986,211153.473259,2718.11594365
422804.731172,211152.973537,2718.29572052
422805.597358,211152.473815,2718.36379841
422806.463543,211151.974092,2718.42321955
422807.329729,211151.47437,2718.40252058
422808.195914,211150.974647,2718.3308822
422809.0621,211150.474925,2718.27237204
422809.928285,211149.975202,2718.2269901
422810.794471,211149.47548,2718.19473637
422811.660657,211148.975757,2718.18946571
422812.527157,211148.557351,2718.19688672
422813.397179,211149.050364,2718.23848529
422814.267201,211149.543376,2718.30824135
422815.137223,211150.036389,2718.39296904
422816.007245,211150.529402,2718.49266836
422816.877267,211151.022414,2718.60733931
422817.74729,211151.515427,2718.69482855
422818.617312,211152.008439,2718.7293931
422819.487334,211152.501452,2718.71969125
422820.357356,211152.994464,2718.70864732
422821.227378,211153.487477,2718.71084866
422822.097401,211153.98049,2718.72629526
422822.967423,211154.473502,2718.75498711
422823.837445,211154.966515,2718.7982514
422824.707467,211155.459527,2718.85413153
422825.577489,211155.95254,2718.94399528
422826.447511,211156.445552,2719.04683619
422827.317534,211156.938565,2719.15781153
422828.187556,211157.431578,2719.27692129
422829.057578,211157.92459,2719.40416547
422829.9276,211158.417603,2719.53954408
422830.797622,211158.910615,2719.5740781
422831.667645,211159.403628,2719.53516896
422832.537667,211159.89664,2719.50433571
422833.407689,211160.389653,2719.48487504
422834.277711,211160.882666,2719.47678697
422835.147733,211161.375678,2719.48007147
422836.017756,211161.868691,2719.49472857
422836.887778,211162.361703,2719.52105076
422837.7578,211162.854716,2719.58019777
422838.627822,211163.347728,2719.65082465
422839.497844,211163.840741,2719.73293141
422840.367866,211164.333754,2719.82651805
422841.237889,211164.826766,2719.93158456
422842.107911,211165.319779,2720.04813094
422842.977933,211165.812791,2720.14214222
422843.847955,211166.305804,2720.16845885
422844.717977,211166.798816,2720.21651604
422845.588,211167.291829,2720.2863138
422846.458022,211167.784842,2720.37785212
422847.328044,211168.277854,2720.491131
422848.198066,211168.770867,2720.62615045
422849.068088,211169.263879,2720.79534727
422849.938111,211169.756892,2721.03378254
422850.808133,211170.249904,2721.29842548
422851.678155,211170.742917,2721.58927609
422852.548177,211171.23593,2721.90633436
422853.418199,211171.728942,2722.24960031
422854.288221,211172.221955,2722.61907392
422855.158244,211172.714967,2722.96326403
422856.028266,211173.20798,2722.99294521
422856.811349,211173.826254,2723.02139922
422857.577541,211174.468866,2723.06941876
422858.343732,211175.111479,2723.13700383
422859.109924,211175.754091,2723.22415443
422859.876116,211176.396703,2723.33087057
422860.642307,211177.039315,2723.45637983
422861.408499,211177.681928,2723.56904235
422862.17469,211178.32454,2723.68862148
422862.940882,211178.967152,2723.82447921
422863.707073,211179.609764,2723.97661554
422864.473265,211180.252377,2724.14503047
422865.239456,211180.894989,2724.329724
422866.005648,211181.537601,2724.39396756
422866.771839,211182.180213,2724.26930021
422867.538031,211182.822826,2724.05056937
422868.304222,211183.465438,2723.85225262
422869.070414,211184.10805,2723.67434996
422869.836606,211184.750662,2723.51686138
422870.602797,211185.393275,2723.37978689
422871.368989,211186.035887,2723.26780823
422872.13518,211186.678499,2723.1677674
422872.901372,211187.321112,2723.09831734
422873.667563,211187.963724,2723.0458969
422874.433755,211188.606336,2723.01050608
422875.199946,211189.248948,2722.99214488
422875.966138,211189.891561,2722.9908133
422876.732329,211190.534173,2722.93825977
422877.498521,211191.176785,2722.85389983
422878.264713,211191.819397,2722.83030056
422879.030904,211192.46201,2722.80402488
422879.797096,211193.104622,2722.76731294
422880.563287,211193.747234,2722.72016476
422881.329479,211194.389846,2722.66258033
422882.09567,211195.032459,2722.66113521
422882.861862,211195.675071,2722.66132752
422883.628053,211196.317683,2722.70140856
422884.394245,211196.960295,2722.7604109
422885.160436,211197.602908,2722.81144462
422885.926628,211198.24552,2722.85450973
422886.69282,211198.888132,2722.88960622
422887.459011,211199.530745,2723.09617849
422888.225203,211200.173357,2723.30796636
422888.991394,211200.815969,2723.57646565
422889.757586,211201.458581,2723.94001993
422890.523777,211202.101194,2724.30532984
422891.289969,211202.743806,2724.67239537
422892.05616,211203.386418,2725.04569312
422892.822352,211204.02903,2725.52598243
422893.588543,211204.671643,2726.01101194
422894.354735,211205.314255,2726.50799282
422895.120926,211205.956867,2727.04861499
422895.887118,211206.599479,2727.58506266
422896.65331,211207.242092,2728.11733583
422897.419501,211207.884704,2728.66411088
422898.185693,211208.527316,2729.31184574
422898.951884,211209.169928,2729.93873736
422899.718076,211209.812541,2730.54478574
422900.484267,211210.455153,2731.10369854
422901.250459,211211.097765,2731.64790894
422901.591876,211212.019126,2732.18134171
422901.876474,211212.977773,2732.72045035
422902.161072,211213.93642,2733.29830458
422902.445671,211214.895067,2733.86066048
422902.730269,211215.853714,2734.40751807
422903.014867,211216.812361,2734.93301701
422903.299465,211217.771007,2735.43862977
422903.584064,211218.729654,2736.01624771
422903.868662,211219.688301,2736.62480094
422904.15326,211220.646948,2737.31671923
422904.437859,211221.605595,2738.01040143
422904.722457,211222.564242,2738.69522965
422905.007055,211223.522889,2739.35099975
422905.291653,211224.481536,2739.99772494
422905.576252,211225.440182,2740.63540524
422905.86085,211226.398829,2741.26404063
422906.145448,211227.357476,2741.88363113
422906.430047,211228.316123,2742.48737006
422906.714645,211229.27477,2743.05847058
422906.999243,211230.233417,2743.6148424
422907.283841,211231.192064,2744.15648551
422907.56844,211232.15071,2744.68339992
422907.853038,211233.109357,2745.19558562
422908.137636,211234.068004,2745.7077031
422908.422235,211235.026651,2746.32164207
422908.706833,211235.985298,2746.93976191
422908.991431,211236.943945,2747.60164942
422909.276029,211237.902592,2748.3521395
422909.560628,211238.861238,2749.08056839
422909.845226,211239.819885,2749.78193654
422910.129824,211240.778532,2750.38443596
422910.414423,211241.737179,2750.96915528
422910.699021,211242.695826,2751.53609448
422910.983619,211243.654473,2752.08525358
422911.268217,211244.61312,2752.61663258
422911.552816,211245.571767,2753.12040682
422911.837414,211246.530413,2753.54357524
422912.122012,211247.48906,2753.94706687
422912.406611,211248.447707,2754.33101132
422912.691209,211249.406354,2754.69540858
422912.975807,211250.365001,2755.04025864
422913.260405,211251.323648,2755.36556152
422913.545004,211252.282295,2755.64857359
422913.829602,211253.240941,2755.91406084
422914.1142,211254.199588,2756.16980756
422914.398799,211255.158235,2756.42558947
422914.683397,211256.116882,2756.6802419
422914.967995,211257.075529,2756.93376486
422915.252593,211258.034176,2757.27154288
422915.537192,211258.992823,2757.61300685
422915.82179,211259.95147,2757.94524374
422916.106388,211260.910116,2758.26825355
422916.390987,211261.868763,2758.58203629
422916.675585,211262.82741,2758.89991342
422916.960183,211263.786057,2759.24390258
422917.244782,211264.744704,2759.5879079
422917.52938,211265.703351,2759.92609279
422917.813978,211266.661998,2760.25845725
422918.098576,211267.620644,2760.58500127
422918.383175,211268.579291,2760.90572485
422918.667773,211269.537938,2761.37358577
422918.952371,211270.496585,2761.90757552
422919.23697,211271.455232,2762.59422324
422919.521568,211272.413879,2763.2996758
422919.806166,211273.372526,2764.00995596
422920.090764,211274.331173,2764.72506371
422920.375363,211275.289819,2765.46171495
422920.659961,211276.248466,2766.21056652
422920.944559,211277.207113,2766.96395421
422921.229158,211278.16576,2767.72187801
422921.513756,211279.124407,2768.48693094
422921.798354,211280.083054,2769.29557325
422922.082952,211281.041701,2769.99124021
422922.367551,211282.000347,2770.60054869
422922.652149,211282.958994,2771.19204973
422922.936747,211283.917641,2771.76574334
422923.221346,211284.876288,2772.32162951
422923.505944,211285.834935,2772.85970826
422923.790542,211286.793582,2773.34418783
422924.07514,211287.752229,2773.77956192
422924.359739,211288.710876,2774.1877449
422924.644337,211289.669522,2774.60152971
422924.928935,211290.628169,2775.02091635
422925.213534,211291.586816,2775.44590481
422925.498132,211292.545463,2775.85347217
422925.78273,211293.50411,2776.23322155
422926.067328,211294.462757,2776.6046365
422926.351927,211295.421404,2776.96771703
422926.636525,211296.38005,2777.32524454
422926.921123,211297.338697,2777.68092411
422927.205722,211298.297344,2778.00298583
422927.49032,211299.255991,2778.27839059
422927.774918,211300.214638,2778.54114341
422928.059516,211301.173285,2778.79124431
422928.344115,211302.131932,2779.02869327
422928.628713,211303.090579,2779.2534903
422928.913311,211304.049225,2779.52903705
422928.835691,211305.001866,2779.95944111
422928.519463,211305.950549,2780.42448135
422928.203235,211306.899232,2780.87484752
422927.887008,211307.847915,2781.31053965
422927.57078,211308.796599,2781.73155772
422927.254552,211309.745282,2782.13954933
422926.938324,211310.693965,2782.53416743
422926.622097,211311.642649,2782.91062286
422926.305869,211312.591332,2783.26891561
422925.989641,211313.540015,2783.62324756
422925.673413,211314.488699,2783.97051947
422925.357186,211315.437382,2784.32684984
422925.040958,211316.386065,2784.7406111
422924.72473,211317.334748,2785.15190392
422924.408502,211318.283432,2785.56072828
422924.092274,211319.232115,2785.9670842
422923.776047,211320.180798,2786.37097168
422923.459819,211321.129482,2786.78195736
422923.143591,211322.078165,2787.24572871
422922.827363,211323.026848,2787.69869136
422922.511136,211323.975532,2788.13757201
422922.194908,211324.924215,2788.56237068
422921.87868,211325.872898,2788.97308735
422921.562452,211326.821581,2789.36436124
422921.246225,211327.770265,2789.71149516
422920.929997,211328.718948,2790.05594203
422920.613769,211329.667631,2790.3979364
422920.297541,211330.616315,2790.75859284
422919.981314,211331.564998,2791.11088753
422919.665086,211332.513681,2791.45665018
422919.348858,211333.462364,2791.82353475
422919.03263,211334.411048,2792.18880708
422918.716402,211335.359731,2792.55246718
422918.400175,211336.308414,2792.91451505
422918.083947,211337.257098,2793.27495069
422917.767719,211338.205781,2793.63603936
422917.451491,211339.154464,2793.99617754
422917.135264,211340.103148,2794.36285574
422916.819036,211341.051831,2794.73607396
422916.502808,211342.000514,2795.1158322
422916.18658,211342.949197,2795.50213045
422915.870353,211343.897881,2795.89496873
422915.554125,211344.846564,2796.29475311
422915.237897,211345.795247,2796.70102299
422914.921669,211346.743931,2797.11779982
422914.605442,211347.692614,2797.54833012
422914.289214,211348.641297,2797.98356959
422913.972986,211349.589981,2798.42351824
422913.656758,211350.538664,2798.81373505
422913.34053,211351.487347,2799.19002158
422913.024303,211352.43603,2799.55910317
422912.708075,211353.384714,2799.9209798
422912.391847,211354.333397,2800.27565147
422912.075619,211355.28208,2800.62019652
422911.759392,211356.230764,2800.93305869
422911.49263,211357.191509,2801.24183881
422911.336667,211358.179272,2801.55265016
422911.180705,211359.167035,2801.86549274
422911.024742,211360.154798,2802.18036656
422910.86878,211361.142561,2802.49727161
422910.712817,211362.130324,2802.81766391
422910.556855,211363.118087,2803.13277894
422910.400892,211364.10585,2803.43537513
422910.244929,211365.093613,2803.73018267
422910.088967,211366.081376,2804.02092774
422909.933004,211367.069139,2804.30761035
422909.777042,211368.056902,2804.57785669
422909.621079,211369.044665,2804.83745281
422909.465117,211370.032428,2805.09166571
422909.309154,211371.02019,2805.34049539
422909.153191,211372.007953,2805.58394185
422908.997229,211372.995716,2805.84316371
422908.841266,211373.983479,2806.15197265
422908.685304,211374.971242,2806.48447731
422908.529341,211375.959005,2806.81456818
422908.373378,211376.946768,2807.14224526
422908.217416,211377.934531,2807.46750854
422908.061453,211378.922294,2807.79035802
422907.905491,211379.910057,2808.1116013
422907.749528,211380.89782,2808.42704656
422907.593566,211381.885583,2808.75085309
422907.437603,211382.873346,2809.07116599
422907.28164,211383.861109,2809.38727069
422907.414592,211384.707664,2809.69916719
422908.289778,211385.19145,2810.0067022
422909.164965,211385.675235,2810.31233749
422910.040152,211386.15902,2810.61702548
422910.915338,211386.642806,2810.92076618
422911.790525,211387.126591,2811.22680346
422912.665712,211387.610377,2811.55752278
422913.540899,211388.094162,2811.88620563
422914.416085,211388.577947,2812.21266351
422915.291272,211389.061733,2812.53648899
422916.166459,211389.545518,2812.85768207
422917.041645,211390.029303,2813.17624274
422917.916832,211390.513089,2813.492171
422918.792019,211390.996874,2813.80180161
422919.667205,211391.480659,2814.10554601
422920.542392,211391.964445,2814.41386378
422921.417579,211392.44823,2814.72250947
422922.292765,211392.932016,2815.03148306
422923.167952,211393.415801,2815.34078457
422924.043139,211393.899586,2815.64363242
422924.918325,211394.383372,2815.93040129
422925.793512,211394.867157,2816.21438292
422926.668699,211395.350942,2816.49557729
422927.543885,211395.834728,2816.79664794
422928.419072,211396.318513,2817.13145765
422929.294259,211396.802299,2817.48129711
422930.169445,211397.286084,2817.85986109
422931.044632,211397.769869,2818.23643028
422931.919819,211398.253655,2818.61100467
422932.795005,211398.73744,2818.98358426
422933.670192,211399.221225,2819.35416906
422934.545379,211399.705011,2819.71928414
422935.420565,211400.188796,2820.07027782
422936.295752,211400.672581,2820.41910874
422937.170939,211401.156367,2820.76553615
422938.046125,211401.640152,2821.10956005
422938.921312,211402.123938,2821.45118044
422939.796499,211402.607723,2821.79039732
422940.671686,211403.091508,2822.13165523
422941.546872,211403.575294,2822.47217731
422942.422059,211404.059079,2822.82770001
422943.297246,211404.542864,2823.23195771
422944.172432,211405.02665,2823.6409102
422945.047619,211405.510435,2824.05455748
422945.922806,211405.99422,2824.44617734
422946.797992,211406.478006,2824.83758177
422947.673179,211406.961791,2825.23986279
422948.548366,211407.445577,2825.65302039
422949.423552,211407.929362,2826.07705458
422950.298739,211408.413147,2826.48592193
422951.173926,211408.896933,2826.889924
422952.049112,211409.380718,2827.28115453
422952.924299,211409.864503,2827.66367817
422953.799486,211410.348289,2828.03749494
422954.674672,211410.832074,2828.40260484
422955.549859,211411.315859,2828.75900785
422956.425046,211411.799645,2829.0927762
422957.300232,211412.28343,2829.38677061
422958.175419,211412.767216,2829.69733785
422959.050606,211413.251001,2830.01856658
422959.606854,211412.952623,2830.35045679
422959.894202,211411.994797,2830.69300848
422960.181549,211411.036971,2831.04959568
422960.468897,211410.079144,2831.51174149
422960.756245,211409.121318,2831.96109352
422961.043593,211408.163492,2832.39524412
422961.330941,211407.205666,2832.80324547
422961.618289,211406.247839,2833.20662684
422961.905637,211405.290013,2833.60538824
422962.192985,211404.332187,2833.99783484
422962.480333,211403.37436,2834.38086929
422962.76768,211402.416534,2834.75443
422963.055028,211401.458708,2835.11851694
422963.342376,211400.500882,2835.47313013
422963.629724,211399.543055,2835.85164363
422963.917072,211398.585229,2836.273718
422964.20442,211397.627403,2836.71613662
422964.491768,211396.669576,2837.15473956
422964.779116,211395.71175,2837.5895268
422965.066464,211394.753924,2838.02049836
422965.353811,211393.796098,2838.44765423
422965.641159,211392.838271,2838.87166778
422965.928507,211391.880445,2839.27735509
422966.215855,211390.922619,2839.61956095
422966.503203,211389.964792,2839.95879431
422966.790551,211389.006966,2840.29505519
422967.077899,211388.04914,2840.62834358
422967.365247,211387.091314,2840.96145171
422967.652595,211386.133487,2841.34225631
422967.939942,211385.175661,2841.72356567
422968.22729,211384.217835,2842.10537979
422968.514638,211383.260008,2842.48769868
422968.801986,211382.302182,2842.87052232
422969.089334,211381.344356,2843.25016351
422969.376682,211380.38653,2843.62865129
422969.66403,211379.428703,2844.0067633
422969.951378,211378.470877,2844.39268409
422970.238725,211377.513051,2844.78293718
422970.526073,211376.555224,2845.20445502
422970.813421,211375.597398,2845.6482186
422971.100769,211374.639572,2846.08976124
422971.388117,211373.681746,2846.52908291
422971.675465,211372.723919,2846.96618364
422971.962813,211371.766093,2847.40411153
422972.250161,211370.808267,2847.87756754
422972.537509,211369.85044,2848.35189682
422972.824856,211368.892614,2848.82709936
422973.112204,211367.934788,2849.27131852
422973.399552,211366.976962,2849.70038871
422973.6869,211366.019135,2850.12320817
422973.974248,211365.061309,2850.53977692
422974.261596,211364.103483,2850.95009495
422974.548944,211363.145656,2851.42561829
422974.836292,211362.18783,2851.99030772
422975.12364,211361.230004,2852.58195209
422975.410987,211360.272178,2853.16475354
422975.698335,211359.314351,2853.73871206
422975.985683,211358.356525,2854.30382766
422976.273031,211357.398699,2854.86010033
422976.560379,211356.440872,2855.39982765
422976.847727,211355.483046,2855.9232693
422977.135075,211354.52522,2856.43563357
422977.422423,211353.567394,2856.94033151
422977.709771,211352.609567,2857.43736314
422977.997118,211351.651741,2857.92672844
422978.284466,211350.693915,2858.43739736
422978.571814,211349.736088,2858.98565903
422978.859162,211348.778262,2859.53460092
422979.14651,211347.820436,2860.08422303
422979.433858,211346.86261,2860.66216668
422979.721206,211345.904783,2861.27815995
422980.008554,211344.946957,2861.88499792
422980.295901,211343.989131,2862.47795209
422980.583249,211343.031304,2863.06783606
422980.870597,211342.073478,2863.65464982
422981.157945,211341.115652,2864.23839338
422981.445293,211340.157826,2864.81906673
422981.732641,211339.199999,2865.4090505
422982.019989,211338.242173,2866.01888707
422982.307337,211337.284347,2866.48762099
422982.594685,211336.32652,2866.9565614
422982.882032,211335.368694,2867.4257083
422983.16938,211334.410868,2867.89508573
422983.456728,211333.453042,2868.37628169
422983.744076,211332.495215,2868.85735141
422984.031424,211331.537389,2869.33829487
422984.318772,211330.579563,2869.81911208
422984.60612,211329.621736,2870.29980304
422984.893468,211328.66391,2870.77280626
422985.180816,211327.706084,2871.24588571
422985.468163,211326.748258,2871.71908391
422985.913322,211326.169283,2872.19240088
422986.795675,211326.639871,2872.66583661
422987.678027,211327.110459,2873.1288706
422988.56038,211327.581048,2873.59174716
422989.442733,211328.051636,2874.05460446
422990.325086,211328.522224,2874.5174425
422991.207439,211328.992812,2874.98026129
422992.089792,211329.4634,2875.39720239
422992.972145,211329.933989,2875.8132407
422993.854498,211330.404577,2876.22934107
422994.736851,211330.875165,2876.6455035
422995.619204,211331.345753,2877.06172798
422996.501557,211331.816342,2877.43778368
422997.38391,211332.28693,2877.81232663
422998.266263,211332.757518,2878.18651545
422999.148616,211333.228106,2878.56035012
423000.030969,211333.698695,2878.93383065
423000.913322,211334.169283,2879.32359552
423001.795675,211334.639871,2879.71430897
423002.678027,211335.110459,2880.105368
423003.56038,211335.581048,2880.49677262
423004.442733,211336.051636,2880.88852282
423005.325086,211336.522224,2881.23979818
423006.207439,211336.992812,2881.58870138
423007.089792,211337.4634,2881.93705678
423007.631311,211338.18629,2882.28486439
423007.823726,211339.167604,2882.6321242
423008.01614,211340.148918,2883.01450495
423008.208555,211341.130231,2883.39945677
423008.400969,211342.111545,2883.78510404
423008.593384,211343.092859,2884.17144675
423008.785798,211344.074173,2884.55848491
423008.978213,211345.055486,2884.90941268
423009.170627,211346.0368,2885.25773217
423009.363041,211347.018114,2885.6056911
423009.555456,211347.999428,2885.95328947
423009.74787,211348.980741,2886.30052727
423009.940285,211349.962055,2886.74578974
423010.132699,211350.943369,2887.19834588
423010.325114,211351.924683,2887.65128611
423010.517528,211352.905996,2888.10461045
423010.709943,211353.88731,2888.55831888
423010.902357,211354.868624,2888.99631854
423011.094772,211355.849938,2889.43244566
423011.287186,211356.831251,2889.86793725
423011.479601,211357.812565,2890.30279331
423011.672015,211358.793879,2890.73701384
423011.864429,211359.775193,2891.18102241
423012.056844,211360.756506,2891.62598668
423012.249258,211361.73782,2892.07101728
423012.441673,211362.719134,2892.51611422
423012.634087,211363.700448,2892.96127749
423012.826502,211364.681761,2893.37404054
423013.018916,211365.663075,2893.78296951
423013.211331,211366.644389,2894.19118056
423013.403745,211367.625703,2894.5986737
423013.59616,211368.607016,2895.00544893
423013.788574,211369.58833,2895.43653476
423013.980989,211370.569644,2895.87080134
423014.173403,211371.550958,2896.30565317
423014.365817,211372.532271,2896.74109024
423014.558232,211373.513585,2897.17711256
423014.750646,211374.494899,2897.559435
423014.943061,211375.476213,2897.93513897
423015.135475,211376.457526,2898.31044386
423015.32789,211377.43884,2898.68534968
423015.520304,211378.420154,2899.05985641
423015.712719,211379.401468,2899.50427205
423015.905133,211380.382781,2899.95807956
423016.097548,211381.364095,2900.41255149
423016.289962,211382.345409,2900.86768784
423016.482377,211383.326723,2901.3234886
423016.674791,211384.308036,2901.73050489
423016.867205,211385.28935,2902.13858918
423017.05962,211386.270664,2902.54900849
423017.252034,211387.251978,2902.95983865
423017.444449,211388.233291,2903.37107966
423017.636863,211389.214605,2903.8466278
423017.829278,211390.195919,2904.3310289
423018.021692,211391.177233,2904.81500418
423018.214107,211392.158546,2905.29855363
423018.406521,211393.13986,2905.78167726
423018.598936,211394.121174,2906.23202265
423018.79135,211395.102488,2906.67747765
423018.983765,211396.083801,2907.22973963
423019.176179,211397.065115,2907.82669768
423019.368593,211398.046429,2908.42443699
423019.561008,211399.027743,2909.06512337
423019.753422,211400.009056,2909.72135633
423019.945837,211400.99037,2910.37502654
423020.138251,211401.971684,2911.02613398
423020.330666,211402.952998,2911.67467867
423020.52308,211403.934311,2912.31732975
423020.715495,211404.915625,2912.95419459
423020.907909,211405.896939,2913.59021306
423021.100324,211406.878253,2914.22538517
423021.292738,211407.859566,2914.85971092
423021.485153,211408.84088,2915.49498695
423021.677567,211409.822194,2916.14289069
423021.869981,211410.803508,2916.78982851
423022.062396,211411.784821,2917.43571874
423022.688593,211412.513199,2918.08056137
423023.44785,211413.16399,2918.72435641
423024.207107,211413.814781,2919.35730005
423024.966363,211414.465573,2919.98700328
423025.72562,211415.116364,2920.61483031
423026.484876,211415.767156,2921.24078114
423027.244133,211416.417947,2921.86485576
423028.00339,211417.068738,2922.45571407
423028.762646,211417.71953,2923.02254296
423029.521903,211418.370321,2923.58629416
423030.281159,211419.021112,2924.14696769
423031.040416,211419.671904,2924.70456355
423031.799673,211420.322695,2925.25024098
423032.614972,211420.634957,2925.775669
423033.543449,211420.263567,2926.30335792
423034.471925,211419.892176,2926.83330775
423035.400402,211419.520785,2927.36551849
423036.328879,211419.149395,2927.9018333
423037.257356,211418.778004,2928.47912735
423038.185832,211418.406613,2929.05268084
423039.114309,211418.035223,2929.62249377
423040.042786,211417.663832,2930.18856614
423040.971262,211417.292441,2930.75089794
423041.899739,211416.921051,2931.28501238
423042.828216,211416.54966,2931.80864025
423043.756692,211416.178269,2932.3294035
423044.685169,211415.806879,2932.84730215
423045.613646,211415.435488,2933.3623362
423046.542122,211415.064097,2933.90841974
423047.470599,211414.692707,2934.49228164
423048.399076,211414.321316,2935.07920938
423049.327552,211413.949925,2935.66920297
423050.256029,211413.578535,2936.26226239
423051.184506,211413.207144,2936.85422166
423052.112983,211412.835753,2937.42901884
423053.041459,211412.464363,2937.9992587
423053.969936,211412.092972,2938.56494123
423054.878856,211412.353583,2939.12606642
423055.782594,211412.781669,2939.68263429
423056.686332,211413.209755,2940.33170437
423057.59007,211413.637842,2940.98907788
423058.493807,211414.065928,2941.64803758
423059.397545,211414.494014,2942.30858347
423060.301283,211414.922101,2942.97553591
423061.205021,211415.350187,2943.68539365
423062.108759,211415.778273,2944.38225029
423063.012497,211416.20636,2945.07202828
423063.916235,211416.634446,2945.75472761
423064.819972,211417.062532,2946.43034828
423065.72371,211417.490619,2947.0932507
423066.627448,211417.918705,2947.7414358
423067.531186,211418.346792,2948.38486233
423068.434924,211418.774878,2949.0235303
423069.338662,211419.202964,2949.65743971
423070.242399,211419.631051,2950.28393323
423071.146137,211420.059137,2950.88092831
423072.049875,211420.487223,2951.47078555
423072.953613,211420.91531,2952.05350494
423073.857351,211421.343396,2952.62908649
423074.761089,211421.771482,2953.20572667
423075.664826,211422.199569,2953.76309663
423076.568564,211422.627655,2954.31660736
423077.472302,211423.055741,2954.8716451
423078.37604,211423.483828,2955.42820984
423079.279778,211423.911914,2955.98630158
423080.183516,211424.34,2956.517531
423081.087253,211424.768087,2957.02120402
423081.990991,211425.196173,2957.51914192
423082.894729,211425.624259,2958.01134467
423083.798467,211426.052346,2958.2125362
423084.702205,211426.480432,2958.4351289
423085.605943,211426.908518,2958.73369428
423086.50968,211427.336605,2959.0289005
423087.413418,211427.764691,2959.32074754
423088.317156,211428.192777,2959.60923541
423089.220894,211428.620864,2959.88644186
423090.124632,211429.04895,2960.14271168
423091.02837,211429.477036,2960.39923815
423091.932108,211429.905123,2960.65602126
423092.835845,211430.333209,2960.91306101
423093.739583,211430.761296,2961.17842196
423094.643321,211431.189382,2961.46852284
423095.547059,211431.617468,2961.75462864
423096.450797,211432.045555,2962.03673936
423097.354535,211432.473641,2962.31485501
423098.258272,211432.901727,2962.58244058
423099.16201,211433.329814,2962.81663329
423100.065748,211433.7579,2963.04960837
423100.969486,211434.185986,2963.28136582
423101.873224,211434.614073,2963.51055362
423102.776962,211435.042159,2963.73765685
423103.680699,211435.470245,2963.99729761
423104.584437,211435.898332,2964.2548111
423105.488175,211436.326418,2964.51019729
423106.391913,211436.754504,2964.76345621
423107.295651,211437.182591,2965.01083804
423108.199389,211437.610677,2965.19862531
423109.103126,211438.038763,2965.38073221
423109.186404,211438.63129,2965.55715875
423108.517439,211439.374584,2965.72790493
423107.848474,211440.117878,2965.89355296
423107.179509,211440.861172,2966.12983988
423106.510545,211441.604467,2966.36529128
423105.84158,211442.347761,2966.59990717
423105.172615,211443.091055,2966.83368754
423104.503651,211443.834349,2967.06663239
423103.834686,211444.577643,2967.20271731
423103.165721,211445.320937,2967.32994474
423102.496756,211446.064231,2967.45303167
423101.827792,211446.807526,2967.57197809
423101.158827,211447.55082,2967.686784
423100.489862,211448.294114,2967.90771484
423099.820897,211449.037408,2968.14327275
423099.151933,211449.780702,2968.38113473
423098.482968,211450.523996,2968.6213008
423097.814003,211451.26729,2968.86377095
423097.145039,211452.010585,2969.01916424
423096.476074,211452.753879,2969.15758932
423095.807109,211453.497173,2969.29564939
423095.138144,211454.240467,2969.43334446
423094.46918,211454.983761,2969.57067452
423093.800215,211455.727055,2969.82770267
423093.13125,211456.470349,2970.11889788
423092.462285,211457.213644,2970.43331546
423091.793321,211457.956938,2970.77105015
423091.124356,211458.700232,2971.10397707
423090.455391,211459.443526,2971.40210286
423089.786426,211460.18682,2971.68755886
423089.117462,211460.930114,2971.97188277
423088.448497,211461.673408,2972.2550746
423087.779532,211462.416703,2972.53713436
423087.110568,211463.159997,2972.89081962
423086.441603,211463.903291,2973.27379591
423085.772638,211464.646585,2973.65023636
423085.103673,211465.389879,2974.02014097
423084.434709,211466.133173,2974.38350974
423083.765744,211466.876468,2974.74068685
423083.619886,211467.355718,2975.09304276
423084.615193,211467.258952,2975.44071921
423085.6105,211467.162186,2975.78371621
423086.605807,211467.06542,2976.01180552
423087.601114,211466.968654,2975.87839363
423088.596422,211466.871888,2975.72920158
423089.591729,211466.775122,2975.55274396
423090.587036,211466.678356,2975.34902075
423091.582343,211466.58159,2975.13890432
423092.57765,211466.484824,2974.91341084
423093.572957,211466.388058,2974.64140496
423094.568265,211466.291292,2974.30113562
423095.563572,211466.194526,2973.93188754
423096.558879,211466.09776,2973.53366072
423097.554186,211466.000994,2973.10645516
423098.549493,211465.904228,2972.65027085
423099.5448,211465.807462,2972.29412831
423100.540107,211465.710696,2972.41550775
423101.535415,211465.61393,2972.52100604
423102.530722,211465.517164,2972.58800801
423103.526029,211465.420398,2972.61651367
423104.521336,211465.323632,2972.60652302
423105.516643,211465.226866,2972.56334682
423106.51195,211465.1301,2972.50310629
423107.507258,211465.033334,2972.42005077
423108.502565,211464.936568,2972.31418413
423109.497872,211464.839802,2972.21213749
423110.493179,211464.743036,2972.07689719
423111.488486,211464.64627,2971.9419147
423112.483793,211464.549504,2971.86890936
423113.479101,211464.452738,2971.78214433
423114.474408,211464.355972,2971.6816196
423115.469715,211464.259207,2971.56733519
423116.465022,211464.162441,2971.43929109
423117.460329,211464.065675,2971.30200119
423118.455636,211463.968909,2971.25755085
423119.450944,211463.872143,2971.19895106
423120.446251,211463.775377,2971.12620181
423121.441558,211463.678611,2971.0393031
423122.436865,211463.581845,2970.93825493
423123.432172,211463.485079,2970.83500453
423124.427479,211463.388313,2970.75080978
423125.422787,211463.291547,2970.63529769
423126.418094,211463.194781,2970.49332939
423127.413401,211463.098015,2970.3487597
423128.408708,211463.001249,2970.17594549
423129.404015,211462.904483,2969.96588147
423130.399322,211462.807717,2970.06932045
423131.394629,211462.710951,2970.26133896
423132.389937,211462.614185,2970.44221804
423133.385244,211462.517419,2970.6119577
423134.380551,211462.420653,2970.77232331
423135.375858,211462.323887,2970.94799048
423136.371165,211462.227121,2971.12152303
423137.366472,211462.130355,2971.29292096
423138.36178,211462.033589,2971.46218428
423139.357087,211461.936823,2971.62237842
423140.352394,211461.840057,2971.59641167
423141.347701,211461.743291,2971.56493771
423142.343008,211461.646525,2971.52795654
423143.338315,211461.549759,2971.48546815
423144.333623,211461.452993,2971.43747256
423145.32893,211461.356227,2971.65282587
423146.324237,211461.259461,2971.87194224
423147.319544,211461.162695,2972.09422208
423148.314851,211461.065929,2972.31966537
423149.310158,211460.969163,2972.54827213
423150.305466,211460.872397,2972.67323196
423151.300773,211460.775631,2972.79333609
423152.29608,211460.678865,2972.91309888
423153.291387,211460.582099,2973.03252032
423154.286694,211460.485334,2973.15160042
423155.282001,211460.388568,2973.43849044
423156.277309,211460.291802,2973.75529111
423157.272616,211460.195036,2974.0680437
423158.267923,211460.09827,2974.37674821
423159.26323,211460.001504,2974.68140465
423160.258537,211459.904738,2974.89984947
423161.253844,211459.807972,2975.10807495
423162.249152,211459.711206,2975.31749034
423163.244459,211459.61444,2975.52809563
423164.239766,211459.517674,2975.73989083
423165.235073,211459.420908,2976.05516703
423166.23038,211459.324142,2976.38405261
423167.225687,211459.227376,2976.70678674
423168.220994,211459.13061,2977.02336944
423169.216302,211459.033844,2977.33380069
423170.211609,211458.937078,2977.55971349
423171.206916,211458.840312,2977.76603413
423172.202223,211458.743546,2977.97259516
423173.19753,211458.64678,2978.17939656
423174.192837,211458.550014,2978.38643836
423175.188145,211458.453248,2978.72328579
423176.183452,211458.356482,2979.09258768
423177.178759,211458.259716,2979.4533463
423178.174066,211458.16295,2979.80556164
423179.169373,211458.066184,2980.14923372
423180.16468,211457.969418,2980.3834461
423181.159988,211457.872652,2980.57901832
423182.155295,211457.775886,2980.77545111
423183.150602,211457.67912,2980.97274448
423184.145909,211457.582354,2981.17089843
423185.141216,211457.485588,2981.47942517
423186.136523,211457.388822,2981.83331502
423187.131831,211457.292056,2982.18151977
423188.127138,211457.19529,2982.52403942
423189.111547,211457.351238,2982.86087398
423190.094829,211457.533327,2983.0917502
423191.078111,211457.715417,2983.2724449
423192.061393,211457.897506,2983.45969489
423193.044675,211458.079595,2983.65350017
423194.027957,211458.261684,2983.85386074
423195.011239,211458.443774,2984.01315172
423195.994521,211458.625863,2984.15060902
423196.977803,211458.807952,2984.29209517
423197.961085,211458.990041,2984.49855484
423198.944367,211459.172131,2984.76009601
423199.927649,211459.35422,2984.93905686
423200.910931,211459.536309,2985.05939907
423201.894213,211459.718399,2985.17974128
423202.877495,211459.900488,2985.3000835
423203.860777,211460.082577,2985.42042571
423204.844059,211460.264666,2985.62719876
423205.827341,211460.446756,2985.89532367
423206.810623,211460.628845,2986.16344858
423207.793905,211460.810934,2986.43157349
423208.777187,211460.993023,2986.6996984
423209.760469,211461.175113,2986.98934106
423210.743751,211461.357202,2987.29425782
423211.727033,211461.539291,2987.59917458
423212.710315,211461.72138,2987.90409134
423213.693597,211461.90347,2988.20900811
423214.676879,211462.085559,2988.71896525
423215.660161,211462.267648,2989.37446779
423216.643443,211462.449737,2990.02997033
423217.626725,211462.631827,2990.68547287
423218.610007,211462.813916,2991.34097541
423219.593289,211462.996005,2992.04095265
423220.576571,211463.178094,2992.77249971
423221.559853,211463.360184,2993.50404677
423222.543135,211463.542273,2994.23559383
423223.526417,211463.724362,2994.96714089
423224.509699,211463.906452,2995.66142433
423225.492981,211464.088541,2996.32925663
423226.476263,211464.27063,2996.99708893
423227.459545,211464.452719,2997.66492123
423228.442827,211464.634809,2998.33275353
423229.426109,211464.816898,2998.92323965
423230.409391,211464.998987,2999.45882252
423231.392673,211465.181076,2999.99440539
423232.375955,211465.363166,3000.52998826
423233.359237,211465.545255,3001.06557114
423234.342519,211465.727344,3001.44340505
423235.325801,211465.909433,3001.70926282
423236.309083,211466.091523,3001.67983079
423237.292365,211466.273612,3001.19029643
423238.275647,211466.455701,3000.76218866
423239.258929,211466.63779,3000.39550746
423240.242211,211466.81988,2999.95589288
423241.225493,211467.001969,2999.54378724
423242.208775,211467.184058,2999.18543934
423243.192057,211467.366147,2998.88084918
423244.175339,211467.548237,2998.67325649
423245.158621,211467.730326,2998.49331569
423246.141903,211467.912415,2998.41991482
423247.125185,211468.094505,2998.44124627
423248.108467,211468.276594,2998.45371447
423249.091749,211468.458683,2998.45731942
423250.075031,211468.640772,2998.45206112
423251.058313,211468.822862,2998.43793957
423252.041595,211469.004951,2998.38236728
423253.024877,211469.18704,2998.29857399
423254.008159,211469.369129,2998.17185792
423254.991441,211469.551219,2998.00221909
423255.974723,211469.733308,2997.78965748
423256.958005,211469.915397,2997.53417309
423257.941287,211470.097486,2997.23576594
423258.924569,211470.279576,2997.09134286
423259.907851,211470.461665,2997.17729046
423260.891133,211470.643754,2997.34673342
423261.874415,211470.825843,2997.49209867
423262.857697,211471.007933,2997.61338622
423263.840979,211471.190022,2997.71059606
423264.824261,211471.372111,2997.76484091
423265.807543,211471.5542,2997.7828357
423266.790825,211471.73629,2997.79373988
423267.774107,211471.918379,2997.79372077
423268.757389,211472.100468,2997.7769436
423269.740671,211472.282557,2997.74550177
423270.723953,211472.464647,2997.70920492
423271.707235,211472.646736,2997.75750817
423272.690517,211472.828825,2997.7853738
423273.673799,211473.010915,2997.79280183
423274.657081,211473.193004,2997.77979225
423275.640363,211473.375093,2997.79840219
423276.623645,211473.557182,2997.88550919
423277.606927,211473.739272,2997.92995319
423278.590209,211473.921361,2997.9609165
423279.573491,211474.10345,2997.98922556
423280.556773,211474.285539,2998.01488039
423281.540055,211474.467629,2998.03788099
423282.523337,211474.649718,2998.05822735
423283.50662,211474.831807,2998.15056724
423284.489902,211475.013896,2998.34031644
423285.473184,211475.195986,2998.49879306
423286.456466,211475.378075,2998.6259971
423287.439748,211475.560164,2998.72192857
423288.42303,211475.742253,2998.78658746
423289.406312,211475.924343,2998.81813013
423290.389594,211476.106432,2998.766654
423291.372876,211476.288521,2998.68986302
423292.356158,211476.47061,2998.70245404
423293.33944,211476.6527,2998.70288296
423294.322722,211476.834789,2998.69114981
423295.306004,211477.016878,2998.66725457
423296.289286,211477.198968,2998.83075849
423297.272568,211477.381057,2998.50702052
423298.25585,211477.563146,2997.72108738
423299.239132,211477.745235,2996.88203879
423300.222414,211477.927325,2996.04257474
423301.205696,211478.109414,2995.20283476
423302.188978,211478.291503,2994.36281886
423303.17226,211478.473592,2993.52252702
423304.155542,211478.655682,2992.9605774
423305.138824,211478.837771,2992.40395051
423306.122106,211479.01986,2991.84949899
423306.113408,211479.904672,2991.29722285
423305.959031,211480.892684,2990.74712209
423305.804654,211481.880696,2990.16065161
423305.650278,211482.868708,2989.5731224
423305.495901,211483.85672,2988.98529093
423305.341524,211484.844732,2988.40240384
423305.187147,211485.832744,2987.83611286
423305.03277,211486.820756,2987.31030913
423304.878393,211487.808768,2986.78516381
423304.724016,211488.79678,2986.25947807
423304.569639,211489.784792,2985.73325193
423304.415263,211490.772804,2985.20648537
423304.260886,211491.760817,2984.61556359
423304.106509,211492.748829,2984.02264604
423303.952132,211493.736841,2983.43020592
423303.797755,211494.724853,2982.83824325
423303.643378,211495.712865,2982.24675801
423303.489001,211496.700877,2981.63591631
423303.334624,211497.688889,2981.02441791
423303.180248,211498.676901,2980.41321032
423303.025871,211499.664913,2979.80229354
423302.871494,211500.652925,2979.19166758
423302.717117,211501.640937,2978.46318664
423302.56274,211502.628949,2977.72995385
423302.408363,211503.616961,2976.99881973
423302.253986,211504.604973,2976.26978427
423302.099609,211505.592985,2975.54284747
423301.945232,211506.580997,2974.98640346
423301.790856,211507.569009,2974.44044102
423301.636479,211508.557021,2973.89352714
423301.482102,211509.545033,2973.34566182
423301.327725,211510.533045,2972.79684505
423301.173348,211511.521057,2972.148271
423301.018971,211512.509069,2971.49242421
423300.864594,211513.497081,2970.83698729
423300.710217,211514.485093,2970.18196027
423300.555841,211515.473105,2969.52734313
423300.401464,211516.461117,2969.07189549
423300.247087,211517.449129,2968.63185491
423300.09271,211518.437141,2968.18975344
423299.938333,211519.425153,2967.74559109
423299.783956,211520.413166,2967.29936785
423299.629579,211521.401178,2966.83480508
423299.475202,211522.38919,2966.36637437
423299.320825,211523.377202,2965.89565607
423299.166449,211524.365214,2965.42265019
423299.012072,211525.353226,2964.94735673
423298.857695,211526.341238,2964.43934291
423298.703318,211527.32925,2963.92765401
423298.548941,211528.317262,2963.41568116
423298.394564,211529.305274,2962.90342437
423298.240187,211530.293286,2962.39088363
423298.08581,211531.281298,2961.89593763
423297.931434,211532.26931,2961.40195162
423297.777057,211533.257322,2960.90674969
423297.62268,211534.245334,2960.41033183
423297.468303,211535.233346,2959.91269805
423297.313926,211536.221358,2959.37916089
423297.159549,211537.20937,2958.84199464
423297.005172,211538.197382,2958.30583136
423296.850795,211539.185394,2957.77067104
423296.696419,211540.173406,2957.23651369
423296.542042,211541.161418,2957.03521814
423296.387665,211542.14943,2957.2252729
423296.233288,211543.137442,2957.40467497
423296.078911,211544.125454,2957.57342433
423295.924534,211545.113466,2957.77906988
423295.770157,211546.101478,2958.0022064
423295.61578,211547.08949,2958.20782192
423295.461403,211548.077502,2958.39591643
423295.307027,211549.065514,2958.56648994
423295.15265,211550.053527,2958.7386074
423294.998273,211551.041539,2958.93021528
423294.843896,211552.029551,2959.11595619
423294.689519,211553.017563,2959.29411122
423294.535142,211554.005575,2959.46468036
423294.380765,211554.993587,2959.62766361
423294.226388,211555.981599,2959.78306098
423294.072012,211556.969611,2960.04350371
423293.917635,211557.957623,2960.27427413
423293.763258,211558.945635,2960.47270203
423293.608881,211559.933647,2960.64165461
423293.454504,211560.921659,2960.7893915
423293.300127,211561.909671,2960.91487133
423293.14575,211562.897683,2961.00969753
423292.991373,211563.885695,2961.07809272
423292.836997,211564.873707,2961.12005691
423292.68262,211565.861719,2961.13559011
423292.528243,211566.849731,2961.1246923
423292.373866,211567.837743,2961.17421283
423292.219489,211568.825755,2961.35799797
423292.065112,211569.813767,2961.66072007
423291.910735,211570.801779,2961.97678698
423291.756358,211571.789791,2962.25751289
423291.491911,211572.746943,2962.5028978
423291.110151,211573.671205,2962.72094469
423290.728391,211574.595466,2962.91651659
423290.34663,211575.519727,2963.08540975
423289.96487,211576.443989,2963.22762417
423289.58311,211577.36825,2963.34315986
423289.20135,211578.292512,2963.43201681
423288.81959,211579.216773,2963.60021713
423288.43783,211580.141035,2963.77706456
423288.056069,211581.065296,2963.93414426
423287.674309,211581.989557,2964.07145624
423287.292549,211582.913819,2964.18900049
423286.910789,211583.83808,2964.28677703
423286.529029,211584.762342,2964.31641137
423286.147269,211585.686603,2964.31205536
423285.765509,211586.610865,2964.27539954
423285.383748,211587.535126,2964.2154363
423285.001988,211588.459387,2964.36242179
423284.620228,211589.383649,2964.53702634
423284.238468,211590.30791,2964.87852243
423283.856708,211591.232172,2965.17595545
423283.474948,211592.156433,2965.42932542
423283.093187,211593.080695,2965.63863232
423282.711427,211594.004956,2965.80387617
423282.329667,211594.929217,2965.91306812
423281.947907,211595.853479,2965.96835754
423281.566147,211596.77774,2966.00450335
423281.184387,211597.702002,2966.03751663
423280.802627,211598.626263,2966.03107989
423280.420866,211599.550525,2965.98519313
423280.039106,211600.474786,2966.01325808
423279.657346,211601.399047,2966.12124974
423279.275586,211602.323309,2966.2246369
423278.893826,211603.24757,2966.32341957
423278.512066,211604.171832,2966.41759774
423278.130305,211605.096093,2966.50717141
423277.748545,211606.020355,2966.62014418
423277.366785,211606.944616,2966.83557858
423276.985025,211607.868877,2967.03232164
423276.603265,211608.793139,2967.21037335
423276.221505,211609.7174,2967.36973372
423275.839745,211610.641662,2967.51040273
423275.457984,211611.565923,2967.66200456
423275.076224,211612.490185,2967.78911779
423274.694464,211613.414446,2967.8897744
423274.312704,211614.338707,2967.96397437
423273.930944,211615.262969,2968.04111011
423273.549184,211616.18723,2968.12165103
423273.167423,211617.111492,2968.16032186
423272.785663,211618.035753,2968.16817929
423272.403903,211618.960015,2968.14522334
423272.022143,211619.884276,2968.091454
423271.640383,211620.808537,2968.00687127
423271.258623,211621.732799,2967.98243322
423270.876863,211622.65706,2968.12622039
423270.495102,211623.581322,2968.269495
423270.113342,211624.505583,2968.55820074
423269.731582,211625.429845,2968.90093678
423269.349822,211626.354106,2969.21067252
423268.968062,211627.278367,2969.48358037
423268.586302,211628.202629,2969.73088774
423268.204541,211629.12689,2969.95920477
423267.822781,211630.051152,2970.16853146
423267.441021,211630.975413,2970.35886781
423267.059261,211631.899675,2970.53021382
423266.677501,211632.823936,2970.73533903
423266.295741,211633.748197,2970.96473604
423265.913981,211634.672459,2971.175275
423265.53222,211635.59672,2971.35864828
423265.15046,211636.520982,2971.5148559
423264.7687,211637.445243,2971.64389785
423264.38694,211638.369504,2971.70853019
423264.00518,211639.293766,2971.73360536
423263.899886,211640.286659,2971.72170788
423263.805077,211641.282154,2971.67283775
423263.710268,211642.27765,2971.58699498
423263.615459,211643.273145,2971.73780772
423263.52065,211644.268641,2972.07690039
423263.425841,211645.264136,2972.38265958
423263.331032,211646.259632,2972.65508531
423263.236223,211647.255127,2972.89417756
423263.141414,211648.250622,2973.09993634
423263.046604,211649.246118,2973.26216944
423262.951795,211650.241613,2973.38155936
423262.856986,211651.237109,2973.48605941
423262.762177,211652.232604,2973.58039484
423262.667368,211653.2281,2973.70110988
423262.572559,211654.223595,2973.80080997
423262.47775,211655.219091,2973.96501525
423262.382941,211656.214586,2974.19213
423262.288132,211657.210082,2974.40324434
423262.193323,211658.205577,2974.59835827
423262.098514,211659.201073,2974.77747179
423262.003704,211660.196568,2974.94058491
423261.908895,211661.192064,2975.08855716
423261.814086,211662.187559,2975.25048821
423261.719277,211663.183055,2975.49411709
423261.624468,211664.17855,2975.72124155
423261.529659,211665.174046,2975.93186159
423261.43485,211666.169541,2976.1259772
423261.340041,211667.165036,2976.34717602
423261.245232,211668.160532,2976.54100739
423261.150423,211669.156027,2976.70240227
423261.055614,211670.151523,2976.83136065
423260.960804,211671.147018,2976.92788254
423260.865995,211672.142514,2976.9981676
423260.771186,211673.138009,2977.01417644
423260.676377,211674.133505,2976.99567292
423260.581568,211675.129,2976.94265704
423260.486759,211676.124496,2976.85512879
423260.39195,211677.119991,2976.73308819
423260.297141,211678.115487,2976.66751787
423260.202332,211679.110982,2976.80154881
423260.107523,211680.106478,2976.93819381
423260.012714,211681.101973,2977.07745286
423259.917904,211682.097469,2977.32677213
423259.823095,211683.092964,2977.63688398
423259.728286,211684.088459,2977.90711532
423259.633477,211685.083955,2978.14831382
423259.538668,211686.07945,2978.36779686
423259.443859,211687.074946,2978.56556445
423259.34905,211688.070441,2978.7416166
423259.254241,211689.065937,2978.89595329
423259.159432,211690.061432,2979.07061361
423259.064623,211691.056928,2979.24564608
423258.969814,211692.052423,2979.43798252
423258.875004,211693.047919,2979.62795793
423258.780195,211694.043414,2979.80074551
423258.685386,211695.03891,2979.95634525
423258.590577,211696.034405,2980.07770078
423258.495768,211697.029901,2980.17664134
423258.400959,211698.025396,2980.25505388
423258.30615,211699.020892,2980.3129384
423258.211341,211700.016387,2980.35029491
423258.116532,211701.011883,2980.37939874
423258.021723,211702.007378,2980.62145157
423257.926913,211703.002873,2980.85233309
423257.832104,211703.998369,2981.05311025
423257.737295,211704.993864,2981.22378308
423257.642486,211705.98936,2981.36435155
423257.547677,211706.984855,2981.4693355
423257.452868,211707.980351,2981.53531811
423257.358059,211708.975846,2981.57875663
423257.26325,211709.971342,2981.59965106
423257.168441,211710.966837,2981.59803887
423257.073632,211711.962333,2981.58632334
423256.978823,211712.957828,2981.62355034
423256.884013,211713.953324,2981.73932987
423256.789204,211714.948819,2981.8573134
423256.694395,211715.944315,2981.97750094
423256.599586,211716.93981,2982.09989248
423256.504777,211717.935306,2982.22448803
423256.409968,211718.930801,2982.35962438
423256.315159,211719.926297,2982.50362708
423256.22035,211720.921792,2982.66531006
423256.125541,211721.917287,2982.88378701
423256.030732,211722.912783,2983.07951483
423255.935923,211723.908278,2983.25249355
423255.841113,211724.903774,2983.34151074
423255.746304,211725.899269,2983.39980749
423255.651495,211726.894765,2983.43622648
423255.556686,211727.89026,2983.45076771
423255.461877,211728.885756,2983.44343117
423255.367068,211729.881251,2983.41185109
423255.272259,211730.876747,2983.33424662
423255.280976,211731.874909,2983.23770327
423255.324414,211732.873965,2983.09948027
423255.367851,211733.873021,2982.91957761
423255.411288,211734.872077,2982.69799529
423255.454725,211735.871133,2982.4980244
423255.498163,211736.870189,2982.46050232
423255.5416,211737.869246,2982.42990833
423255.585037,211738.868302,2982.40624245
423255.628474,211739.867358,2982.38950467
423255.671911,211740.866414,2982.48868873
423255.715349,211741.86547,2982.65066
423255.758786,211742.864526,2982.74248174
423255.802223,211743.863583,2982.82186537
423255.84566,211744.862639,2982.88881088
423255.889098,211745.861695,2982.94331827
423255.932535,211746.860751,2982.98538754
423255.975972,211747.859807,2983.05464898
423256.019409,211748.858863,2983.12018808
423256.062846,211749.857919,2983.15925346
423256.106284,211750.856976,2983.20909279
423256.149721,211751.856032,2983.26069824
423256.193158,211752.855088,2983.29092995
423256.236595,211753.854144,2983.25881238
423256.280033,211754.8532,2983.19546328
423256.32347,211755.852256,2983.10748567
423256.366907,211756.851313,2982.99487957
423256.410344,211757.850369,2982.85764497
423256.453781,211758.849425,2982.70426508
423256.497219,211759.848481,2982.68576583
423256.540656,211760.847537,2982.78306361
423256.584093,211761.846593,2982.89983141
423256.62753,211762.84565,2982.99518277
423256.670968,211763.844706,2983.06911766
423256.784158,211764.828144,2983.10933744
423257.170885,211765.750339,2983.09840506
423257.557612,211766.672533,2983.07749485
423257.944338,211767.594727,2983.04660681
423258.331065,211768.516922,2983.00574094
423258.717792,211769.439116,2982.95489723
423259.104519,211770.36131,2982.94231415
423259.491245,211771.283505,2982.91609402
423259.877972,211772.205699,2982.87514633
423260.264699,211773.127894,2982.81947109
423260.651425,211774.050088,2983.13179505
423261.038152,211774.972282,2983.45199909
423261.424879,211775.894477,2983.65593672
423261.811605,211776.816671,2983.85689421
423262.198332,211777.738865,2984.06223633
423262.585059,211778.66106,2984.27196308
423262.971785,211779.583254,2984.48607446
423263.358512,211780.505449,2984.5101134
423263.745239,211781.427643,2984.50397057
423264.131965,211782.349837,2984.49389103
423264.518692,211783.272032,2984.47987476
423264.905419,211784.194226,2984.46192177
423265.292145,211785.116421,2984.23774442
423265.678872,211786.038615,2983.95188504
423266.065599,211786.960809,2983.65436176
423266.452325,211787.883004,2983.34517458
423266.839052,211788.805198,2983.02432349
423267.225779,211789.727392,2982.53298501
423267.612505,211790.649587,2981.9711865
423267.999232,211791.571781,2981.39043261
423268.385959,211792.493976,2980.79072337
423268.772685,211793.41617,2980.17205875
423269.159412,211794.338364,2979.49203547
423269.546139,211795.260559,2978.77604511
423269.932865,211796.182753,2978.04369543
423270.319592,211797.104948,2977.29498642
423270.706319,211798.027142,2976.65037725
423271.093045,211798.949336,2976.49394408
423271.479772,211799.871531,2976.34618926
423271.866499,211800.793725,2976.19048134
423272.253226,211801.715919,2976.01526109
423272.639952,211802.638114,2975.83972727
423273.026679,211803.560308,2975.66387986
423273.413406,211804.482503,2975.48771889
423273.800132,211805.404697,2975.25491793
423274.186859,211806.326891,2974.94180569
423274.573586,211807.249086,2974.62706091
423274.960312,211808.17128,2974.31068359
423275.347039,211809.093474,2973.99267373
423275.508292,211809.9829,2973.85748277
423274.875054,211810.756857,2973.94867466
423274.241816,211811.530814,2974.01870231
423273.608578,211812.304771,2974.06756574
423272.975341,211813.078729,2974.09526495
423272.342103,211813.852686,2974.10179993
423271.708865,211814.626643,2974.04770072
423271.075627,211815.400601,2973.96605193
423270.442389,211816.174558,2973.85775343
423269.809152,211816.948515,2973.75033872
423269.175914,211817.722472,2973.61869555
423268.542676,211818.49643,2973.54024903
423267.909438,211819.270387,2973.52429444
423267.276201,211820.044344,2973.50625676
423266.642963,211820.818302,2973.48613599
423266.009725,211821.592259,2973.46393212
423265.376487,211822.366216,2973.42848323
423264.743249,211823.140174,2973.30883533
423264.110012,211823.914131,2973.16364871
423263.476774,211824.688088,2972.99292338
423262.843536,211825.462045,2972.79665932
423262.023239,211825.818033,2972.57485655
423261.024183,211825.774595,2972.59826276
423260.025127,211825.731158,2972.68945295
423259.026071,211825.687721,2972.73917571
423258.027014,211825.644284,2972.74743103
423257.027958,211825.600847,2972.71421891
423256.028902,211825.557409,2972.64685855
423255.029846,211825.513972,2972.55506164
423254.03079,211825.470535,2972.42212364
423253.031734,211825.427098,2972.24804455
423252.032677,211825.38366,2972.03282438
423251.033621,211825.340223,2971.77646312
423250.034565,211825.296786,2971.67406365
423249.035509,211825.253349,2971.59726066
423248.036453,211825.209912,2971.57484408
423247.037397,211825.166474,2971.58873361
423246.038341,211825.123037,2971.62237781
423245.039284,211825.0796,2971.65314904
423244.040228,211825.036163,2971.6514838
423243.041172,211824.992725,2971.63365377
423242.042116,211824.949288,2971.59965893
423241.04306,211824.905851,2971.54949929
423240.044004,211824.862414,2971.48680466
423239.044947,211824.818976,2971.49352222
423238.045891,211824.775539,2971.51164818
423237.046835,211824.732102,2971.54118255
423236.047779,211824.688665,2971.58212533
423235.048723,211824.645228,2971.81003158
423234.049667,211824.60179,2972.01545731
423233.05061,211824.558353,2972.15773512
423232.051554,211824.514916,2972.26676676
423231.052498,211824.471479,2972.34255225
423230.053442,211824.428041,2972.38509157
423229.054386,211824.384604,2972.37811825
423228.103974,211824.688488,2972.28119686
423227.15529,211825.004716,2972.15716749
423226.206607,211825.320944,2972.00603014
423225.257924,211825.637172,2971.8277848
423224.309241,211825.9534,2971.62243148
423223.360557,211826.269627,2971.47138276
423222.411874,211826.585855,2971.38005653
423221.463191,211826.902083,2971.27318677
423220.514507,211827.218311,2971.12925185
423219.565824,211827.534538,2970.94825176
423218.617141,211827.850766,2970.81709394
423217.668457,211828.166994,2970.82500612
423216.719774,211828.483222,2970.84193808
423215.771091,211828.799449,2970.86788984
423214.822408,211829.115677,2970.90286139
423213.873724,211829.431905,2970.94685273
423212.925041,211829.748133,2970.90544344
423211.976358,211830.06436,2970.84581869
423211.131365,211830.562216,2970.77167478
423210.37676,211831.218394,2970.88510186
423209.622154,211831.874573,2971.03527838
423208.867549,211832.530752,2971.2454099
423208.112943,211833.18693,2971.49568422
423207.358338,211833.843109,2971.71964214
423206.603732,211834.499288,2971.91728365
423205.849127,211835.155467,2972.08860875
423205.094521,211835.811645,2972.22819967
423204.339916,211836.467824,2972.30633282
423203.58531,211837.124003,2972.36567647
423202.830705,211837.780181,2972.40623062
423202.076099,211838.43636,2972.42799528
423201.321493,211839.092539,2972.43097043
423200.566888,211839.748718,2972.41157135
423199.812282,211840.404896,2972.37482486
423199.057677,211841.061075,2972.33331504
423198.303071,211841.717254,2972.28704187
423197.548466,211842.373432,2972.23600537
423196.79386,211843.029611,2972.18393655
423196.039255,211843.68579,2972.12794084
423195.284649,211844.341969,2972.05387778
423194.530044,211844.998147,2971.96174735
423193.775438,211845.654326,2971.85154956
423193.020833,211846.310505,2971.72328442
423192.266227,211846.966683,2971.79762049
423191.511622,211847.622862,2971.91164861
423190.757016,211848.279041,2972.14682695
423190.002411,211848.93522,2972.37711219
423189.247805,211849.591398,2972.57790084
423188.4932,211850.247577,2972.75440888
423187.738594,211850.903756,2972.90963446
423186.983989,211851.559934,2973.03783538
423186.229383,211852.216113,2973.13901164
423185.474778,211852.872292,2973.21316324
423184.720172,211853.528471,2973.26035173
423183.965566,211854.184649,2973.29175737
423183.210961,211854.840828,2973.31408767
423182.456355,211855.497007,2973.32734263
423181.70175,211856.153185,2973.33152224
423180.947144,211856.809364,2973.43525502
423180.192539,211857.465543,2973.57412502
423179.437933,211858.121722,2973.70661135
423178.683328,211858.7779,2973.81831537
423177.900829,211859.37601,2973.90923705
423176.916959,211859.554895,2973.85668727
423175.933089,211859.733781,2973.62221678
423174.94922,211859.912666,2973.61080982
423173.96535,211860.091552,2973.60642926
423172.98148,211860.270437,2973.6090751
423171.99761,211860.449323,2973.61874735
423171.01374,211860.628208,2973.5953405
423170.02987,211860.807094,2973.45999348
423169.046,211860.985979,2973.32426985
423168.06213,211861.164864,2973.1881696
423167.07826,211861.34375,2973.05169273
423166.09439,211861.522635,2972.91372389
423165.11052,211861.701521,2972.77378631
423164.126651,211861.880406,2972.63652061
423163.142781,211862.059292,2972.50192678
423162.158911,211862.238177,2972.37000483
423161.175041,211862.417063,2972.20094648
423160.191171,211862.595948,2971.89263083
423159.207301,211862.774833,2971.5790377
423158.223431,211862.953719,2971.26016709
423157.239561,211863.132604,2970.936019
423156.255691,211863.31149,2970.68207646
423155.271821,211863.490375,2970.71660616
423154.287951,211863.669261,2970.7556003
423153.304082,211863.848146,2970.79905888
423152.320212,211864.027031,2970.8469819
423151.336342,211864.205917,2970.83945881
423150.352472,211864.384802,2970.57553061
423149.368602,211864.563688,2970.30574787
423148.384732,211864.742573,2970.03011062
423147.400862,211864.921459,2969.74861883
423146.416992,211865.100344,2969.50877762
423146.039917,211864.648954,2969.49525285
423146.181339,211863.659005,2969.48475071
423146.32276,211862.669055,2969.4772712
423146.464181,211861.679106,2969.56259578
423146.605603,211860.689156,2969.608691
423146.747024,211859.699207,2969.33471676
423146.888445,211858.709257,2969.06442786
423147.029867,211857.719308,2968.79782431
423147.171288,211856.729358,2968.53490611
423147.31271,211855.739409,2968.30666642
423147.454131,211854.749459,2968.27142832
423147.595552,211853.75951,2968.23354906
423147.736974,211852.76956,2968.19302864
423147.878395,211851.779611,2968.14986705
423148.019816,211850.789661,2968.07201549
423148.161238,211849.799712,2967.76133757
423148.302659,211848.809762,2967.45237625
423148.44408,211847.819813,2967.14513151
423148.585502,211846.829863,2966.83960338
423148.726923,211845.839914,2966.590709
423148.868344,211844.849964,2966.81306139
423148.271189,211844.075089,2967.02834858
423147.620398,211843.315832,2967.23657058
423146.969606,211842.556576,2967.43772739
423146.318815,211841.797319,2967.60816418
423145.668023,211841.038063,2967.52388339
423145.017232,211840.278806,2967.43695174
423144.366441,211839.519549,2967.34736922
423143.715649,211838.760293,2967.25513584
423143.064858,211838.001036,2967.17874552
423142.414067,211837.24178,2967.34689984
423141.763275,211836.482523,2967.50870665
423141.112484,211835.723266,2967.66416593
423140.461692,211834.96401,2967.81327769
423139.63692,211834.583027,2967.94496915
423138.63692,211834.583027,2967.86895328
423137.63692,211834.583027,2967.78941046
423136.63692,211834.583027,2967.70634071
423135.63692,211834.583027,2967.61974401
423134.63692,211834.583027,2967.53694467
423133.63692,211834.583027,2967.65381666
423132.63692,211834.583027,2967.76290903
423131.63692,211834.583027,2967.86422176
423130.63692,211834.583027,2967.95775486
423129.63692,211834.583027,2968.04066656
423128.63692,211834.583027,2967.95273766
423127.63692,211834.583027,2967.85758031
423126.63692,211834.583027,2967.75519451
423125.63692,211834.583027,2967.64558026
423124.908406,211835.238452,2967.52873757
423124.201299,211835.945559,2967.38930725
423123.494192,211836.652666,2967.24154431
423122.787085,211837.359773,2967.08545216
423122.079978,211838.066879,2966.92103081
423121.372872,211838.773986,2966.74828026
423120.665765,211839.481093,2966.5469857
423119.958658,211840.1882,2966.33359753
423119.251551,211840.895307,2966.10844697
423118.544445,211841.602413,2965.87153402
423117.837338,211842.30952,2965.62285867
423117.130231,211843.016627,2965.5139744
423116.423124,211843.723734,2965.41137753
423115.716017,211844.43084,2965.30981192
423115.177458,211845.249087,2965.239292
423114.806068,211846.177564,2965.19234731
423114.434677,211847.10604,2965.15565035
423114.063286,211848.034517,2965.10360505
423113.691896,211848.962994,2965.03533777
423113.320505,211849.891471,2964.95084851
423112.949114,211850.819947,2964.85013726
423112.577724,211851.748424,2965.10691847
423112.881086,211852.561657,2965.0036737
423113.539591,211853.314233,2964.9166142
423114.198095,211854.06681,2964.81514964
423114.8566,211854.819387,2964.65373033
423115.515105,211855.571964,2964.36962631
423116.173609,211856.32454,2964.02006173
423116.832114,211857.077117,2963.64720178
423117.490618,211857.829694,2963.25104646
423118.149123,211858.58227,2962.83159577
423118.807628,211859.334847,2962.36478215
423119.466132,211860.087424,2961.81064658
423120.124637,211860.84,2961.21663388
423120.783141,211861.592577,2960.58274406
423121.441646,211862.345154,2959.90897713
423122.100151,211863.097731,2959.19533307
423122.766706,211863.842775,2958.4889865
423123.473813,211864.549882,2958.00628483
423124.18092,211865.256988,2957.54375561
423124.888027,211865.964095,2957.10139886
423125.595134,211866.671202,2956.67921458
423126.30224,211867.378309,2956.68142955
423127.009347,211868.085416,2956.86377398
423127.716454,211868.792522,2957.0061591
423128.423561,211869.499629,2957.10858493
423129.130668,211870.206736,2957.17105145
423129.837774,211870.913843,2957.14688635
423130.544881,211871.620949,2957.00665282
423131.251988,211872.328056,2956.85343457
423131.392353,211873.269915,2956.6872316
423131.392353,211874.269915,2956.5080439
423131.392353,211875.269915,2956.31423898
423131.392353,211876.269915,2956.02714424
423131.392353,211877.269915,2955.70260623
423131.392353,211878.269915,2955.34062493
423131.392353,211879.269915,2954.94120036
423131.392353,211880.269915,2954.50433251
423131.392353,211881.269915,2953.95790399
423131.392353,211882.269915,2953.34289666
423131.392353,211883.269915,2952.69411263
423131.392353,211884.269915,2952.01155189
423131.392353,211885.269915,2951.29521444
423131.392353,211886.269915,2950.70763675
423131.392353,211887.269915,2950.41181866
423131.392353,211888.269915,2950.12031195
423130.670822,211888.774369,2949.86971296
423129.737477,211889.133348,2949.85832987
423128.804131,211889.492327,2949.81545611
423127.870786,211889.851306,2949.52069511
423126.93744,211890.210285,2949.23028342
423126.004094,211890.569264,2948.94422104
423125.070749,211890.928243,2948.66250798
423124.137403,211891.287222,2948.38514422
423123.204058,211891.646201,2948.16850332
423122.270712,211892.00518,2947.95409733
423121.337366,211892.364159,2947.7432932
423120.404021,211892.723139,2947.73471866
423119.470675,211893.082118,2947.71397841
423118.537329,211893.441097,2947.5930983
423117.603984,211893.800076,2947.38820897
423116.670638,211894.159055,2947.18737393
423115.737293,211894.518034,2946.99059317
423114.803947,211894.877013,2946.7978667
423113.870601,211895.235992,2946.65997169
423112.937256,211895.594971,2946.57737456
423112.00391,211895.95395,2946.48577778
423111.070565,211896.312929,2946.39703576
423110.137219,211896.671908,2946.3064491
423109.203873,211897.030888,2946.16193718
423108.270528,211897.389867,2945.94308168
423107.337182,211897.748846,2945.72128933
423106.403837,211898.107825,2945.49656013
423105.470491,211898.466804,2945.26889408
423104.537145,211898.825783,2945.07905251
423103.6038,211899.184762,2944.96263898
423102.670454,211899.543741,2944.84097063
423101.737109,211899.90272,2944.71404747
423100.803763,211900.261699,2944.58186949
423099.870417,211900.620678,2944.40697753
423098.937072,211900.979657,2944.13508961
423098.003726,211901.338636,2943.85963736
423097.070381,211901.697616,2943.58062077
423096.137035,211902.056595,2943.29803985
423095.203689,211902.415574,2943.05150438
423094.270344,211902.774553,2942.93140937
423093.336998,211903.133532,2942.80542347
423092.403653,211903.492511,2942.67354668
423091.470307,211903.85149,2942.53577899
423090.536961,211904.210469,2942.35939281
423089.603616,211904.569448,2942.02287648
423088.67027,211904.928427,2941.67940053
423087.736924,211905.287406,2941.32896496
423086.803579,211905.646385,2940.97156977
423085.870233,211906.005364,2940.64774939
423084.936888,211906.364344,2940.61693007
423084.003542,211906.723323,2940.58246619
423083.070196,211907.082302,2940.54435775
423082.136851,211907.441281,2940.50260475
423081.203505,211907.80026,2940.37133129
423080.27016,211908.159239,2939.92708381
423079.336814,211908.518218,2939.59834773
423078.403468,211908.877197,2939.28346391
423077.470123,211909.236176,2938.98243234
423076.536777,211909.595155,2938.69525302
423075.603432,211909.954134,2938.73098314
423074.670086,211910.313113,2938.79392465
423073.699268,211910.548439,2938.83454332
423072.723658,211910.767951,2938.85283915
423071.748049,211910.987463,2938.84881215
423070.772439,211911.206975,2938.67224222
423069.796829,211911.426487,2938.43538202
423068.821219,211911.646,2938.21592155
423067.84561,211911.865512,2938.01386079
423066.87,211912.085024,2937.82919976
423065.89439,211912.304536,2937.79217316
423064.91878,211912.524048,2937.87520163
423063.943171,211912.743561,2937.93042984
423062.967561,211912.963073,2937.95785782
423061.991951,211913.182585,2937.92117431
423061.016341,211913.402097,2937.82008441
423060.040732,211913.621609,2937.63448351
423059.065122,211913.841122,2937.41979237
423058.089512,211914.060634,2937.176011
423057.113902,211914.280146,2936.90313938
423056.138293,211914.499658,2936.64430467
423055.162683,211914.71917,2936.68761458
423054.187073,211914.938682,2936.66730692
423053.211463,211915.158195,2936.58338168
423052.235854,211915.377707,2936.43583888
423051.260244,211915.597219,2936.22467851
423050.284634,211915.816731,2935.5784128
423049.309024,211916.036243,2934.82851067
423048.333415,211916.255756,2934.00691847
423047.357805,211916.475268,2933.11363619
423046.382195,211916.69478,2932.14866385
423045.406585,211916.914292,2931.80995505
423044.430976,211917.133804,2931.87951087
423043.455366,211917.353317,2932.34469577
423042.479756,211917.572829,2932.77485952
423041.504146,211917.792341,2933.1700021
423040.528537,211918.011853,2933.24800057
423039.552927,211918.231365,2933.09321049
423038.577317,211918.450878,2932.95732175
423037.601707,211918.67039,2932.84033436
423036.626097,211918.889902,2932.74224831
423035.650488,211919.109414,2932.81639761
423034.674878,211919.328926,2933.15790026
423033.699268,211919.548439,2933.46739508
423032.723658,211919.767951,2933.74488207
423031.748049,211919.987463,2933.99036124
423030.772439,211920.206975,2934.17021494
423029.796829,211920.426487,2934.16433957
423028.821219,211920.646,2934.16115
423027.84561,211920.865512,2934.16064622
423026.87,211921.085024,2934.16282824
423025.89439,211921.304536,2934.057358
423024.91878,211921.524048,2934.05916089
423023.943171,211921.743561,2934.0342072
423022.967561,211921.963073,2933.97613205
423021.991951,211922.182585,2933.88493546
423021.016341,211922.402097,2933.76061742
423020.040732,211922.621609,2933.28661039
423019.065122,211922.841122,2932.67159739
423018.089512,211923.060634,2932.00086799
423017.113902,211923.280146,2931.27442221
423016.186249,211923.357524,2930.49226003
423015.543057,211922.591819,2929.87049036
423014.899865,211921.826114,2929.42102675
423014.256673,211921.060409,2929.01623904
423013.613481,211920.294705,2928.65612724
423012.970289,211919.529,2928.34069135
423012.327097,211918.763295,2927.82512607
423011.683905,211917.99759,2926.9603549
423011.040713,211917.231885,2926.09372937
423010.397521,211916.46618,2925.57491829
423009.754329,211915.700475,2925.1341785
423009.111136,211914.934771,2924.87035481
423008.467944,211914.169066,2925.13314285
423007.824752,211913.403361,2925.36658869
423007.18156,211912.637656,2925.57069235
423006.538368,211911.871951,2925.74545382
423005.895176,211911.106246,2925.88168357
423005.251984,211910.340541,2925.6499777
423004.608792,211909.574836,2925.42981118
423003.9656,211908.809132,2925.221184
423003.322408,211908.043427,2925.02409617
423002.679216,211907.277722,2924.83854769
423002.036024,211906.512017,2924.89543945
423001.392831,211905.746312,2924.96006331
423000.749639,211904.980607,2924.98250557
423000.106447,211904.214902,2924.96276623
422999.463255,211903.449198,2924.9008453
422998.820063,211902.683493,2924.62046207
422998.176871,211901.917788,2924.07740288
422997.533679,211901.152083,2923.47862731
422996.890487,211900.386378,2922.82413534
422996.247295,211899.620673,2922.11392698
422995.604103,211898.854968,2921.36855689
422994.960911,211898.089264,2920.62351847
422994.317718,211897.323559,2919.86610926
422993.674526,211896.557854,2919.09632927
422993.031334,211895.792149,2918.3141785
422992.388142,211895.026444,2917.42911557
422991.74495,211894.260739,2916.26194542
422991.101758,211893.495034,2915.04926288
422990.458566,211892.729329,2913.79106795
422989.815374,211891.963625,2912.48736063
422989.172182,211891.19792,2911.27007878
422988.52899,211890.432215,2911.67171792
422987.885798,211889.66651,2912.19586561
422987.242606,211888.900805,2912.84252184
422986.599413,211888.1351,2913.77600801
422985.956221,211887.369395,2914.8254624
422985.109858,211887.035477,2915.19839334
422984.109886,211887.028014,2915.46814331
422983.109914,211887.020552,2915.71369088
422982.109942,211887.013089,2915.93503606
422981.10997,211887.005627,2916.13217886
422980.109998,211886.998165,2916.20007554
422979.110025,211886.990702,2916.19164919
422978.110053,211886.98324,2916.15108399
422977.110081,211886.975777,2916.07837995
422976.110109,211886.968315,2915.97353707
422975.110137,211886.960852,2915.67955526
422974.110165,211886.95339,2915.21506956
422973.110193,211886.945927,2914.73595057
422972.11022,211886.938465,2914.24219828
422971.110248,211886.931002,2913.73381268
422970.110276,211886.92354,2913.28534459
422969.110304,211886.916077,2912.98226509
422968.110332,211886.908615,2912.40254363
422967.11036,211886.901152,2911.77789047
422966.110387,211886.89369,2911.15145855
422965.110415,211886.886227,2910.4728788
422964.110443,211886.878765,2909.43051468
422963.110471,211886.871302,2908.34349481
422962.110499,211886.86384,2907.21181918
422961.110527,211886.856377,2906.0354878
422960.110555,211886.848915,2904.81450066
422959.110582,211886.841452,2904.85719513
422958.11061,211886.83399,2905.12299289
422957.110638,211886.826527,2905.53443834
422956.110666,211886.819065,2906.0915315
422955.110694,211886.811603,2906.79427236
422954.110722,211886.80414,2907.00723018
422953.110749,211886.796678,2907.08680584
422952.110777,211886.789215,2907.23429231
422951.110805,211886.781753,2907.44968959
422950.110833,211886.77429,2906.7477574
422949.110861,211886.766828,2905.92738227
422948.110889,211886.759365,2905.13210446
422947.110916,211886.751903,2904.33261755
422946.110944,211886.74444,2903.51287812
422945.110972,211886.736978,2902.67288617
422944.111,211886.729515,2901.55292862
422943.111028,211886.722053,2899.92111661
422942.111056,211886.71459,2898.32861496
422941.111084,211886.707128,2896.77542368
422940.111111,211886.699665,2894.9876466
422939.111139,211886.692203,2893.04830933
422938.111167,211886.68474,2891.07335949
422937.111195,211886.677278,2890.08956013
422936.111223,211886.669815,2889.15866613
422935.111251,211886.662353,2888.25724069
422934.111278,211886.65489,2887.38528379
422933.111306,211886.647428,2886.54279545
422932.111334,211886.639966,2886.04272538
422931.111362,211886.632503,2885.41392327
422930.11139,211886.625041,2884.5421422
422929.111418,211886.617578,2883.62068746
422928.111446,211886.610116,2882.64955907
422927.111473,211886.602653,2881.62875701
422926.111501,211886.595191,2880.55828129
422925.111529,211886.587728,2879.63700976
422924.111557,211886.580266,2879.0596201
422923.111585,211886.572803,2878.33787254
422922.111613,211886.565341,2877.61907374
422921.11164,211886.557878,2876.90322368
422920.111668,211886.550416,2876.19032238
422919.111696,211886.542953,2875.48036983
422918.111724,211886.535491,2874.58537184
422917.111752,211886.528028,2873.59633729
422916.11178,211886.520566,2872.68221686
422915.111808,211886.513103,2871.98653681
422914.111835,211886.505641,2871.23645182
422913.111863,211886.498178,2870.4319619
422912.111891,211886.490716,2869.83438234
422911.111919,211886.483253,2869.35384799
422910.111947,211886.475791,2868.78763866
422909.111975,211886.468329,2868.13575435
422908.112002,211886.460866,2867.38236268
422907.11203,211886.453404,2866.53044652
422906.112058,211886.445941,2865.65958124
422905.112086,211886.438479,2864.77098367
422904.112114,211886.431016,2863.80924568
422903.112142,211886.423554,2862.77436728
422902.11217,211886.416091,2861.66634846
422901.112197,211886.408629,2860.48518924
422900.112225,211886.401166,2859.26850125
422899.112253,211886.393704,2858.67096566
422898.112281,211886.386241,2858.09622968
422897.112309,211886.378779,2857.47677888
422896.112337,211886.371316,2856.81261325
422895.112364,211886.363854,2856.1037328
422894.112392,211886.356391,2855.35013751
422893.11242,211886.348929,2854.67206606
422892.112448,211886.341466,2854.05939971
422891.112476,211886.334004,2853.45520974
422890.112504,211886.326541,2852.83118445
422889.112531,211886.319079,2852.18732382
422888.112559,211886.311616,2851.52362786
422887.112587,211886.304154,2850.85560328
422886.112615,211886.296691,2850.24942237
422885.112643,211886.289229,2849.62967341
422884.112671,211886.281767,2848.9963564
422883.112699,211886.274304,2848.42779074
422882.112726,211886.266842,2847.84215
422881.112754,211886.259379,2847.23265376
422880.112782,211886.251917,2846.70697471
422879.11281,211886.244454,2846.17521936
422878.112838,211886.236992,2845.61215604
422877.112866,211886.229529,2845.01778476
422876.112893,211886.222067,2844.39210551
422875.112921,211886.214604,2843.78110357
422874.112949,211886.207142,2843.20475728
422873.112977,211886.199679,2842.66808993
422872.113005,211886.192217,2842.11669779
422871.113033,211886.184754,2841.55058086
422870.113061,211886.177292,2840.93611019
422869.113088,211886.169829,2840.21856833
422868.113116,211886.162367,2839.56742609
422867.113144,211886.154904,2838.99340151
422866.113172,211886.147442,2838.41562693
422865.1132,211886.139979,2837.83329698
422864.113228,211886.132517,2837.24214669
422863.113255,211886.125054,2836.62656892
422862.113283,211886.117592,2835.94918112
422861.113311,211886.11013,2835.2759945
422860.113339,211886.102667,2834.60700905
422859.113367,211886.095205,2833.94222477
422858.113395,211886.087742,2833.28164166
422857.113423,211886.08028,2832.67020171
422856.11345,211886.072817,2832.07169672
422855.113478,211886.065355,2831.48332258
422854.113506,211886.057892,2830.90507931
422853.113534,211886.05043,2830.33696689
422852.113562,211886.042967,2829.81407278
422851.11359,211886.035505,2829.30390609
422850.113617,211886.028042,2828.78598744
422849.113645,211886.02058,2828.25945443
422848.113673,211886.013117,2827.72450332
422847.113701,211886.005655,2827.18767777
422846.113729,211885.998192,2826.6520846
422845.113757,211885.99073,2826.10958323
422844.113784,211885.983267,2825.56017365
422843.113812,211885.975805,2825.00385587
422842.11384,211885.968342,2824.4489926
422841.113868,211885.96088,2823.94989778
422840.113896,211885.953417,2823.45242016
422839.113924,211885.945955,2822.95655972
422838.113952,211885.938493,2822.46231647
422837.113979,211885.93103,2821.96969041
422836.114007,211885.923568,2821.50616355
422835.114035,211885.916105,2821.04905892
422834.114063,211885.908643,2820.59375898
422833.114091,211885.90118,2820.14137548
422832.114119,211885.893718,2819.69075128
422831.114146,211885.886255,2819.2405086
422830.114174,211885.878793,2818.78812153
422829.114202,211885.87133,2818.33334384
422828.11423,211885.863868,2817.87617552
422827.114258,211885.856405,2817.41661658
422826.114286,211885.848943,2816.95864201
422825.114314,211885.84148,2816.50800492
422824.114341,211885.834018,2816.05661784
422823.114369,211885.826555,2815.60448076
422822.114397,211885.819093,2815.15159368
422821.114425,211885.81163,2814.69968537
422820.114453,211885.804168,2814.28362848
422819.114481,211885.796705,2813.86566144
422818.114508,211885.789243,2813.44578424
422817.114536,211885.78178,2813.0233317
422816.114564,211885.774318,2812.5997295
422815.114592,211885.766856,2812.19858293
422814.11462,211885.759393,2811.8032612
422813.114648,211885.751931,2811.40691993
422812.114676,211885.744468,2811.00955913
422811.114703,211885.737006,2810.6111788
422810.114731,211885.729543,2810.21286496
422809.114759,211885.722081,2809.81507834
422808.114787,211885.714618,2809.41690501
422807.114815,211885.707156,2809.01834495
422806.114843,211885.699693,2808.61939818
422805.11487,211885.692231,2808.22551073
422804.114898,211885.684768,2807.84920986
422803.114926,211885.677306,2807.47259845
422802.114954,211885.669843,2807.09564465
422801.114982,211885.662381,2806.71654235
422800.11501,211885.654918,2806.33550645
422799.115038,211885.647456,2805.98350764
422798.115065,211885.639993,2805.63409779
422797.115093,211885.632531,2805.28613521
422796.115121,211885.625068,2804.93961989
422795.115149,211885.617606,2804.59455184
422794.115177,211885.610143,2804.27011528
422793.115205,211885.602681,2803.9546598
422792.115232,211885.595218,2803.63946798
422791.11526,211885.587756,2803.32453984
422790.144225,211885.713068,2803.00987537
422789.238042,211886.135954,2802.69731688
422788.331858,211886.558839,2802.38898618
422787.425675,211886.981724,2802.08294064
422786.519492,211887.40461,2801.78122536
422785.613309,211887.827495,2801.48928816
422784.707126,211888.250381,2801.20029788
422783.800943,211888.673266,2800.91406066
422782.89476,211889.096152,2800.62768867
422781.988576,211889.519037,2800.34118192
422781.082393,211889.941923,2800.0545404
422780.17621,211890.364808,2799.76776411
422779.270027,211890.787694,2799.47719405
422778.363844,211891.210579,2799.18774571
422777.457661,211891.633465,2798.90002588
422776.551478,211892.05635,2798.61403456
422775.645294,211892.479236,2798.32977176
422774.739111,211892.902121,2798.03617136
422773.832928,211893.325006,2797.7352595
422772.926745,211893.747892,2797.43362694
422772.020562,211894.170777,2797.14064267
422771.114379,211894.593663,2796.86151141
422770.208196,211895.016548,2796.57872219
422769.302012,211895.439434,2796.28797758
422768.395829,211895.862319,2795.99759039
422767.489646,211896.285205,2795.70756062
422766.583463,211896.70809,2795.41788828
422765.67728,211897.130976,2795.12669771
422764.771097,211897.553861,2794.81134573
422763.864914,211897.976747,2794.49759923
422762.95873,211898.399632,2794.18545819
422762.052547,211898.822518,2793.87492262
422761.146364,211899.245403,2793.56599252
422760.240181,211899.668288,2793.28556456
422759.333998,211900.091174,2793.01352003
422758.427815,211900.514059,2792.74308683
422757.521632,211900.936945,2792.47115157
422756.615449,211901.35983,2792.22823111
422755.709265,211901.782716,2792.16172083
422754.803082,211902.205601,2792.09113166
422753.896899,211902.628487,2792.0205425
422752.990716,211903.051372,2791.94995333
422752.084533,211903.474258,2791.87936416
422751.17835,211903.897143,2791.84860195
422750.272167,211904.320029,2791.83792399
422749.365983,211904.742914,2791.82724602
422748.4598,211905.165799,2791.81656805
422747.553617,211905.588685,2791.80589008
422746.642052,211905.970247,2791.80547247
422745.657781,211905.793583,2791.81022903
422744.673509,211905.616919,2791.8149856
422743.689238,211905.440255,2791.81974216
422742.704967,211905.263591,2791.82449872
422741.720696,211905.086927,2791.79620736
422740.736425,211904.910263,2791.75125034
422739.752153,211904.733599,2791.70629331
422738.767882,211904.556934,2791.66133629
422737.783611,211904.38027,2791.61637927
422736.79934,211904.203606,2791.55219351
422735.815069,211904.026942,2791.47831092
422734.830797,211903.850278,2791.40442834
422733.846526,211903.673614,2791.33054576
422732.862255,211903.49695,2791.25666317
422731.877984,211903.320286,2791.20034977
422730.893712,211903.143622,2791.1528963
422729.909441,211902.966958,2791.10544282
422728.92517,211902.790294,2791.05798935
422727.940899,211902.61363,2791.01053587
422726.956628,211902.436966,2790.96252837
422725.972356,211902.260302,2790.91424147
422724.988085,211902.083638,2790.86595458
422724.003814,211901.906974,2790.81766768
422723.019543,211901.730309,2790.76938078
422722.035272,211901.553645,2790.74003564
422721.051,211901.376981,2790.72024258
422720.066729,211901.200317,2790.70044952
422719.082458,211901.023653,2790.68065646
422718.098187,211900.846989,2790.6608634
422717.113916,211900.670325,2790.65349695
422716.129644,211900.493661,2790.65239708
422715.145373,211900.316997,2790.65129721
422714.161102,211900.140333,2790.65019734
422713.176831,211899.963669,2790.64909747
422712.19256,211899.787005,2790.63746698
422711.208288,211899.610341,2790.62052605
422710.224017,211899.433677,2790.60358511
422709.239746,211899.257013,2790.58664417
422708.255475,211899.080349,2790.56970323
422707.271204,211898.903684,2790.55484082
422706.286932,211898.72702,2790.54102658
422705.302661,211898.550356,2790.52721234
422704.31839,211898.373692,2790.5133981
422703.334119,211898.197028,2790.49958386
422702.349847,211898.020364,2790.46949733
422701.365576,211897.8437,2790.43120489
422700.381305,211897.667036,2790.39291244
422699.397034,211897.490372,2790.35462
422698.412763,211897.313708,2790.31632755
422697.428491,211897.137044,2790.28486113
422696.44422,211896.96038,2790.27621998
422695.459949,211896.783716,2790.27353144
422694.475678,211896.607052,2790.2700225
422693.491407,211896.430388,2790.26569314
422692.507135,211896.253724,2790.31749327
422691.522864,211896.077059,2790.40051796
422690.538593,211895.900395,2790.48517398
422689.955938,211895.458162,2790.57146131
422690.178762,211894.483304,2790.65937997
422690.401587,211893.508445,2790.78904286
422690.624412,211892.533587,2790.94241597
422690.847237,211891.558728,2791.09715054
422691.070062,211890.58387,2791.25324659
422691.292886,211889.609011,2791.4107041
422691.515711,211888.634153,2791.57175291
422691.738536,211887.659294,2791.73472015
422691.961361,211886.684436,2791.89812947
422692.184186,211885.709577,2792.06198085
422692.40701,211884.734719,2792.22627431
422692.629835,211883.75986,2792.41359717
422692.85266,211882.785002,2792.6154501
422693.075485,211881.810143,2792.81792953
422693.29831,211880.835285,2793.02103544
422693.521134,211879.860426,2793.22476786
422693.743959,211878.885568,2793.40240156
422693.966784,211877.910709,2793.56230981
422694.189609,211876.93585,2793.72160785
422694.412434,211875.960992,2793.88029566
422694.635258,211874.986133,2794.03837325
422694.858083,211874.011275,2794.19534296
422695.080908,211873.036416,2794.35102626
422695.303733,211872.061558,2794.50567762
422695.526558,211871.086699,2794.65929702
422695.749382,211870.111841,2794.81188448
422695.972207,211869.136982,2795.009255
422696.195032,211868.162124,2795.23899003
422696.417857,211867.187265,2795.46830196
422696.640682,211866.212407,2795.69719081
422696.863506,211865.237548,2795.92565657
422697.086331,211864.26269,2796.16352405
422697.309156,211863.287831,2796.4076803
422697.531981,211862.312973,2796.65051304
422697.754806,211861.338114,2796.89202228
422697.977631,211860.363256,2797.13220803
422698.200455,211859.388397,2797.4231021
422698.42328,211858.413539,2797.73587361
422698.646105,211857.43868,2797.91230715
422698.86893,211856.463822,2798.088024
422699.091755,211855.488963,2798.26302417
422699.314579,211854.514105,2798.45078529
422699.537404,211853.539246,2798.66246793
422699.760229,211852.564388,2798.8769778
422699.983054,211851.589529,2799.0943149
422700.205879,211850.614671,2799.31447923
422700.428703,211849.639812,2799.5390246
422700.651528,211848.664954,2799.77252725
422700.874353,211847.690095,2800.00143636
422701.097178,211846.715237,2800.22575193
422701.320003,211845.740378,2800.46303617
422701.533344,211844.765938,2800.69798095
422701.225524,211843.814494,2800.95678726
422700.917704,211842.863049,2801.21393925
422700.609884,211841.911605,2801.46539164
422700.302063,211840.96016,2801.71114441
422699.994243,211840.008716,2801.95119758
422699.686423,211839.057271,2802.18570948
422699.378602,211838.105827,2802.41455664
422699.070782,211837.154382,2802.63763648
422698.762962,211836.202938,2802.854949
422698.455142,211835.251493,2803.06649419
422698.147321,211834.300048,2803.09295449
422697.839501,211833.348604,2803.02942042
422697.531681,211832.397159,2803.01280942
422697.22386,211831.445715,2803.00980483
422696.91604,211830.49427,2803.00698579
422696.60822,211829.542826,2803.0043523
422696.3004,211828.591381,2803.00190436
422695.992579,211827.639937,2803.01124718
422695.684759,211826.688492,2803.05469708
422695.376939,211825.737048,2803.08621315
422695.069118,211824.785603,2803.10855488
422694.761298,211823.834159,2803.12159974
422694.453478,211822.882714,2803.12534772
422694.145658,211821.93127,2803.11979883
422693.837837,211820.979825,2803.10682188
422693.530017,211820.028381,2803.09458077
422693.222197,211819.076936,2803.13438822
422692.914376,211818.125492,2803.21007633
422692.606556,211817.174047,2803.29165312
422692.298736,211816.222603,2803.37911858
422691.990916,211815.271158,2803.47247271
422691.683095,211814.319714,2803.57632462
422691.375275,211813.368269,2803.73523947
422691.067455,211812.416825,2803.89554936
422690.759634,211811.46538,2804.05563329
422690.451814,211810.513936,2804.2062348
422690.143994,211809.562491,2804.34735389
422689.836174,211808.611046,2804.47899056
422689.528353,211807.659602,2804.60118173
422689.220533,211806.708157,2804.74466156
422688.912713,211805.756713,2804.90644636
422688.604892,211804.805268,2805.09131278
422688.297072,211803.853824,2805.27691163
422687.989252,211802.902379,2805.46324289
422687.681432,211801.950935,2805.67643477
422687.373611,211800.99949,2805.97118968
422687.065791,211800.048046,2806.3123991
422686.757971,211799.096601,2806.64759388
422686.45015,211798.145157,2806.98687235
422686.14233,211797.193712,2807.32718197
422685.83451,211796.242268,2807.66103274
422685.52669,211795.290823,2807.99554965
422684.804583,211794.608974,2808.35276631
422684.059341,211793.942179,2808.7042704
422683.3141,211793.275384,2809.05006191
422682.568859,211792.608589,2809.39014085
422681.823618,211791.941794,2809.72450722
422681.078376,211791.274999,2810.01713949
422680.333135,211790.608205,2810.22573005
422679.587894,211789.94141,2810.43215285
422678.842652,211789.274615,2810.63640789
422678.097411,211788.60782,2810.83849517
422677.35217,211787.941025,2811.0384147
422676.606928,211787.27423,2811.23740496
422675.861687,211786.607435,2811.43429628
422675.116446,211785.940641,2811.62493309
422674.371204,211785.273846,2811.80662684
422673.625963,211784.607051,2811.952635
422672.880722,211783.940256,2812.09172234
422672.13548,211783.273461,2812.23534334
422671.390239,211782.606666,2812.396003
422670.644998,211781.939871,2812.5558542
422669.899757,211781.273077,2812.71489692
422669.154515,211780.606282,2812.87313119
422668.409274,211779.939487,2813.03055698
422667.664033,211779.272692,2813.17795459
422666.918791,211778.605897,2813.31441707
422666.17355,211777.939102,2813.4482251
422665.428309,211777.272307,2813.57845278
422664.683067,211776.605512,2813.7051001
422663.937826,211775.938718,2813.82816707
422663.192585,211775.271923,2813.9715372
422662.447343,211774.605128,2814.13741739
422661.702102,211773.938333,2814.29981495
422660.956861,211773.271538,2814.45872988
422660.211619,211772.604743,2814.60948934
422659.466378,211771.937948,2814.75681417
422658.721137,211771.271154,2814.90932327
422657.975896,211770.604359,2815.0686829
422657.230654,211769.937564,2815.23160512
422656.485413,211769.270769,2815.39808992
422655.740172,211768.603974,2815.56813731
422654.99493,211767.937179,2815.74174728
422654.249689,211767.270384,2815.95770418
422653.504448,211766.60359,2816.2498842
422652.759206,211765.936795,2816.6156775
422652.013965,211765.27,2816.97275536
422651.268724,211764.603205,2817.32111776
422650.523482,211763.93641,2817.66076471
422649.778241,211763.269615,2817.99448236
422649.033,211762.60282,2818.322171
422648.287758,211761.936026,2818.64255678
422647.542517,211761.269231,2818.95563971
422646.797276,211760.602436,2819.26242855
422646.052034,211759.935641,2819.56571972
422645.306793,211759.268846,2819.86555993
422644.561552,211758.602051,2820.16357759
422643.816311,211757.935256,2820.45568723
422643.071069,211757.268462,2820.74188884
422642.325828,211756.601667,2821.02218242
422641.580587,211755.934872,2821.29656798
422640.835345,211755.268077,2821.55788129
422640.090104,211754.601282,2821.81308208
422639.344863,211753.934487,2822.16142215
422638.599621,211753.267692,2822.53290155
422637.85438,211752.600898,2822.91168381
422637.109139,211751.934103,2823.29776892
422636.363897,211751.267308,2823.66202108
422635.618656,211750.600513,2824.00747846
422634.873415,211749.933718,2824.33879212
422634.128173,211749.266923,2824.65596205
422633.382932,211748.600128,2824.95898825
422632.637691,211747.933334,2825.27694027
422631.89245,211747.266539,2825.62648107
422631.147208,211746.599744,2825.96693557
422630.401967,211745.932949,2826.29369944
422630.783504,211745.629059,2826.60677268
422631.777813,211745.522526,2826.90615529
422632.772123,211745.415993,2827.19184727
422633.766432,211745.309459,2827.35410777
422634.760741,211745.202926,2827.4832046
422635.75505,211745.096393,2827.59485649
422636.749359,211744.98986,2827.70999785
422637.743668,211744.883327,2827.82266939
422638.737978,211744.776794,2827.9328711
422639.732287,211744.670261,2828.04077933
422640.726596,211744.563728,2828.14688133
422641.720905,211744.457194,2828.25117982
422642.715214,211744.350661,2828.35367481
422643.709523,211744.244128,2828.4543663
422644.703832,211744.137595,2828.55400148
422645.698142,211744.031062,2828.70723169
422646.692451,211743.924529,2828.84494111
422647.68676,211743.817996,2828.96712975
422648.681069,211743.711463,2829.0737976
422649.675378,211743.604929,2829.16494466
422650.669687,211743.498396,2829.2414334
422651.663997,211743.391863,2829.30736989
422652.658306,211743.28533,2829.35169989
422653.652615,211743.178797,2829.37442339
422654.646924,211743.072264,2829.41237325
422655.641233,211742.965731,2829.45756602
422656.635542,211742.859198,2829.5339002
422657.629851,211742.752664,2829.76458432
422658.624161,211742.646131,2829.98700609
422659.61847,211742.539598,2830.20116551
422660.612779,211742.433065,2830.40706257
422661.607088,211742.326532,2830.60469728
422662.601397,211742.219999,2830.80459066
422663.595706,211742.113466,2831.04494881
422664.590016,211742.006933,2831.29298604
422665.584325,211741.900399,2831.5478908
422666.578634,211741.793866,2831.80966308
422667.572943,211741.687333,2832.07830289
422668.567252,211741.5808,2832.35714732
422669.561561,211741.474267,2832.64390481
422670.55587,211741.367734,2832.9242923
422671.480218,211741.618042,2833.19830977
422672.360689,211742.092142,2833.46708209
422673.24116,211742.566242,2833.73395809
422674.121631,211743.040341,2834.01433271
422675.002102,211743.514441,2834.32236842
422675.882573,211743.988541,2834.62136884
422676.763044,211744.462641,2834.91133397
422677.643516,211744.936741,2835.19226382
422678.523987,211745.410841,2835.4641584
422679.404458,211745.88494,2835.7044492
422680.284929,211746.35904,2835.90407661
422681.1654,211746.83314,2836.11036759
422682.045871,211747.30724,2836.30847617
422682.926342,211747.78134,2836.49840236
422683.806813,211748.25544,2836.68014616
422684.687284,211748.729539,2836.84371251
422685.567755,211749.203639,2836.98368862
422686.448227,211749.677739,2837.11247057
422687.328698,211750.151839,2837.03626514
422688.209169,211750.625939,2836.57446577
422689.08964,211751.100038,2836.09906345
422689.960524,211751.464437,2835.62419696
422690.745406,211750.844793,2835.14986631
422691.530289,211750.225149,2834.67607151
422692.315172,211749.605505,2834.17760881
422693.100055,211748.98586,2833.65057844
422693.884937,211748.366216,2833.12294079
422694.66982,211747.746572,2832.59469584
422695.454703,211747.126927,2832.06584362
422696.239586,211746.507283,2831.57446294
422697.024468,211745.887639,2831.1411145
422697.809351,211745.267995,2830.70888971
422698.594234,211744.64835,2830.27866589
422699.379117,211744.028706,2829.85921565
422700.164,211743.409062,2829.44349169
422700.948882,211742.789417,2829.03666841
422701.733765,211742.169773,2828.63047191
422702.518648,211741.550129,2828.22490218
422703.303531,211740.930485,2827.81995922
422704.088413,211740.31084,2827.43210767
422704.873296,211739.691196,2827.09245901
422705.658179,211739.071552,2826.75190754
422706.443062,211738.451907,2826.41045326
422707.227944,211737.832263,2826.06809616
422708.012827,211737.212619,2825.73359651
422708.79771,211736.592975,2825.4377348
422709.582593,211735.97333,2825.14062604
422710.367475,211735.353686,2824.84227022
422711.152358,211734.734042,2824.54266736
422711.937241,211734.114397,2824.24093046
422712.722124,211733.494753,2823.93145761
422713.507007,211732.875109,2823.6222608
422714.291889,211732.255465,2823.31334003
422715.076772,211731.63582,2823.00469529
422715.861655,211731.016176,2822.6968277
422716.646538,211730.396532,2822.40364551
422717.43142,211729.776887,2822.11205461
422717.461461,211728.849525,2821.82205499
422717.33349,211727.857747,2821.53364667
422717.205519,211726.865969,2821.24682963
422717.077547,211725.874191,2821.02932714
422716.949576,211724.882413,2820.81303543
422716.821605,211723.890635,2820.59699638
422716.693633,211722.898858,2820.38217882
422716.565662,211721.90708,2820.16652989
422716.437691,211720.915302,2819.98742732
422716.309719,211719.923524,2819.81304213
422716.181748,211718.931746,2819.63879983
422716.053777,211717.939968,2819.46470043
422715.925805,211716.94819,2819.29074391
422715.797834,211715.956412,2819.19850763
422715.669863,211714.964635,2819.12491352
422715.541891,211713.972857,2819.0517286
422715.41392,211712.981079,2818.97895287
422715.285949,211711.989301,2818.90658632
422715.157977,211710.997523,2818.89117064
422715.030006,211710.005745,2818.89696364
422714.902035,211709.013967,2818.90475711
422714.774063,211708.02219,2818.91455107
422714.646092,211707.030412,2818.9263455
422714.518121,211706.038634,2818.95614162
422714.390149,211705.046856,2818.99077408
422714.262178,211704.055078,2819.02144455
422714.134207,211703.0633,2819.04815305
422714.006235,211702.071522,2819.07089955
422713.878264,211701.079744,2819.13559565
422713.750293,211700.087967,2819.22693105
422713.622321,211699.096189,2819.53762681
422713.49435,211698.104411,2819.86332393
422713.366379,211697.112633,2820.17311474
422713.238407,211696.120855,2820.47082195
422713.110436,211695.129077,2820.7263394
422712.982465,211694.137299,2820.93039893
422712.854493,211693.145522,2821.13138405
422712.726522,211692.153744,2821.32929476
422712.59855,211691.161966,2821.52877214
422712.470579,211690.170188,2821.74063184
422712.342608,211689.17841,2821.94577842
422712.214636,211688.186632,2822.12902913
422712.086665,211687.194854,2822.29949299
422711.958694,211686.203076,2822.46759266
422711.830722,211685.211299,2822.63332816
422711.894838,211684.264464,2822.79669947
422712.449538,211683.432414,2822.95364352
422713.004238,211682.600363,2823.10614596
422713.558938,211681.768313,2823.24191238
422714.113639,211680.936263,2823.37599454
422714.668339,211680.104213,2823.51153608
422715.223039,211679.272162,2823.64853699
422715.777739,211678.440112,2823.78699727
422716.332439,211677.608062,2823.93561236
422716.88714,211676.776011,2824.09771228
422717.44184,211675.943961,2824.25553763
422717.99654,211675.111911,2824.41738111
422718.55124,211674.279861,2824.58324273
422719.10594,211673.44781,2824.75312249
422719.660641,211672.61576,2824.92702038
422720.215341,211671.78371,2825.10474383
422720.770041,211670.951659,2825.26249565
422721.324741,211670.119609,2825.39614672
422721.879441,211669.287559,2825.53271654
422722.434142,211668.455508,2825.6722051
422722.988842,211667.623458,2825.8146124
422723.543542,211666.791408,2825.95993845
422724.098242,211665.959358,2826.10818324
422724.652942,211665.127307,2826.2537632
422725.207643,211664.295257,2826.38907685
422725.762343,211663.463207,2826.52105341
422726.317043,211662.631156,2826.64969286
422726.871743,211661.799106,2826.77499523
422727.426443,211660.967056,2826.89696049
422727.981144,211660.135006,2827.01558865
422728.535844,211659.302955,2827.17840307
422729.090544,211658.470905,2827.42007825
422729.645244,211657.638855,2827.66412734
422730.199944,211656.806804,2827.91055033
422730.754645,211655.974754,2828.15934724
422731.309345,211655.142704,2828.41051806
422731.864045,211654.310653,2828.6640628
422732.418745,211653.478603,2828.92687649
422732.973445,211652.646553,2829.22000673
422733.528146,211651.814503,2829.53183634
422734.082846,211650.982452,2829.85816238
422734.637546,211650.150402,2830.19898484
422735.192246,211649.318352,2830.55430373
422735.746946,211648.486301,2830.91894643
422736.301647,211647.654251,2831.24736798
422736.856347,211646.822201,2831.55786337
422737.411047,211645.990151,2831.85258389
422737.965747,211645.1581,2832.14355869
422738.520447,211644.32605,2832.43078776
422739.075147,211643.494,2832.71427112
422739.629848,211642.661949,2833.00075671
422740.184548,211641.829899,2833.2912701
422740.739248,211640.997849,2833.57036146
422741.293948,211640.165798,2833.84903728
422741.848648,211639.333748,2834.11455928
422742.403349,211638.501698,2834.36692748
422742.958049,211637.669648,2834.60614188
422743.512749,211636.837597,2834.81647964
422743.963681,211635.952964,2835.00047488
422744.306621,211635.013606,2835.17055744
422744.649561,211634.074249,2835.35596063
422744.992501,211633.134892,2835.55547725
422745.335441,211632.195534,2835.75432256
422745.678381,211631.256177,2835.95249655
422746.021321,211630.31682,2836.14219576
422746.364261,211629.377462,2836.3315585
422746.707201,211628.438105,2836.5232465
422747.050141,211627.498748,2836.71899653
422747.393081,211626.55939,2836.92359117
422747.736021,211625.620033,2837.13172722
422748.078961,211624.680676,2837.34340469
422748.421901,211623.741318,2837.59029534
422748.764841,211622.801961,2837.83013589
422749.107781,211621.862604,2838.06242662
422749.45072,211620.923246,2838.28716754
422749.79366,211619.983889,2838.4809368
422750.1366,211619.044532,2838.6716169
422750.47954,211618.105174,2838.86775873
422750.82248,211617.165817,2839.07695126
422751.16542,211616.22646,2839.28627999
422751.50836,211615.287103,2839.49574493
422751.8513,211614.347745,2839.70534608
422752.19424,211613.408388,2839.9144799
422752.53718,211612.469031,2840.12620339
422752.88012,211611.529673,2840.34976551
422753.22306,211610.590316,2840.5865569
422753.566,211609.650959,2840.82598489
422753.90894,211608.711601,2841.06804948
422754.25188,211607.772244,2841.31275066
422754.59482,211606.832887,2841.55947088
422754.93776,211605.893529,2841.79122776
422755.2807,211604.954172,2842.03746887
422755.62364,211604.014815,2842.28789529
422755.96658,211603.075457,2842.5325426
422756.30952,211602.1361,2842.7714108
422756.65246,211601.196743,2843.00449988
422756.9954,211600.257385,2843.23180985
422757.33834,211599.318028,2843.45173189
422757.68128,211598.378671,2843.6017728
422758.02422,211597.439313,2843.7297719
422758.36716,211596.499956,2843.84641708
422758.7101,211595.560599,2843.95170835
422759.05304,211594.621242,2844.04564571
422759.39598,211593.681884,2844.12822915
422759.73892,211592.742527,2844.20004028
422760.08186,211591.80317,2844.21970598
422760.4248,211590.863812,2844.23996515
422760.76774,211589.924455,2844.26081781
422761.11068,211588.985098,2844.28226394
422761.45362,211588.04574,2844.30430354
422761.79656,211587.106383,2844.32693663
422762.1395,211586.167026,2844.37027511
422762.482439,211585.227668,2844.44097312
422762.825379,211584.288311,2844.51318344
422763.168319,211583.348954,2844.59152312
422763.511259,211582.409596,2844.67599217
422763.854199,211581.470239,2844.76659057
422764.197139,211580.530882,2844.86331834
422764.540079,211579.591524,2844.98040926
422764.883019,211578.652167,2845.11066427
422765.225959,211577.71281,2845.22202078
422765.568899,211576.773452,2845.32324925
422765.911839,211575.834095,2845.41434968
422766.254779,211574.894738,2845.49532207
422766.597719,211573.95538,2845.56616641
422766.940659,211573.016023,2845.67337841
422767.283599,211572.076666,2845.80214535
422767.626539,211571.137309,2845.96381812
422767.969479,211570.197951,2846.12430393
422768.312419,211569.258594,2846.28360279
422768.655359,211568.319237,2846.44171469
422768.998299,211567.379879,2846.59863964
422769.341239,211566.440522,2846.80151805
422769.684179,211565.501165,2847.00628918
422770.027119,211564.561807,2847.18356239
422770.370059,211563.62245,2847.33460531
422770.712999,211562.683093,2847.47088911
422771.055939,211561.743735,2847.59241379
422771.398879,211560.804378,2847.6823502
422771.741819,211559.865021,2847.67210723
422772.084759,211558.925663,2847.67184636
422772.427699,211557.986306,2847.68273372
422772.770639,211557.046949,2847.70529157
422773.113579,211556.107591,2847.73507817
422773.456519,211555.168234,2847.77209353
422773.799459,211554.228877,2847.803304
422774.142399,211553.289519,2847.8218174
422774.485339,211552.350162,2847.8522782
422774.828279,211551.410805,2847.89468639
422775.171219,211550.471447,2847.95295337
422775.514158,211549.53209,2848.01678475
422775.857098,211548.592733,2848.08498451
422776.200038,211547.653376,2848.17883675
422776.542978,211546.714018,2848.29004772
422776.885918,211545.774661,2848.40224134
422777.228858,211544.835304,2848.5154176
422776.897546,211543.970165,2848.63234119
422776.358492,211543.127894,2848.75240374
422775.819439,211542.285622,2848.87194091
422775.280385,211541.443351,2849.00668723
422774.741331,211540.601079,2849.14487677
422774.202278,211539.758808,2849.28235609
422773.663224,211538.916537,2849.41912518
422773.12417,211538.074265,2849.55602265
422772.585116,211537.231994,2849.70479539
422772.046063,211536.389722,2849.85252057
422771.507009,211535.547451,2850.00827162
422770.967955,211534.70518,2850.1628357
422770.428902,211533.862908,2850.31621284
422769.889848,211533.020637,2850.46840301
422769.350794,211532.178365,2850.61940623
422768.811741,211531.336094,2850.77140486
422768.272687,211530.493823,2850.92512372
422767.733633,211529.651551,2851.09150855
422767.194579,211528.80928,2851.25777664
422766.655526,211527.967008,2851.42392797
422766.116472,211527.124737,2851.58996256
422765.577418,211526.282466,2851.75588039
422765.038365,211525.440194,2851.91322279
422764.499311,211524.597923,2852.06089277
422763.960257,211523.755651,2852.22432081
422763.421204,211522.91338,2852.38113304
422762.88215,211522.071108,2852.53132945
422762.343096,211521.228837,2852.67491003
422761.804042,211520.386566,2852.8118748
422761.264989,211519.544294,2852.94222375
422760.725935,211518.702023,2853.07318612
422760.186881,211517.859751,2853.20115381
422759.647828,211517.01748,2853.32030688
422759.108774,211516.175209,2853.43064535
422758.56972,211515.332937,2853.53216922
422758.030667,211514.490666,2853.62487847
422757.491613,211513.648394,2853.70877312
422756.952559,211512.806123,2853.87934883
422756.413506,211511.963852,2854.0642154
422755.874452,211511.12158,2854.23985873
422755.335398,211510.279309,2854.40627884
422754.796344,211509.437037,2854.56347571
422754.257291,211508.594766,2854.71144935
422753.486281,211508.113036,2854.85028468
422752.496331,211507.971614,2854.98146063
422751.506382,211507.830193,2855.1092253
422750.516432,211507.688772,2855.2272219
422749.526483,211507.54735,2855.33545043
422748.536533,211507.405929,2855.43391091
422747.546584,211507.264508,2855.52260332
422746.556634,211507.123086,2855.58358106
422745.566685,211506.981665,2855.60638119
422744.576735,211506.840244,2855.69218589
422743.586786,211506.698822,2855.8065002
422742.596837,211506.557401,2855.92256575
422741.606887,211506.415979,2856.04038255
422740.616938,211506.274558,2856.1599506
422739.626988,211506.133137,2856.25912322
422738.637039,211505.991715,2856.34607333
422737.647089,211505.850294,2856.44981128
422736.65714,211505.708873,2856.57840279
422735.66719,211505.567451,2856.71425224
422734.677241,211505.42603,2856.85735964
422733.687291,211505.284609,2857.00772498
422732.697342,211505.143187,2857.13009755
422731.707392,211505.001766,2857.24131758
422730.717443,211504.860345,2857.35329648
422729.727493,211504.718923,2857.45309337
422728.737544,211504.577502,2857.55468338
422727.747594,211504.43608,2857.66000938
422726.757645,211504.294659,2857.76907138
422725.767695,211504.153238,2857.87341652
422724.777746,211504.011816,2857.97966582
422723.787796,211503.870395,2858.08823066
422722.797847,211503.728974,2858.19645896
422721.807897,211503.587552,2858.30269993
422720.817948,211503.446131,2858.40929115
422719.827998,211503.30471,2858.51647357
422718.838049,211503.163288,2858.62649081
422717.848099,211503.021867,2858.73903762
422716.85815,211502.880446,2858.85411401
422715.8682,211502.739024,2858.97061177
422714.878251,211502.597603,2859.07718746
422713.888301,211502.456181,2859.18542684
422712.898352,211502.31476,2859.296698
422711.908402,211502.173339,2859.41244372
422710.918453,211502.031917,2859.53070928
422709.928503,211501.890496,2859.65149469
422708.938554,211501.749075,2859.77479995
422707.948604,211501.607653,2859.88606245
422706.958655,211501.466232,2859.99238867
422705.968705,211501.324811,2860.12102043
422704.978756,211501.183389,2860.26954801
422703.988806,211501.041968,2860.42506112
422702.998857,211500.900547,2860.58755975
422702.008907,211500.759125,2860.75704391
422701.018958,211500.617704,2860.93777123
422700.029008,211500.476282,2861.13447604
422699.039059,211500.334861,2861.37282786
422698.049109,211500.19344,2861.62241457
422697.05916,211500.052018,2861.87453086
422696.06921,211499.910597,2862.12917673
422695.079261,211499.769176,2862.38635218
422694.089311,211499.627754,2862.64605721
422693.099362,211499.486333,2862.9380391
422692.109412,211499.344912,2863.18886403
422691.119463,211499.20349,2863.42755671
422690.129513,211499.062069,2863.65411714
422689.139564,211498.920648,2863.86854533
422688.149614,211498.779226,2864.07084127
422687.159665,211498.637805,2864.26100496
422686.169715,211498.496384,2864.40984144
422685.179766,211498.354962,2864.52733653
422684.189816,211498.213541,2864.63950977
422683.199867,211498.072119,2864.74636118
422682.313229,211498.254529,2864.84789073
422681.588077,211498.943118,2864.94409845
422680.862926,211499.631707,2865.03498432
422680.137774,211500.320296,2865.15200318
422679.412623,211501.008886,2865.29154383
422678.687471,211501.697475,2865.44301242
422677.96232,211502.386064,2865.60640895
422677.237168,211503.074654,2865.7817334
422676.512016,211503.763243,2865.65054096
422675.786865,211504.451832,2865.17784928
422675.061713,211505.140422,2864.70134604
422674.336562,211505.829011,2864.21542384
422673.61141,211506.5176,2863.71266622
422672.886259,211507.206189,2863.19957913
422672.161107,211507.894779,2862.67692589
422671.435956,211508.583368,2862.14470649
422670.710804,211509.271957,2861.60292094
422669.985652,211509.960547,2861.05545958
422669.260501,211510.649136,2860.51747467
422668.535349,211511.337725,2860.00255741
422667.810198,211512.026314,2859.53007151
422667.085046,211512.714904,2859.05557682
422666.359895,211513.403493,2858.57907333
422665.634743,211514.092082,2858.10056105
422664.909591,211514.780672,2857.61993701
422664.18444,211515.469261,2857.12021986
422663.459288,211516.15785,2856.61041831
422662.734137,211516.84644,2856.08963486
422662.008985,211517.535029,2855.56179137
422661.283834,211518.223618,2855.02688785
422660.558682,211518.912207,2854.48492429
422659.833531,211519.600797,2853.93590069
422659.108379,211520.289386,2853.44363333
422658.383227,211520.977975,2853.00150971
422657.658076,211521.666565,2852.58878153
422656.932924,211522.355154,2852.18586329
422656.207773,211523.043743,2851.79275499
422655.482621,211523.732333,2851.40945663
422654.75747,211524.420922,2851.03596821
422654.032318,211525.109511,2850.69199584
422653.307167,211525.7981,2850.37821305
422652.582015,211526.48669,2850.08320833
422651.856863,211527.175279,2849.81189958
422651.131712,211527.863868,2849.77009129
422650.40656,211528.552458,2850.02283463
422649.681409,211529.241047,2850.2519786
422648.956257,211529.929636,2850.45611194
422648.231106,211530.618225,2850.62329123
422647.505954,211531.306815,2850.79529722
422646.780803,211531.995404,2850.97212992
422646.055651,211532.683993,2851.15378931
422645.330499,211533.372583,2851.3402754
422644.605348,211534.061172,2851.5315882
422643.880196,211534.749761,2851.75796834
422643.155045,211535.438351,2852.00409988
422642.429893,211536.12694,2852.24515244
422641.704742,211536.815529,2852.48566114
422640.97959,211537.504118,2852.72562598
422640.254439,211538.192708,2852.96504698
422639.529287,211538.881297,2853.20392412
422638.804135,211539.569886,2853.46975928
422638.078984,211540.258476,2853.7419694
422637.353832,211540.947065,2854.00711722
422636.628681,211541.635654,2854.27516883
422635.903529,211542.324243,2854.54612423
422635.178378,211543.012833,2854.81998342
422634.453226,211543.701422,2855.09696666
422633.728074,211544.390011,2855.38006597
422633.002923,211545.078601,2855.66551549
422632.277771,211545.76719,2855.96182659
422631.55262,211546.455779,2856.26298403
422630.827468,211547.144369,2856.56481157
422630.102317,211547.832958,2856.86730922
422629.377165,211548.521547,2857.17941682
422628.652014,211549.210136,2857.51363749
422627.926862,211549.898726,2857.85375316
422627.20171,211550.587315,2858.20052879
422626.476559,211551.275904,2858.55345121
422625.751407,211551.964494,2858.90795663
422625.026256,211552.653083,2859.26404506
422624.301104,211553.341672,2859.61764232
422623.575953,211554.030261,2859.97055013
422622.850801,211554.718851,2860.32551681
422622.12565,211555.40744,2860.68254237
422621.400498,211556.096029,2861.05288933
422620.675346,211556.784619,2861.424346
422619.950195,211557.473208,2861.89332461
422619.225043,211558.161797,2862.42627968
422618.499892,211558.850387,2862.95887253
422617.77474,211559.538976,2863.49110314
422617.049589,211560.227565,2864.02790433
422616.324437,211560.916154,2864.56952751
422615.599286,211561.604744,2865.08647204
422614.874134,211562.293333,2865.59190403
422614.148982,211562.981922,2866.09414963
422613.423831,211563.670512,2866.59320882
422612.698679,211564.359101,2867.08908161
422611.973528,211565.04769,2867.58615755
422611.248376,211565.73628,2868.08713342
422610.523225,211566.424869,2868.58709013
422609.798073,211567.113458,2869.08602769
422609.072921,211567.802047,2869.58394608
422608.34777,211568.490637,2870.08341678
422607.622618,211569.179226,2870.59786086
422606.897467,211569.867815,2871.11148225
422606.172315,211570.556405,2871.62070608
422605.447164,211571.244994,2872.12702349
422604.722012,211571.933583,2872.63316285
422603.996861,211572.622172,2873.15320062
422603.271709,211573.310762,2873.67416723
422602.546557,211573.999351,2874.19315078
422601.821406,211574.68794,2874.71015128
422601.096254,211575.37653,2875.22516872
422600.371103,211576.065119,2875.72870101
422599.645951,211576.753708,2876.22489199
422598.9208,211577.442298,2876.7229985
422598.195648,211578.130887,2877.22302053
422597.470497,211578.819476,2877.72495808
422596.745345,211579.508065,2878.22867002
422596.020193,211580.196655,2878.73307892
422595.295042,211580.885244,2879.24777458
422594.56989,211581.573833,2879.77001785
422593.844739,211582.262423,2880.29297331
422593.119587,211582.951012,2880.81664095
422592.394436,211583.639601,2881.39777408
422591.669284,211584.32819,2881.98728811
422590.944133,211585.01678,2882.58073141
422590.218981,211585.705369,2883.17810399
422589.493829,211586.393958,2883.77940585
422588.768678,211587.082548,2884.38681484
422588.043526,211587.771137,2884.99892407
422587.318375,211588.459726,2885.61428109
422586.593223,211589.148316,2886.23288591
422585.868072,211589.836905,2886.85473852
422585.14292,211590.525494,2887.45658905
422584.417769,211591.214083,2888.01294649
422583.692617,211591.902673,2888.56961074
422582.967465,211592.591262,2889.12324821
422582.242314,211593.279851,2889.67385891
422581.517162,211593.968441,2890.22124232
422580.792011,211594.65703,2890.75130521
422580.066859,211595.345619,2891.27607586
422579.341708,211596.034208,2891.79555425
422578.616556,211596.722798,2892.3097404
422577.891404,211597.411387,2892.81863429
422577.166253,211598.099976,2893.35377391
422576.441101,211598.788566,2893.90323648
422575.71595,211599.477155,2894.45538815
422574.990798,211600.165744,2895.01022893
422574.265647,211600.854334,2895.5677588
422573.540495,211601.542923,2896.14220358
422572.815344,211602.231512,2896.73674005
422572.090192,211602.920101,2897.3352365
422571.36504,211603.608691,2897.93769292
422570.639889,211604.29728,2898.54410932
422569.914737,211604.985869,2899.14975733
422569.189586,211605.674459,2899.71531429
422568.464434,211606.363048,2900.2783602
422567.739283,211607.051637,2900.83889505
422567.014131,211607.740227,2901.39691884
422566.28898,211608.428816,2901.95243158
422565.563828,211609.117405,2902.5285473
422564.838676,211609.805994,2903.11059926
422564.113525,211610.494584,2903.69314851
422563.388373,211611.183173,2904.27619506
422562.663222,211611.871762,2904.85374531
422561.93807,211612.560352,2905.40898738
422561.212919,211613.248941,2905.94833817
422560.487767,211613.93753,2906.48969658
422559.762616,211614.626119,2907.0330626
422559.037464,211615.314709,2907.57843624
422558.312312,211616.003298,2908.12921379
422557.587161,211616.691887,2908.69515202
422556.862009,211617.380477,2909.26152002
422556.136858,211618.069066,2909.82831778
422555.411706,211618.757655,2910.3955453
422554.686555,211619.446245,2910.96320259
422553.961403,211620.134834,2911.52814044
422553.236251,211620.823423,2911.95917221
422552.5111,211621.512012,2912.31678606
422551.785948,211622.200602,2912.67778155
422551.060797,211622.889191,2913.04215869
422550.335645,211623.57778,2913.40991746
422549.610494,211624.26637,2913.80965984
422548.885342,211624.954959,2914.22673862
422548.160191,211625.643548,2914.61131234
422547.435039,211626.332137,2914.97457325
422546.709887,211627.020727,2915.33632382
422545.984736,211627.709316,2915.69656405
422545.259584,211628.397905,2916.02274997
422544.534433,211629.086495,2916.30556519
422543.809281,211629.775084,2916.59601759
422543.08413,211630.463673,2916.89410718
422542.358978,211631.152263,2917.19440262
422541.633827,211631.840852,2917.49145122
422540.908675,211632.529441,2917.78670612
422540.183523,211633.21803,2918.06342716
422539.458372,211633.90662,2918.33295746
422538.73322,211634.595209,2918.59529703
422538.008069,211635.283798,2918.85044587
422537.282917,211635.972388,2919.09840398
422536.557766,211636.660977,2919.34802258
422535.832614,211637.349566,2919.57279687
422535.107463,211638.038155,2919.77726178
422534.382311,211638.726745,2919.30996434
422533.657159,211639.415334,2918.80394979
422532.932008,211640.103923,2918.27233684
422532.206856,211640.792513,2917.73781715
422531.481705,211641.481102,2917.20039073
422530.756553,211642.169691,2916.66005758
422530.031402,211642.858281,2916.11277114
422529.30625,211643.54687,2915.53526372
422528.581099,211644.235459,2914.95705862
422527.855947,211644.924048,2914.38083163
422527.130795,211645.612638,2913.80614861
422526.405644,211646.301227,2913.23300956
422525.680492,211646.989816,2912.63682075
422524.955341,211647.678406,2912.03119737
422524.230189,211648.366995,2911.42945204
422523.505038,211649.055584,2910.83158478
422522.779886,211649.744174,2910.23759557
422522.054734,211650.432763,2909.65501222
422521.329583,211651.121352,2909.11083049
422520.604431,211651.809941,2908.57251296
422519.87928,211652.498531,2908.04905736
422519.154128,211653.18712,2907.5620562
422518.428977,211653.875709,2907.07816474
422517.703825,211654.564299,2906.6278482
422516.978674,211655.252888,2906.18526412
422516.253522,211655.941477,2905.73683757
422515.52837,211656.630066,2905.28256857
422514.803219,211657.318656,2904.8224571
422514.078067,211658.007245,2904.35708081
422513.352916,211658.695834,2903.88622408
422512.627764,211659.384424,2903.40717631
422511.902613,211660.073013,2902.91993749
422511.177461,211660.761602,2902.42450763
422510.45231,211661.450192,2901.93817466
422509.727158,211662.138781,2901.40305016
422509.033296,211662.855549,2900.84881631
422508.424141,211663.6486,2900.28909519
422507.814986,211664.441651,2899.72388679
422507.205831,211665.234702,2899.15319112
422506.596676,211666.027753,2898.58202795
422505.98752,211666.820804,2898.01919815
422505.378365,211667.613855,2897.45394003
422504.76921,211668.406906,2896.88625359
422504.160055,211669.199957,2896.31613884
422503.5509,211669.993008,2895.74359576
422502.941745,211670.786059,2895.17751556
422502.332589,211671.57911,2894.61897605
422501.723434,211672.372161,2894.06543091
422501.114279,211673.165212,2893.51688013
422500.505124,211673.958263,2892.97332371
422499.895969,211674.751314,2892.44154863
422499.286814,211675.544365,2891.92837067
422498.677658,211676.337417,2891.70727802
422498.068503,211677.130468,2891.52294049
422497.459348,211677.923519,2891.35028999
422496.850193,211678.71657,2891.18658046
422496.241038,211679.509621,2891.02554294
422495.631883,211680.302672,2890.86717743
422495.022728,211681.095723,2890.71148391
422494.413572,211681.888774,2890.55146052
422493.804417,211682.681825,2890.38768528
422493.195262,211683.474876,2890.22819039
422492.586107,211684.267927,2890.07297586
422491.976952,211685.060978,2889.92204169
422491.367797,211685.854029,2889.75258236
422490.758641,211686.64708,2889.54995879
422490.149486,211687.440131,2889.35030903
422489.540331,211688.233182,2889.15363307
422488.931176,211689.026234,2888.9599309
422488.322021,211689.819285,2888.73730376
422487.712866,211690.612336,2888.43691696
422487.10371,211691.405387,2888.15025457
422486.494555,211692.198438,2887.86766149
422485.8854,211692.991489,2887.58558735
422485.276245,211693.78454,2887.27725485
422484.66709,211694.577591,2886.86053816
422484.057935,211695.370642,2886.44746143
422483.448779,211696.163693,2886.03802465
422482.839624,211696.956744,2885.63222784
422482.230469,211697.749795,2885.24597785
422481.621314,211698.542846,2885.00305738
422481.012159,211699.335897,2884.75711526
422480.403004,211700.128948,2884.5081515
422479.793848,211700.921999,2884.25616609
422479.184693,211701.715051,2884.00104865
422478.575538,211702.508102,2883.7215649
422477.966383,211703.301153,2883.43961158
422477.357228,211704.094204,2883.15518867
422476.748073,211704.887255,2882.86829618
422476.138917,211705.680306,2882.57893412
422475.529762,211706.473357,2882.26705507
422474.920607,211707.266408,2881.94984461
422474.311452,211708.059459,2881.6292371
422473.702297,211708.85251,2881.30523254
422473.093142,211709.645561,2880.97783093
422472.483986,211710.438612,2880.62853897
422471.874831,211711.231663,2880.27028227
422471.265676,211712.024714,2879.90647367
422470.656521,211712.817765,2879.53896563
422470.047366,211713.610816,2879.16815623
422469.438211,211714.403868,2878.74207038
422468.829055,211715.196919,2878.26501523
422468.2199,211715.98997,2877.71352062
422467.610745,211716.783021,2877.15658661
422467.00159,211717.576072,2876.59421321
422466.392435,211718.369123,2876.02640043
422465.78328,211719.162174,2875.47871312
422465.174124,211719.955225,2874.9791704
422464.564969,211720.748276,2874.47661584
422463.955814,211721.541327,2874.09678283
422463.346659,211722.334378,2873.82986382
422462.737504,211723.127429,2873.55484711
422462.128349,211723.92048,2873.27173271
422461.519194,211724.713531,2872.98052061
422460.910038,211725.506582,2872.81966248
422460.300883,211726.299633,2872.71042005
422459.691728,211727.092685,2872.6473079
422459.082573,211727.885736,2872.57158794
422458.473418,211728.678787,2872.48326018
422457.864263,211729.471838,2872.39492611
422457.255107,211730.264889,2872.3157009
422456.645952,211731.05794,2872.22273353
422456.036797,211731.850991,2872.116024
422455.427642,211732.644042,2871.9955723
422454.818487,211733.437093,2871.86137845
422454.209332,211734.230144,2871.65655236
422453.600176,211735.023195,2871.45031488
422452.991021,211735.816246,2871.30963407
422452.381866,211736.609297,2871.37398514
422451.772711,211737.402348,2871.46165116
