Line,x,y,z,lotzeit
_min_118_118_1__,422179.624158,211245.270549,2706.94280952,244.7
_min_118_118_1__,422180.701518,211246.314242,2707.0738011,251.4
_min_118_118_1__,422181.778879,211247.357935,2707.17499422,255.65
_min_118_118_1__,422182.856239,211248.401628,2707.15924197,259.05
_min_118_118_1__,422183.933599,211249.445321,2707.02654428,262.45
_min_118_118_1__,422185.01096,211250.489013,2706.53821102,265.8
_min_118_118_1__,422186.08832,211251.532706,2705.94547243,269.2
_min_118_118_1__,422187.16568,211252.576399,2705.24837239,272.6
_min_118_118_1__,422188.243041,211253.620092,2704.44691073,276
_min_118_118_1__,422189.320401,211254.663785,2703.54108775,279.35
_min_118_118_1__,422190.397761,211255.707477,2703.30100008,282.75
_min_118_118_1__,422191.475122,211256.75117,2703.43635238,286.15
_min_118_118_1__,422192.552482,211257.794863,2703.46734325,289.5
_min_118_118_1__,422193.629842,211258.838556,2703.39397268,292.9
_min_118_118_1__,422194.707203,211259.882249,2703.21624044,296.3
_min_118_118_1__,422195.784563,211260.925942,2702.58872112,299.7
_min_118_118_1__,422196.861923,211261.969634,2701.85855106,303.05
_min_118_118_1__,422197.939284,211263.013327,2701.02491924,306.45
_min_118_118_1__,422199.000198,211264.069799,2700.08126067,309.85
_min_118_118_1__,422199.74535,211265.371624,2699.28960999,313.2
_min_118_118_1__,422200.490502,211266.673449,2699.49708165,316.6
_min_118_118_1__,422201.235654,211267.975274,2699.66516616,320
_min_118_118_1__,422201.980807,211269.277099,2699.74399383,323.4
_min_118_118_1__,422202.725959,211270.578924,2699.2951826,326.75
_min_118_118_1__,422203.471111,211271.880749,2698.33865698,330.15
_min_118_118_1__,422204.216264,211273.182574,2697.47138793,333.55
_min_118_118_1__,422204.961416,211274.484398,2696.69337624,336.9
_min_118_118_1__,422205.706568,211275.786223,2696.28488793,340.3
_min_118_118_1__,422206.45172,211277.088048,2696.2323969,343.7
_min_118_118_1__,422207.196873,211278.389873,2696.26137547,347.1
_min_118_118_1__,422207.942025,211279.691698,2696.37182384,350.45
_min_118_118_1__,422208.687177,211280.993523,2695.77395255,353.85
_min_118_118_1__,422209.43233,211282.295348,2694.87565587,357.25
_min_118_118_1__,422210.177482,211283.597173,2693.9174428,360.65
_min_118_118_1__,422210.922634,211284.898998,2693.02573817,364
_min_118_118_1__,422211.667787,211286.200823,2693.11200625,367.4
_min_118_118_1__,422212.412939,211287.502647,2693.20597931,370.8
_min_118_118_1__,422213.158091,211288.804472,2693.22623192,374.15
_min_118_118_1__,422213.903243,211290.106297,2693.11968296,377.55
_min_118_118_1__,422214.648396,211291.408122,2692.42214863,380.95
_min_118_118_1__,422215.393548,211292.709947,2691.79589907,382.65
_min_118_118_1__,422216.1387,211294.011772,2691.13387984,384.35
_min_118_118_1__,422370.770004,211575.897432,2657.68263008,421.25
_min_118_118_1__,422371.346907,211577.282056,2658.08036102,420.25
_min_118_118_1__,422371.923811,211578.666679,2658.33814645,419.3
_min_118_118_1__,422372.500714,211580.051302,2658.43198344,417.35
_min_118_118_1__,422373.077618,211581.435926,2657.90715418,415.4
_min_118_118_1__,422373.654522,211582.820549,2657.52227022,413.5
_min_118_118_1__,422374.231425,211584.205173,2657.27733129,411.55
_min_118_118_1__,422374.808329,211585.589796,2657.21026117,409.6
_min_118_118_1__,422375.385232,211586.97442,2657.09086295,407.7
_min_118_118_1__,422375.962136,211588.359043,2657.05218313,405.75
_min_118_118_1__,422376.53904,211589.743667,2657.16302781,403.8
_min_118_118_1__,422377.115943,211591.12829,2656.92017631,401.9
_min_118_118_1__,422377.692847,211592.512914,2656.43709299,399.95
_min_118_118_1__,422378.269751,211593.897537,2655.80000795,398
_min_118_118_1__,422378.846654,211595.282161,2655.23058726,396.1
_min_118_118_1__,422379.423558,211596.666784,2655.5586457,394.15
_min_118_118_1__,422380.000461,211598.051408,2656.04065778,392.2
_min_118_118_1__,422380.577365,211599.436031,2656.46126578,390.25
_min_118_118_1__,422381.149525,211600.822573,2656.06960419,388.35
_min_118_118_1__,422381.697156,211602.219033,2655.31787367,386.4
_min_118_118_1__,422382.244787,211603.615493,2654.71358058,384.45
_min_118_118_1__,422382.792419,211605.011952,2654.26260601,382.55
_min_118_118_1__,422383.34005,211606.408412,2654.49005483,380.6
_min_118_118_1__,422383.887681,211607.804872,2654.56700427,378.65
_min_118_118_1__,422384.435313,211609.201332,2654.49345391,376.75
_min_118_118_1__,422384.982944,211610.597792,2654.22793431,374.8
_min_118_118_1__,422385.530575,211611.994251,2654.02212441,372.85
_min_118_118_1__,422386.078206,211613.390711,2653.66911758,370.9
_min_118_118_1__,422386.625838,211614.787171,2653.16254892,369
_min_118_118_1__,422387.173469,211616.183631,2653.09713453,367.05
_min_118_118_1__,422387.7211,211617.580091,2653.2688137,365.1
_min_118_118_1__,422388.268732,211618.97655,2653.5940538,363.2
_min_118_118_1__,422388.816363,211620.37301,2653.7578811,361.25
_min_118_118_1__,422389.363994,211621.76947,2653.01492354,359.3
_min_118_118_1__,422389.911626,211623.16593,2652.11595474,357.4
_min_118_118_1__,422390.459257,211624.56239,2651.25452284,355.45
_min_118_118_1__,422391.006888,211625.958849,2651.41056374,353.5
_min_118_118_1__,422391.554519,211627.355309,2651.84778297,351.6
_min_118_118_1__,422392.102151,211628.751769,2652.12899089,349.65
_min_118_118_1__,422392.649782,211630.148229,2652.17037353,347.7
_min_118_118_1__,422393.196958,211631.544866,2651.52262902,345.75
_min_118_118_1__,422393.737727,211632.943997,2651.03159529,343.85
_min_118_118_1__,422394.278495,211634.343129,2650.69491218,341.9
_min_118_118_1__,422394.819264,211635.742261,2650.60409276,339.95
_min_118_118_1__,422395.360033,211637.141392,2650.48139946,338.05
_min_118_118_1__,422395.900801,211638.540524,2650.45124865,336.1
_min_118_118_1__,422396.44157,211639.939656,2650.58090126,334.15
_min_118_118_1__,422396.982339,211641.338787,2650.17866723,332.25
_min_118_118_1__,422397.523107,211642.737919,2649.58938074,330.3
_min_118_118_1__,422398.063876,211644.13705,2648.83726143,328.35
_min_118_118_1__,422398.604645,211645.536182,2648.3886622,326.4
_min_118_118_1__,422399.145413,211646.935314,2648.75303062,324.5
_min_118_118_1__,422399.686182,211648.334445,2649.28023116,322.55
_min_118_118_1__,422400.226951,211649.733577,2649.86117015,320.6
_min_118_118_1__,422400.767719,211651.132708,2649.06658357,318.7
_min_118_118_1__,422401.308488,211652.53184,2648.13184181,316.75
_min_118_118_1__,422401.849256,211653.930972,2647.35993326,314.5
_min_118_118_1__,422402.390025,211655.330103,2646.97362801,311.85
_min_118_118_1__,422402.930794,211656.729235,2647.26921557,308.9
_min_118_118_1__,422403.471562,211658.128366,2647.40015257,305.6
_min_118_118_1__,422404.012331,211659.527498,2647.36643887,302
_min_118_118_1__,422404.5531,211660.92663,2646.97606368,298.35
_min_118_118_1__,422405.093868,211662.325761,2646.60030018,294.7
_min_118_118_1__,422405.634637,211663.724893,2646.21214806,291.05
_min_118_118_1__,422406.182848,211665.121108,2645.69989078,287.45
_min_118_118_1__,422406.73664,211666.515136,2645.66920945,283.8
_min_118_118_1__,422407.290432,211667.909164,2645.80713206,280.15
_min_118_118_1__,422407.844224,211669.303193,2646.1136589,276.55
_min_118_118_1__,422408.398016,211670.697221,2645.98723947,272.9
_min_118_118_1__,422408.951808,211672.091249,2645.17576396,269.25
_min_118_118_1__,422409.5056,211673.485277,2644.19630273,265.6
_min_118_118_1__,422410.059392,211674.879305,2643.07960198,262
_min_118_118_1__,422410.613184,211676.273333,2643.60773693,258.35
_min_118_118_1__,422411.166976,211677.667361,2644.11236561,254.7
_min_118_118_1__,422411.721808,211679.060933,2644.44838637,251.1
_min_118_118_1__,422412.373385,211680.412024,2644.26166706,247.45
_min_118_118_1__,422413.024963,211681.763115,2643.48393915,243.8
_min_118_118_1__,422413.676541,211683.114206,2642.89777142,240.2
_min_118_118_1__,422414.328118,211684.465296,2642.50316412,236.55
_min_118_118_1__,422414.979696,211685.816387,2642.40169267,234.75
_min_118_118_1__,422415.631273,211687.167478,2642.20036565,232.9
_min_120_120_1__,421863.96792,211554.065132,2720.31616111,402.1
_min_120_120_1__,421865.305028,211554.744941,2719.84081817,407
_min_120_120_1__,421866.642137,211555.424751,2719.26701869,410.2
_min_120_120_1__,421867.978429,211556.106154,2718.95004218,414.7
_min_120_120_1__,421869.311544,211556.793761,2718.77726503,419.25
_min_120_120_1__,421870.64466,211557.481368,2718.74863114,423.75
_min_120_120_1__,421871.977775,211558.168975,2718.65318598,428.25
_min_120_120_1__,421873.310891,211558.856582,2718.4154614,432.75
_min_120_120_1__,421874.644006,211559.544189,2718.03545795,437.3
_min_120_120_1__,421875.977122,211560.231796,2717.81845286,441.8
_min_120_120_1__,421877.310237,211560.919403,2717.47115132,446.3
_min_120_120_1__,421878.643352,211561.60701,2717.01018045,450.85
_min_120_120_1__,421879.976468,211562.294617,2716.43554012,455.35
_min_120_120_1__,421881.309583,211562.982223,2715.79279441,459.85
_min_120_120_1__,421882.642699,211563.66983,2715.28504854,464.35
_min_120_120_1__,421883.975814,211564.357437,2714.91369169,468.9
_min_120_120_1__,421885.30893,211565.045044,2714.59320915,473.4
_min_120_120_1__,421886.642045,211565.732651,2714.24713422,477.9
_min_120_120_1__,421887.97516,211566.420258,2714.01691284,482.4
_min_120_120_1__,421889.308276,211567.107865,2713.90254483,486.95
_min_120_120_1__,421890.641391,211567.795472,2713.88007866,491.45
_min_120_120_1__,421891.974507,211568.483079,2713.77604101,495.95
_min_120_120_1__,421893.307622,211569.170686,2713.55614999,500.45
_min_120_120_1__,421894.640738,211569.858292,2713.22040509,505
_min_120_120_1__,421895.973853,211570.545899,2712.94905996,509.5
_min_120_120_1__,421897.306968,211571.233506,2712.6567601,514
_min_120_120_1__,421898.640084,211571.921113,2712.26473763,518.55
_min_120_120_1__,421899.973199,211572.60872,2711.77299274,522.6
_min_120_120_1__,421901.306315,211573.296327,2711.27598068,526.25
_min_120_120_1__,421902.63943,211573.983934,2710.8938843,529.45
_min_120_120_1__,421903.972546,211574.671541,2710.62692531,532.25
_min_120_120_1__,421905.305661,211575.359148,2710.46456897,534.6
_min_120_120_1__,421906.631266,211576.060911,2710.19817164,536.95
_min_120_120_1__,421907.948109,211576.779189,2710.03485933,539.3
_min_120_120_1__,421909.264953,211577.497467,2709.97219223,541.65
_min_120_120_1__,421910.581796,211578.215745,2709.96586122,544
_min_120_120_1__,421911.89864,211578.934024,2709.85908294,546.35
_min_120_120_1__,421913.215483,211579.652302,2709.65165924,548.7
_min_120_120_1__,421914.532326,211580.37058,2709.24509779,551.05
_min_120_120_1__,421915.84917,211581.088858,2708.92888953,553.4
_min_120_120_1__,421917.166013,211581.807136,2708.62544456,555.75
_min_120_120_1__,421918.482856,211582.525415,2708.2281707,558.1
_min_120_120_1__,421919.7997,211583.243693,2707.73706849,560.45
_min_120_120_1__,421921.116543,211583.961971,2707.3108177,562.8
_min_120_120_1__,421922.433386,211584.680249,2706.99748832,565.15
_min_120_120_1__,421923.75023,211585.398527,2706.91459651,567.5
_min_120_120_1__,421925.067073,211586.116806,2706.87728684,569.85
_min_120_120_1__,421926.383917,211586.835084,2706.67790834,572.2
_min_120_120_1__,421927.70076,211587.553362,2706.57008625,574.55
_min_120_120_1__,421929.017603,211588.27164,2706.55382039,576.9
_min_120_120_1__,421930.334447,211588.989918,2706.58087697,579.25
_min_120_120_1__,421931.65129,211589.708197,2706.44300011,581.6
_min_120_120_1__,421932.968133,211590.426475,2706.04012446,583.95
_min_120_120_1__,421934.284977,211591.144753,2705.57293699,586.3
_min_120_120_1__,421935.60182,211591.863031,2705.23890137,588.65
_min_120_120_1__,421936.918663,211592.581309,2704.91796043,591
_min_120_120_1__,421938.235507,211593.299588,2704.51303702,593.35
_min_120_120_1__,421939.55235,211594.017866,2704.02413206,595.7
_min_120_120_1__,421940.869193,211594.736144,2703.62317638,598.05
_min_120_120_1__,421942.186037,211595.454422,2703.576788,600.4
_min_120_120_1__,421943.50288,211596.1727,2703.59796179,602.75
_min_120_120_1__,421944.823278,211596.884415,2703.53480369,605.1
_min_120_120_1__,421946.14444,211597.594718,2703.40880934,607.45
_min_120_120_1__,421947.465603,211598.30502,2703.35118033,609.6
_min_120_120_1__,421948.786765,211599.015323,2703.36937696,611.55
_min_120_120_1__,421950.107928,211599.725625,2703.44398995,613.3
_min_120_120_1__,421951.42909,211600.435927,2703.08911999,614.9
_min_120_120_1__,421952.750253,211601.14623,2702.65168774,616.25
_min_120_120_1__,421954.071416,211601.856532,2702.29008127,617.65
_min_120_120_1__,421955.392578,211602.566835,2702.01145003,619
_min_120_120_1__,421956.713741,211603.277137,2701.73839754,620.4
_min_120_120_1__,421958.034903,211603.98744,2701.406785,621.75
_min_120_120_1__,421959.356066,211604.697742,2701.01661268,623.1
_min_120_120_1__,421960.677228,211605.408044,2700.87510352,624.5
_min_120_120_1__,421961.998391,211606.118347,2700.92480571,625.85
_min_120_120_1__,421963.319553,211606.828649,2700.91594793,627.25
_min_120_120_1__,421964.640716,211607.538952,2700.84853022,628.6
_min_120_120_1__,421965.961878,211608.249254,2700.77357735,630
_min_120_120_1__,421967.283041,211608.959557,2700.75449041,631.35
_min_120_120_1__,421968.604203,211609.669859,2700.78721842,632.75
_min_120_120_1__,421969.925366,211610.380162,2700.70667782,634.1
_min_120_120_1__,421971.246529,211611.090464,2700.35838853,635.45
_min_120_120_1__,421972.567691,211611.800766,2700.05305341,636.85
_min_120_120_1__,421973.888854,211612.511069,2699.79953296,638.2
_min_120_120_1__,421975.210016,211613.221371,2699.59379682,639.6
_min_120_120_1__,421976.531179,211613.931674,2699.36546442,640.95
_min_120_120_1__,421977.852341,211614.641976,2699.09734088,642.35
_min_120_120_1__,421979.173504,211615.352279,2698.90882325,643.7
_min_120_120_1__,421980.494666,211616.062581,2698.89153506,645.05
_min_120_120_1__,421981.820288,211616.76444,2698.90898635,646.45
_min_120_120_1__,421983.151809,211617.455131,2698.88624046,647.8
_min_120_120_1__,421984.483329,211618.145821,2698.82449848,649.2
_min_120_120_1__,421985.814849,211618.836511,2698.76690213,650.55
_min_120_120_1__,421987.14637,211619.527202,2698.7652736,651.95
_min_120_120_1__,421988.47789,211620.217892,2698.7204671,653.3
_min_120_120_1__,421989.809411,211620.908583,2698.47234579,654.7
_min_120_120_1__,421991.140931,211621.599273,2698.12920163,656.05
_min_120_120_1__,421992.472452,211622.289964,2697.81586348,657.4
_min_120_120_1__,421993.803972,211622.980654,2697.54741343,658.8
_min_120_120_1__,421995.135492,211623.671345,2697.31570618,660.15
_min_120_120_1__,421996.467013,211624.362035,2697.00672482,661.55
_min_120_120_1__,421997.798533,211625.052726,2696.67105246,662.9
_min_120_120_1__,421999.130054,211625.743416,2696.57691623,664.3
_min_120_120_1__,422000.461574,211626.434107,2696.55394206,665.65
_min_120_120_1__,422001.793095,211627.124797,2696.56164054,667.05
_min_120_120_1__,422003.124615,211627.815488,2696.52297852,668.4
_min_120_120_1__,422004.425947,211628.560216,2696.44140552,669.75
_min_120_120_1__,422005.712186,211629.331959,2696.37828641,671.15
_min_120_120_1__,422006.998426,211630.103703,2696.35061467,672.5
_min_120_120_1__,422008.284665,211630.875447,2696.0330879,673.9
_min_120_120_1__,422009.570904,211631.64719,2695.67108631,675.25
_min_120_120_1__,422010.857144,211632.418934,2695.25708834,676.65
_min_120_120_1__,422012.143383,211633.190678,2694.87225895,678
_min_120_120_1__,422013.429623,211633.962421,2694.53586023,679.35
_min_120_120_1__,422014.715862,211634.734165,2694.24789149,680.75
_min_120_120_1__,422016.002101,211635.505908,2694.08606998,682.1
_min_120_120_1__,422017.288341,211636.277652,2694.02024683,683.5
_min_120_120_1__,422018.57458,211637.049396,2693.9869756,684.85
_min_120_120_1__,422019.86082,211637.821139,2693.98625611,686.25
_min_120_120_1__,422021.147059,211638.592883,2693.97697926,687.6
_min_120_120_1__,422022.433298,211639.364627,2693.93368484,689
_min_120_120_1__,422023.719538,211640.13637,2693.81174729,690.35
_min_120_120_1__,422025.005777,211640.908114,2693.4811745,691.7
_min_120_120_1__,422026.292017,211641.679858,2693.24147147,693.1
_min_120_120_1__,422027.578256,211642.451601,2692.99143514,694.45
_min_120_120_1__,422028.864495,211643.223345,2692.73106489,695.85
_min_120_120_1__,422030.150735,211643.995088,2692.46198108,697.15
_min_120_120_1__,422031.436974,211644.766832,2692.21162712,698.35
_min_120_120_1__,422032.723213,211645.538576,2692.14627516,699.5
_min_120_120_1__,422034.009453,211646.310319,2692.14664842,700.6
_min_120_120_1__,422035.295692,211647.082063,2692.13851916,701.6
_min_120_120_1__,422036.581932,211647.853807,2692.13448822,702.65
_min_120_120_1__,422037.868082,211648.625697,2692.13361833,703.65
_min_120_120_1__,422039.146984,211649.40954,2692.13599486,704.65
_min_120_120_1__,422040.425886,211650.193383,2692.08790116,705.7
_min_120_120_1__,422041.704788,211650.977226,2691.88271321,706.7
_min_120_120_1__,422042.98369,211651.761069,2691.68071668,707.7
_min_120_120_1__,422044.262592,211652.544912,2691.48191157,708.7
_min_120_120_1__,422045.541494,211653.328755,2691.2877384,709.75
_min_120_120_1__,422046.820395,211654.112598,2691.09644703,710.75
_min_120_120_1__,422048.099297,211654.896441,2690.90515566,711.75
_min_120_120_1__,422049.378199,211655.680284,2690.87988281,712.8
_min_120_120_1__,422050.657101,211656.464127,2690.87988281,713.8
_min_120_120_1__,422051.936003,211657.247971,2690.87988281,714.8
_min_120_120_1__,422053.214905,211658.031814,2690.87988281,715.8
_min_120_120_1__,422054.493807,211658.815657,2690.87988281,716.85
_min_120_120_1__,422055.772709,211659.5995,2690.87852284,717.85
_min_120_120_1__,422057.05161,211660.383343,2690.79575466,718.85
_min_120_120_1__,422058.330512,211661.167186,2690.61536571,719.9
_min_120_120_1__,422059.609414,211661.951029,2690.42373826,720.9
_min_120_120_1__,422060.888316,211662.734872,2690.22564796,721.9
_min_120_120_1__,422062.167218,211663.518715,2690.03540656,722.9
_min_120_120_1__,422063.501709,211664.189897,2689.87865824,723.95
_min_120_120_1__,422064.901885,211664.727956,2689.7582896,724.95
_min_120_120_1__,422066.302061,211665.266015,2689.63584382,725.95
_min_120_120_1__,422067.702237,211665.804074,2689.58202752,726.95
_min_120_120_1__,422069.102412,211666.342133,2689.5438821,728
_min_120_120_1__,422070.502588,211666.880192,2689.52788709,729
_min_120_120_1__,422071.902764,211667.418251,2689.51783923,730
_min_120_120_1__,422073.30294,211667.956309,2689.49212052,731.05
_min_120_120_1__,422074.703116,211668.494368,2689.450731,732.05
_min_120_120_1__,422076.103292,211669.032427,2689.42158306,733.05
_min_120_120_1__,422077.503468,211669.570486,2689.42144962,734.05
_min_120_120_1__,422078.903644,211670.108545,2689.4163461,735.1
_min_120_120_1__,422080.30382,211670.646604,2689.26331129,736.1
_min_120_120_1__,422081.703996,211671.184663,2689.04620059,737.1
_min_120_120_1__,422083.104172,211671.722722,2688.85500194,738.15
_min_120_120_1__,422084.504348,211672.26078,2688.68971552,739.15
_min_120_120_1__,422085.904524,211672.798839,2688.52786662,740.15
_min_120_120_1__,422087.3047,211673.336898,2688.33050843,741.15
_min_120_120_1__,422088.704876,211673.874957,2688.09939542,742.2
_min_120_120_1__,422090.105051,211674.413016,2687.84358118,743.2
_min_120_120_1__,422091.505227,211674.951075,2687.70126747,744.2
_min_120_120_1__,422092.905403,211675.489134,2687.71289347,745.25
_min_120_120_1__,422094.305579,211676.027193,2687.7059211,746.25
_min_120_120_1__,422095.705755,211676.565251,2687.64243016,747.25
_min_120_120_1__,422097.105931,211677.10331,2687.5703793,747.75
_min_120_120_1__,422098.506107,211677.641369,2687.52786023,748.25
_min_120_120_1__,422228.017431,211760.977544,2672.90377719,515.9
_min_120_120_1__,422229.357323,211761.609483,2672.56608771,513.9
_min_120_120_1__,422230.779867,211762.085266,2672.20101453,511.9
_min_120_120_1__,422232.20241,211762.561049,2671.84314755,507.9
_min_120_120_1__,422233.624954,211763.036833,2671.54267783,503.95
_min_120_120_1__,422235.047498,211763.512616,2671.29592813,499.95
_min_120_120_1__,422236.470041,211763.988399,2670.9424642,495.95
_min_120_120_1__,422237.892585,211764.464182,2670.53485435,491.95
_min_120_120_1__,422239.315128,211764.939965,2670.07309892,487.95
_min_120_120_1__,422240.737672,211765.415748,2669.98079428,484
_min_120_120_1__,422242.160216,211765.891532,2670.01118244,480
_min_120_120_1__,422243.582759,211766.367315,2669.9874247,476
_min_120_120_1__,422245.005303,211766.843098,2669.90918901,472
_min_120_120_1__,422246.427847,211767.318881,2669.74455809,468.05
_min_120_120_1__,422247.85039,211767.794664,2669.63839573,464.05
_min_120_120_1__,422249.272934,211768.270447,2669.5907017,460.05
_min_120_120_1__,422250.695478,211768.746231,2669.52660274,456.05
_min_120_120_1__,422252.118021,211769.222014,2669.35564437,452.05
_min_120_120_1__,422253.540565,211769.697797,2669.12621738,448.1
_min_120_120_1__,422254.963108,211770.17358,2668.79020399,444.1
_min_120_120_1__,422256.385652,211770.649363,2668.60930949,440.1
_min_120_120_1__,422257.808196,211771.125147,2668.37137034,436.1
_min_120_120_1__,422259.230739,211771.60093,2668.06900129,432.1
_min_120_120_1__,422260.653283,211772.076713,2667.67358397,428.15
_min_120_120_1__,422262.075827,211772.552496,2667.27524318,424.15
_min_120_120_1__,422263.49837,211773.028279,2666.94295876,420.15
_min_120_120_1__,422264.920914,211773.504062,2666.67673049,416.15
_min_120_120_1__,422266.343457,211773.979846,2666.25041166,412.15
_min_120_120_1__,422267.766001,211774.455629,2665.74049253,408.2
_min_120_120_1__,422269.188545,211774.931412,2665.15638733,404.2
_min_120_120_1__,422270.611088,211775.407195,2664.99784616,400.2
_min_120_120_1__,422272.033632,211775.882978,2665.04344885,396.2
_min_120_120_1__,422273.456176,211776.358761,2665.01486547,392.25
_min_120_120_1__,422274.878719,211776.834545,2664.91209614,388.25
_min_120_120_1__,422276.301263,211777.310328,2664.6801288,384.25
_min_120_120_1__,422277.723806,211777.786111,2664.52124792,380.25
_min_120_120_1__,422279.14635,211778.261894,2664.44736624,376.25
_min_120_120_1__,422280.568894,211778.737677,2664.37005797,372.3
_min_120_120_1__,422281.991437,211779.21346,2664.12607067,368.3
_min_120_120_1__,422283.413981,211779.689244,2663.79708388,364.3
_min_120_120_1__,422284.836525,211780.165027,2663.33382749,360.3
_min_120_120_1__,422286.259068,211780.64081,2663.09931432,356.3
_min_120_120_1__,422287.681612,211781.116593,2662.82442242,352.35
_min_120_120_1__,422289.055741,211781.711445,2662.40171737,348.35
_min_120_120_1__,422290.406657,211782.363385,2661.83138371,344.35
_min_120_120_1__,422291.757573,211783.015325,2661.27717102,340.35
_min_120_120_1__,422293.108489,211783.667264,2660.83992885,336.4
_min_120_120_1__,422294.459405,211784.319204,2660.51965631,332.4
_min_120_120_1__,422295.810322,211784.971144,2660.03754359,328.4
_min_120_120_1__,422297.161238,211785.623083,2659.65167696,324.4
_min_120_120_1__,422298.512154,211786.275023,2659.39950828,320.4
_min_120_120_1__,422299.86307,211786.926963,2659.26993461,316.45
_min_120_120_1__,422301.213987,211787.578902,2659.249622,314.45
_min_120_120_1__,422302.564903,211788.230842,2659.11763728,312.45
_minhyp_112_112_1__,421826.234217,211982.207961,2661.87223291,133.15
_minhyp_112_112_1__,421827.149927,211981.019906,2661.60055918,136.65
_minhyp_112_112_1__,421828.065637,211979.831851,2661.429951,140.65
_minhyp_112_112_1__,421828.981348,211978.643796,2661.24045612,148.2
_minhyp_112_112_1__,421829.897058,211977.455741,2660.96654168,155.85
_minhyp_112_112_1__,421830.812768,211976.267686,2660.68592835,163.65
_minhyp_112_112_1__,421831.728478,211975.079631,2660.49008813,170.7
_minhyp_112_112_1__,421832.644189,211973.891576,2660.36468656,176.9
_minhyp_112_112_1__,421833.559899,211972.703521,2660.16793921,182.35
_minhyp_112_112_1__,421834.475609,211971.515466,2659.89548409,187.8
_minhyp_112_112_1__,421835.391319,211970.327411,2659.6064848,193.2
_minhyp_112_112_1__,421836.307029,211969.139355,2659.5154014,198.65
_minhyp_112_112_1__,421837.22274,211967.9513,2659.40979047,204.1
_minhyp_112_112_1__,421838.13845,211966.763245,2659.23716237,209.55
_minhyp_112_112_1__,421839.05416,211965.57519,2658.99751707,214.95
_minhyp_112_112_1__,421839.96987,211964.387135,2658.78900839,220.4
_minhyp_112_112_1__,421840.88558,211963.19908,2658.7459664,225.85
_minhyp_112_112_1__,421841.801291,211962.011025,2658.64028833,231.25
_minhyp_112_112_1__,421842.717001,211960.82297,2658.4684643,236.7
_minhyp_112_112_1__,421843.632711,211959.634915,2658.25271403,242.15
_minhyp_112_112_1__,421844.548421,211958.44686,2658.1073777,247.6
_minhyp_112_112_1__,421845.464131,211957.258805,2658.02900965,253
_minhyp_112_112_1__,421846.379842,211956.07075,2657.92774474,258.45
_minhyp_112_112_1__,421847.295552,211954.882695,2657.77737052,263.9
_minhyp_112_112_1__,421848.211262,211953.69464,2657.66866109,269.35
_minhyp_112_112_1__,421849.126972,211952.506585,2657.61305121,274.75
_minhyp_112_112_1__,421850.042682,211951.31853,2657.60808111,280.2
_minhyp_112_112_1__,421850.958393,211950.130475,2657.55033445,285.65
_minhyp_112_112_1__,421851.874103,211948.94242,2657.36068701,291.05
_minhyp_112_112_1__,421852.789813,211947.754364,2657.20856419,296.5
_minhyp_112_112_1__,421853.705523,211946.566309,2657.10951975,301.95
_minhyp_112_112_1__,421854.621234,211945.378254,2657.06355359,307.4
_minhyp_112_112_1__,421855.536944,211944.190199,2656.98587924,312.8
_minhyp_112_112_1__,421856.452654,211943.002144,2656.90084401,318.25
_minhyp_112_112_1__,421857.368364,211941.814089,2656.85932533,323.7
_minhyp_112_112_1__,421858.284074,211940.626034,2656.86132321,329.1
_minhyp_112_112_1__,421859.199785,211939.437979,2656.83080838,334.55
_minhyp_112_112_1__,421860.115495,211938.249924,2656.69014962,340
_minhyp_112_112_1__,421861.031205,211937.061869,2656.53024312,345.45
_minhyp_112_112_1__,421861.946915,211935.873814,2656.41557428,350.85
_minhyp_112_112_1__,421862.862625,211934.685759,2656.36707181,356.3
_minhyp_112_112_1__,421863.778336,211933.497704,2656.36754119,361.75
_minhyp_112_112_1__,421864.694046,211932.309649,2656.32710757,367.15
_minhyp_112_112_1__,421865.609756,211931.121594,2656.27955538,372.6
_minhyp_112_112_1__,421866.525466,211929.933539,2656.26855917,378.05
_minhyp_112_112_1__,421867.500497,211928.793932,2656.22657949,383.5
_minhyp_112_112_1__,421868.481725,211927.659388,2656.15263363,388.9
_minhyp_112_112_1__,421869.462953,211926.524843,2656.04661663,394.35
_minhyp_112_112_1__,421870.444181,211925.390298,2655.93552478,399.8
_minhyp_112_112_1__,421871.425409,211924.255753,2655.95844035,405.2
_minhyp_112_112_1__,421872.406636,211923.121209,2656.01324438,410.65
_minhyp_112_112_1__,421873.387864,211921.986664,2656.04489205,416.1
_minhyp_112_112_1__,421874.369092,211920.852119,2656.0533833,421.55
_minhyp_112_112_1__,421875.35032,211919.717574,2656.049415,426.95
_minhyp_112_112_1__,421876.331548,211918.58303,2656.03796175,432.4
_minhyp_112_112_1__,421877.312776,211917.448485,2656.01224502,437.85
_minhyp_112_112_1__,421878.294004,211916.31394,2655.9722648,443.25
_minhyp_112_112_1__,421879.275232,211915.179395,2655.91802111,448.7
_minhyp_112_112_1__,421880.25646,211914.044851,2655.9939899,454.15
_minhyp_112_112_1__,421881.237688,211912.910306,2656.10944892,459.6
_minhyp_112_112_1__,421882.218915,211911.775761,2656.21601503,465
_minhyp_112_112_1__,421883.200143,211910.641216,2656.31368819,470
_minhyp_112_112_1__,421884.181371,211909.506672,2656.35482344,474.6
_minhyp_112_112_1__,421885.162599,211908.372127,2656.33945201,478.7
_minhyp_112_112_1__,421886.143827,211907.237582,2656.33249714,482.35
_minhyp_112_112_1__,421887.125055,211906.103037,2656.32019346,485.45
_minhyp_112_112_1__,421888.106283,211904.968492,2656.30672818,488.4
_minhyp_112_112_1__,421889.087511,211903.833948,2656.43999773,491.25
_minhyp_112_112_1__,421890.068739,211902.699403,2656.57893534,493.95
_minhyp_112_112_1__,421891.049967,211901.564858,2656.72364242,496.55
_minhyp_112_112_1__,421892.031194,211900.430313,2656.86656657,499.05
_minhyp_112_112_1__,421893.012422,211899.295769,2656.91674932,501.55
_minhyp_112_112_1__,421893.99365,211898.161224,2656.91245963,504.05
_minhyp_112_112_1__,421894.974878,211897.026679,2656.90995288,506.55
_minhyp_112_112_1__,421895.956106,211895.892134,2656.91305722,509.05
_minhyp_112_112_1__,421896.937334,211894.75759,2656.94978393,511.6
_minhyp_112_112_1__,421897.918562,211893.623045,2657.10293732,514.1
_minhyp_112_112_1__,421898.900017,211892.488698,2657.25428231,516.6
_minhyp_112_112_1__,421899.892256,211891.363771,2657.40263028,519.1
_minhyp_112_112_1__,421900.884495,211890.238844,2657.55909708,521.6
_minhyp_112_112_1__,421901.876735,211889.113917,2657.60915069,524.1
_minhyp_112_112_1__,421902.868974,211887.98899,2657.62465278,526.6
_minhyp_112_112_1__,421903.861214,211886.864063,2657.63481369,529.1
_minhyp_112_112_1__,421904.853453,211885.739136,2657.63963342,531.6
_minhyp_112_112_1__,421905.845692,211884.614209,2657.70869806,534.1
_minhyp_112_112_1__,421906.837932,211883.489281,2657.88447454,536.6
_minhyp_112_112_1__,421907.830171,211882.364354,2658.05399405,539.1
_minhyp_112_112_1__,421908.82241,211881.239427,2658.21725676,541.6
_minhyp_112_112_1__,421909.81465,211880.1145,2658.37426266,544.1
_minhyp_112_112_1__,421910.806889,211878.989573,2658.42301,546.6
_minhyp_112_112_1__,421911.799128,211877.864646,2658.45327696,549.1
_minhyp_112_112_1__,421912.791368,211876.739719,2658.47460563,551.6
_minhyp_112_112_1__,421913.783607,211875.614792,2658.486996,554.1
_minhyp_112_112_1__,421914.775847,211874.489864,2658.57826223,556.6
_minhyp_112_112_1__,421915.768086,211873.364937,2658.78487786,559.15
_minhyp_112_112_1__,421916.760325,211872.24001,2658.98608117,561.65
_minhyp_112_112_1__,421917.752565,211871.115083,2659.17834619,564.15
_minhyp_112_112_1__,421918.744804,211869.990156,2659.36026942,566.65
_minhyp_112_112_1__,421919.737043,211868.865229,2659.38373004,569.15
_minhyp_112_112_1__,421920.729283,211867.740302,2659.41854127,571.65
_minhyp_112_112_1__,421921.721522,211866.615374,2659.44669741,574.15
_minhyp_112_112_1__,421922.713761,211865.490447,2659.46504321,576.65
_minhyp_112_112_1__,421923.706001,211864.36552,2659.5891194,579.15
_minhyp_112_112_1__,421924.69824,211863.240593,2659.80873964,581.65
_minhyp_112_112_1__,421925.69048,211862.115666,2660.0347787,584.15
_minhyp_112_112_1__,421926.682719,211860.990739,2660.25375139,586.65
_minhyp_112_112_1__,421927.674958,211859.865812,2660.44152232,589.15
_minhyp_112_112_1__,421928.667198,211858.740885,2660.46027791,591.65
_minhyp_112_112_1__,421929.659437,211857.615957,2660.48886565,594.15
_minhyp_112_112_1__,421930.651676,211856.49103,2660.52149365,596.65
_minhyp_112_112_1__,421931.643916,211855.366103,2660.54463739,599.15
_minhyp_112_112_1__,421932.719303,211854.321681,2660.67963755,601.65
_minhyp_112_112_1__,421933.811603,211853.293634,2660.88499495,604.2
_minhyp_112_112_1__,421934.903903,211852.265587,2661.10114307,606.7
_minhyp_112_112_1__,421935.996203,211851.23754,2661.31401,608.95
_minhyp_112_112_1__,421937.088503,211850.209493,2661.51913778,610.95
_minhyp_112_112_1__,421938.180803,211849.181446,2661.57358542,612
_minhyp_112_112_1__,421939.273103,211848.153399,2661.60105333,612.95
_minhyp_112_112_1__,422261.80629,211512.644188,2675.47216843,632.05
_minhyp_112_112_1__,422262.957399,211511.682445,2675.38512012,631.3
_minhyp_112_112_1__,422264.108508,211510.720703,2675.1997544,630.45
_minhyp_112_112_1__,422265.259617,211509.75896,2674.98708683,628.85
_minhyp_112_112_1__,422266.410726,211508.797218,2674.91126487,627.1
_minhyp_112_112_1__,422267.561834,211507.835475,2674.7327146,625.1
_minhyp_112_112_1__,422268.712943,211506.873733,2674.45143603,623.1
_minhyp_112_112_1__,422269.864052,211505.911991,2674.06742916,621.1
_minhyp_112_112_1__,422271.015161,211504.950248,2673.83672964,619.15
_minhyp_112_112_1__,422272.16627,211503.988506,2673.91221939,617.15
_minhyp_112_112_1__,422273.317378,211503.026763,2673.886754,615.15
_minhyp_112_112_1__,422274.468487,211502.065021,2673.76033323,613.15
_minhyp_112_112_1__,422275.619596,211501.103278,2673.60941115,611.2
_minhyp_112_112_1__,422276.703615,211500.07036,2673.5875677,609.2
_minhyp_112_112_1__,422277.731662,211498.97806,2673.45495181,607.2
_minhyp_112_112_1__,422278.759709,211497.88576,2673.20529461,605.2
_minhyp_112_112_1__,422279.776839,211496.783432,2672.84629452,603.25
_minhyp_112_112_1__,422280.778026,211495.666461,2672.5160929,601.25
_minhyp_112_112_1__,422281.779214,211494.54949,2672.43305557,599.25
_minhyp_112_112_1__,422282.780401,211493.432519,2672.4908207,597.25
_minhyp_112_112_1__,422283.781588,211492.315549,2672.4430247,595.3
_minhyp_112_112_1__,422284.782775,211491.198578,2672.28966766,593.3
_minhyp_112_112_1__,422285.783963,211490.081607,2672.20956107,591.3
_minhyp_112_112_1__,422286.78515,211488.964636,2672.12124711,589.3
_minhyp_112_112_1__,422287.786337,211487.847665,2671.92211038,587.35
_minhyp_112_112_1__,422288.787525,211486.730694,2671.61562137,585.35
_minhyp_112_112_1__,422289.788712,211485.613723,2671.20178033,583.35
_minhyp_112_112_1__,422290.789899,211484.496752,2671.10212781,581.55
_minhyp_112_112_1__,422291.791087,211483.379781,2671.23065891,580
_minhyp_112_112_1__,422292.792274,211482.262811,2671.25450251,578.2
_minhyp_112_112_1__,422293.793461,211481.14584,2671.17365881,576.15
_minhyp_112_112_1__,422294.794649,211480.028869,2670.98812744,573.95
_minhyp_112_112_1__,422295.795836,211478.911898,2670.89733731,571.3
_minhyp_112_112_1__,422296.797023,211477.794927,2670.74498621,568.25
_minhyp_112_112_1__,422297.798211,211476.677956,2670.48259629,565.2
_minhyp_112_112_1__,422298.799398,211475.560985,2670.11016781,562.15
_minhyp_112_112_1__,422299.800585,211474.444014,2669.89144488,559.1
_minhyp_112_112_1__,422300.801773,211473.327044,2670.05993244,556.05
_minhyp_112_112_1__,422301.80296,211472.210073,2670.15840711,553
_minhyp_112_112_1__,422302.804147,211471.093102,2670.14863414,549.95
_minhyp_112_112_1__,422303.805335,211469.976131,2670.02770973,546.9
_minhyp_112_112_1__,422304.806522,211468.85916,2669.77612754,543.85
_minhyp_112_112_1__,422305.807709,211467.742189,2669.64734717,540.8
_minhyp_112_112_1__,422306.808896,211466.625218,2669.42987028,537.75
_minhyp_112_112_1__,422307.810084,211465.508247,2669.09877245,534.7
_minhyp_112_112_1__,422308.811271,211464.391276,2668.90317595,531.65
_minhyp_112_112_1__,422309.814048,211463.275733,2668.97685641,528.6
_minhyp_112_112_1__,422310.817232,211462.160555,2669.13770535,525.55
_minhyp_112_112_1__,422311.820416,211461.045377,2669.20159411,522.5
_minhyp_112_112_1__,422312.8236,211459.930199,2669.13660191,519.45
_minhyp_112_112_1__,422313.826784,211458.815021,2668.82388984,516.4
_minhyp_112_112_1__,422314.829968,211457.699844,2668.62305065,513.35
_minhyp_112_112_1__,422315.833153,211456.584666,2668.44756908,510.3
_minhyp_112_112_1__,422316.836337,211455.469488,2668.1541407,507.25
_minhyp_112_112_1__,422317.839521,211454.35431,2667.95927887,504.2
_minhyp_112_112_1__,422318.842705,211453.239132,2667.99273516,501.15
_minhyp_112_112_1__,422319.845889,211452.123954,2668.14612703,498.1
_minhyp_112_112_1__,422320.849073,211451.008777,2668.28642691,495.05
_minhyp_112_112_1__,422321.852258,211449.893599,2668.26331325,492
_minhyp_112_112_1__,422322.855442,211448.778421,2667.877814,489.05
_minhyp_112_112_1__,422323.858626,211447.663243,2667.61045862,485.85
minhyp_116sm_,422386.090978,211236.003703,2664.56775173,147.5
minhyp_116sm_,422387.394204,211236.746402,2664.32219866,155.2
minhyp_116sm_,422388.697431,211237.489101,2664.21523346,162.05
minhyp_116sm_,422390.000657,211238.2318,2664.24678773,170
minhyp_116sm_,422391.303883,211238.974498,2664.14178639,177.15
minhyp_116sm_,422392.607109,211239.717197,2663.89819735,184.55
minhyp_116sm_,422393.910335,211240.459896,2663.29801127,192.25
minhyp_116sm_,422395.213561,211241.202595,2662.69058911,201.45
minhyp_116sm_,422396.516788,211241.945294,2662.27554083,208.95
minhyp_116sm_,422397.820014,211242.687992,2661.73196221,216.5
minhyp_116sm_,422399.12324,211243.430691,2661.05985224,224.1
minhyp_116sm_,422400.426466,211244.17339,2660.35383364,231.7
minhyp_116sm_,422401.729692,211244.916089,2659.88493371,239.35
minhyp_116sm_,422403.032919,211245.658788,2659.92613039,247
minhyp_116sm_,422404.336145,211246.401486,2659.90186208,254.65
minhyp_116sm_,422405.639371,211247.144185,2659.73272562,262.35
minhyp_116sm_,422406.942597,211247.886884,2659.59872265,270.1
minhyp_116sm_,422408.245823,211248.629583,2659.578543,277.85
minhyp_116sm_,422409.54905,211249.372282,2659.67218663,285.65
minhyp_116sm_,422410.852276,211250.11498,2659.52859395,293.45
minhyp_116sm_,422412.155502,211250.857679,2658.81760707,301.25
minhyp_116sm_,422413.458728,211251.600378,2658.22044352,309.15
minhyp_116sm_,422414.761954,211252.343077,2657.73710328,317
minhyp_116sm_,422416.065181,211253.085776,2657.31395103,324.9
minhyp_116sm_,422417.368407,211253.828474,2656.79634488,332.85
minhyp_116sm_,422418.671633,211254.571173,2656.17654126,340.75
minhyp_116sm_,422419.974859,211255.313872,2655.70918811,348.65
minhyp_116sm_,422421.278085,211256.056571,2655.82772382,356.55
minhyp_116sm_,422422.581311,211256.799269,2655.84986544,364.45
minhyp_116sm_,422423.884538,211257.541968,2655.76981,372.4
minhyp_116sm_,422425.187764,211258.284667,2655.60542868,380.3
minhyp_116sm_,422426.49099,211259.027366,2655.5539807,388.2
minhyp_116sm_,422427.794216,211259.770065,2655.59081622,396.1
minhyp_116sm_,422429.097442,211260.512763,2655.3980571,404
minhyp_116sm_,422430.400669,211261.255462,2654.95406259,411.95
minhyp_116sm_,422431.703895,211261.998161,2654.43567812,419.85
minhyp_116sm_,422433.007121,211262.74086,2654.00557715,427.75
minhyp_116sm_,422434.310347,211263.483559,2653.66375966,435.65
minhyp_116sm_,422435.613573,211264.226257,2653.31984622,443.55
minhyp_116sm_,422436.9168,211264.968956,2652.83620114,451.5
minhyp_116sm_,422438.220026,211265.711655,2652.64341632,459.4
minhyp_116sm_,422439.523252,211266.454354,2652.54710498,465.75
minhyp_116sm_,422440.826478,211267.197053,2652.55606096,473.2
minhyp_116sm_,422442.129704,211267.939751,2652.52445816,482.2
minhyp_116sm_,422443.463414,211268.626091,2652.40063131,489.3
minhyp_116sm_,422444.798289,211269.310274,2652.19747419,497.65
minhyp_116sm_,422446.133165,211269.994458,2652.15968102,505.05
minhyp_116sm_,422447.468041,211270.678642,2651.95106404,513.45
_minhyp_124_124_1__,421843.632722,211889.383133,2657.70673808,290.1
_minhyp_124_124_1__,421844.906975,211890.174512,2657.67409769,291.6
_minhyp_124_124_1__,421846.181228,211890.96589,2657.59027219,293.35
_minhyp_124_124_1__,421847.45903,211891.751523,2657.49936812,296.75
_minhyp_124_124_1__,421848.737008,211892.536872,2657.39967138,300.8
_minhyp_124_124_1__,421850.014985,211893.322221,2657.29133195,305.4
_minhyp_124_124_1__,421851.292963,211894.10757,2657.19530534,310.2
_minhyp_124_124_1__,421852.57094,211894.89292,2657.10249345,315.05
_minhyp_124_124_1__,421853.848918,211895.678269,2657.09351889,319.95
_minhyp_124_124_1__,421855.126895,211896.463618,2657.08883017,324.85
_minhyp_124_124_1__,421856.404872,211897.248968,2657.07925575,329.7
_minhyp_124_124_1__,421857.68285,211898.034317,2657.0753073,334.6
_minhyp_124_124_1__,421858.960827,211898.819666,2657.07698483,339.5
_minhyp_124_124_1__,421860.238805,211899.605016,2657.08147055,344.4
_minhyp_124_124_1__,421861.516782,211900.390365,2657.02989222,349.25
_minhyp_124_124_1__,421862.79476,211901.175714,2656.93785352,354.15
_minhyp_124_124_1__,421864.072737,211901.961063,2656.85144082,359.05
_minhyp_124_124_1__,421865.350715,211902.746413,2656.76785561,363.95
_minhyp_124_124_1__,421866.628692,211903.531762,2656.67225504,368.9
_minhyp_124_124_1__,421867.90667,211904.317111,2656.56620621,374
_minhyp_124_124_1__,421869.184647,211905.102461,2656.46339303,379.3
_minhyp_124_124_1__,421870.462625,211905.88781,2656.46090916,384.95
_minhyp_124_124_1__,421871.740602,211906.673159,2656.46832725,390.9
_minhyp_124_124_1__,421873.01858,211907.458509,2656.46529711,397.2
_minhyp_124_124_1__,421874.296557,211908.243858,2656.45181871,403.7
_minhyp_124_124_1__,421875.574535,211909.029207,2656.43771366,410.35
_minhyp_124_124_1__,421876.852512,211909.814556,2656.43856927,417
_minhyp_124_124_1__,421878.13049,211910.599906,2656.38113069,423.55
_minhyp_124_124_1__,421879.408467,211911.385255,2656.29279926,430.05
_minhyp_124_124_1__,421880.686445,211912.170604,2656.19339625,436.5
_minhyp_124_124_1__,421881.964422,211912.955954,2656.09871965,442.85
_minhyp_124_124_1__,421883.256259,211913.718091,2656.01424263,449.25
_minhyp_124_124_1__,421884.553873,211914.470553,2655.93850691,455.65
_minhyp_124_124_1__,421885.851486,211915.223015,2655.87201766,462.05
_minhyp_124_124_1__,421887.149099,211915.975478,2655.85188385,467.75
_minhyp_124_124_1__,421888.446713,211916.72794,2655.84033171,472.9
_minhyp_124_124_1__,421889.744326,211917.480402,2655.83736126,475.6
_minhyp_124_124_1__,421891.04194,211918.232864,2655.83626115,478
_minhyp_124_124_1__,421967.62711,211965.365919,2654.82307345,487.55
_minhyp_124_124_1__,421968.840551,211966.247713,2654.80160288,486.2
_minhyp_124_124_1__,421970.053993,211967.129506,2654.80105955,484.8
_minhyp_124_124_1__,421971.267434,211968.0113,2654.80784959,482.05
_minhyp_124_124_1__,421972.480876,211968.893093,2654.79409631,479.3
_minhyp_124_124_1__,421973.694317,211969.774887,2654.75979983,476.55
_minhyp_124_124_1__,421974.907759,211970.65668,2654.72220208,473.8
_minhyp_124_124_1__,421976.1212,211971.538474,2654.71753336,471.05
_minhyp_124_124_1__,421977.334642,211972.420267,2654.68413158,468.25
_minhyp_124_124_1__,421978.548083,211973.302061,2654.61904765,465.5
_minhyp_124_124_1__,421979.761525,211974.183854,2654.52228153,462.75
_minhyp_124_124_1__,421980.974966,211975.065648,2654.47388263,460
_minhyp_124_124_1__,421982.188408,211975.947441,2654.50940769,457.25
_minhyp_124_124_1__,421983.401849,211976.829235,2654.51325063,454.5
_minhyp_124_124_1__,421984.615291,211977.711028,2654.48541135,451.75
_minhyp_124_124_1__,421985.828732,211978.592822,2654.45178341,449
_minhyp_124_124_1__,421987.042174,211979.474615,2654.45323764,446.25
_minhyp_124_124_1__,421988.255615,211980.356409,2654.45952947,443.45
_minhyp_124_124_1__,421989.469057,211981.238202,2654.40724187,440.7
_minhyp_124_124_1__,421990.682498,211982.119996,2654.31209537,437.95
_minhyp_124_124_1__,421991.89594,211983.001789,2654.23074991,435.2
_minhyp_124_124_1__,421993.109381,211983.883583,2654.18277941,432.45
_minhyp_124_124_1__,421994.322823,211984.765376,2654.16818385,429.7
_minhyp_124_124_1__,421995.536264,211985.64717,2654.12510579,426.95
_minhyp_124_124_1__,421996.749706,211986.528963,2654.05331937,424.2
_minhyp_124_124_1__,421997.963147,211987.410756,2654.02261951,421.4
_minhyp_124_124_1__,421999.176588,211988.29255,2654.03300619,418.65
_minhyp_124_124_1__,422000.39003,211989.174343,2654.05940342,415.9
_minhyp_124_124_1__,422001.603471,211990.056137,2654.01401994,413.15
_minhyp_124_124_1__,422002.816913,211990.93793,2653.88836262,410.4
_minhyp_124_124_1__,422004.030354,211991.819724,2653.80379187,407.65
_minhyp_124_124_1__,422005.243796,211992.701517,2653.75631145,405
_minhyp_124_124_1__,422006.457237,211993.583311,2653.68056665,402.55
_minhyp_124_124_1__,422007.670679,211994.465104,2653.55688054,400.2
_minhyp_124_124_1__,422008.88412,211995.346898,2653.43520571,398
_minhyp_124_124_1__,422010.097562,211996.228691,2653.41497164,395.95
_minhyp_124_124_1__,422011.311003,211997.110485,2653.45444438,393.85
_minhyp_124_124_1__,422012.524445,211997.992278,2653.44597575,391.8
_minhyp_124_124_1__,422013.737886,211998.874072,2653.38956602,389.75
_minhyp_124_124_1__,422014.977664,211999.713491,2653.28238783,387.65
_minhyp_124_124_1__,422016.30553,212000.411183,2653.27596881,385.6
_minhyp_124_124_1__,422017.633395,212001.108875,2653.23315961,383.55
_minhyp_124_124_1__,422018.96126,212001.806567,2653.14515024,381.45
_minhyp_124_124_1__,422020.289125,212002.504259,2653.01314937,379.4
_minhyp_124_124_1__,422021.61699,212003.201951,2652.89353691,377.35
_minhyp_124_124_1__,422022.944856,212003.899643,2652.81617518,375.25
_minhyp_124_124_1__,422024.272721,212004.597334,2652.78106426,373.2
_minhyp_124_124_1__,422025.600586,212005.295026,2652.71106906,371.15
_minhyp_124_124_1__,422026.928451,212005.992718,2652.59143662,369.05
_minhyp_124_124_1__,422028.256317,212006.69041,2652.51702238,367
_minhyp_124_124_1__,422029.584182,212007.388102,2652.4878265,364.9
_minhyp_124_124_1__,422030.912047,212008.085794,2652.47777185,362.85
_minhyp_124_124_1__,422032.239912,212008.783486,2652.42476995,360.8
_minhyp_124_124_1__,422033.567777,212009.481178,2652.32654978,358.7
_minhyp_124_124_1__,422034.895643,212010.17887,2652.18470676,356.65
_minhyp_124_124_1__,422036.223508,212010.876561,2652.15689143,354.6
_minhyp_124_124_1__,422037.551373,212011.574253,2652.09717926,352.5
_minhyp_124_124_1__,422038.882994,212012.26464,2651.99409831,350.45
_minhyp_124_124_1__,422040.223027,212012.938668,2651.85344211,348.4
_minhyp_124_124_1__,422041.563059,212013.612696,2651.74302579,347.35
_minhyp_124_124_1__,422042.903091,212014.286724,2651.67523013,346.3
_time_112_112_1_112_2__,421940.365403,211847.125352,2661.6387668,615.75
_time_112_112_1_112_2__,421941.457703,211846.097305,2661.66974733,617.7
_time_112_112_1_112_2__,421942.550003,211845.069258,2661.68905986,618.35
_time_112_112_1_112_2__,421943.642303,211844.04121,2661.88297007,619.6
_time_112_112_1_112_2__,421944.734603,211843.013163,2662.10382371,620.9
_time_112_112_1_112_2__,421945.826903,211841.985116,2662.33361234,622.2
_time_112_112_1_112_2__,421946.919203,211840.957069,2662.55076346,623.45
_time_112_112_1_112_2__,421948.011503,211839.929022,2662.7417854,624.75
_time_112_112_1_112_2__,421949.103803,211838.900975,2662.77786872,626.05
_time_112_112_1_112_2__,421950.196103,211837.872928,2662.83404223,627.35
_time_112_112_1_112_2__,421951.288403,211836.844881,2662.89244325,628.6
_time_112_112_1_112_2__,421952.380703,211835.816834,2662.93198246,629.9
_time_112_112_1_112_2__,421953.473003,211834.788787,2662.99430089,631.2
_time_112_112_1_112_2__,421954.565303,211833.76074,2663.22261881,632.45
_time_112_112_1_112_2__,421955.657603,211832.732693,2663.47585135,633.75
_time_112_112_1_112_2__,421956.749903,211831.704646,2663.71801735,635.05
_time_112_112_1_112_2__,421957.842203,211830.676599,2663.93772464,636.35
_time_112_112_1_112_2__,421958.934503,211829.648552,2664.08555704,637.6
_time_112_112_1_112_2__,421960.03049,211828.624442,2664.1483455,638.9
_time_112_112_1_112_2__,421961.127902,211827.601853,2664.23725,640.2
_time_112_112_1_112_2__,421962.225314,211826.579265,2664.30101452,641.45
_time_112_112_1_112_2__,421963.322726,211825.556677,2664.33963912,642.75
_time_112_112_1_112_2__,421964.420137,211824.534088,2664.46354949,644.05
_time_112_112_1_112_2__,421965.517549,211823.5115,2664.74692757,645.35
_time_112_112_1_112_2__,421966.614961,211822.488911,2665.03250991,646.6
_time_112_112_1_112_2__,421967.712373,211821.466323,2665.28758217,647.9
_time_112_112_1_112_2__,421968.809785,211820.443735,2665.51214462,649.2
_time_112_112_1_112_2__,421969.907197,211819.421146,2665.64098605,650.45
_time_112_112_1_112_2__,421971.004609,211818.398558,2665.76450382,651.75
_time_112_112_1_112_2__,421972.102021,211817.375969,2665.86084727,653.05
_time_112_112_1_112_2__,421973.199433,211816.353381,2665.92488358,654.35
_time_112_112_1_112_2__,421974.296845,211815.330793,2665.95661279,655.6
_time_112_112_1_112_2__,421975.394257,211814.308204,2666.18224662,656.9
_time_112_112_1_112_2__,421976.491669,211813.285616,2666.52134008,658.2
_time_112_112_1_112_2__,421977.589081,211812.263027,2666.82630749,659.45
_time_112_112_1_112_2__,421978.686493,211811.240439,2667.09714836,660.75
_time_112_112_1_112_2__,421979.783905,211810.217851,2667.33386294,662.05
_time_112_112_1_112_2__,421980.881317,211809.195262,2667.50964765,663.35
_time_112_112_1_112_2__,421981.978729,211808.172674,2667.63894864,664.45
_time_112_112_1_112_2__,421983.07614,211807.150085,2667.73052879,665.35
_time_112_112_1_112_2__,421984.173552,211806.127497,2667.7843881,666.2
_time_112_112_1_112_2__,421985.270964,211805.104909,2667.82073487,666.9
_time_112_112_1_112_2__,421986.368376,211804.08232,2668.17896231,667.55
_time_112_112_1_112_2__,421987.465788,211803.059732,2668.53465755,668.25
_time_112_112_1_112_2__,421988.5632,211802.037143,2668.85535004,669.05
_time_112_112_1_112_2__,421989.660612,211801.014555,2669.14103925,669.9
_time_112_112_1_112_2__,421990.758024,211799.991967,2669.45110212,670.85
_time_112_112_1_112_2__,421991.855436,211798.969378,2669.59025452,671.9
_time_112_112_1_112_2__,421992.952848,211797.94679,2669.69348328,672.95
_time_112_112_1_112_2__,421994.05026,211796.924201,2669.7607885,674.05
_time_112_112_1_112_2__,421995.147672,211795.901613,2669.79923552,675.15
_time_112_112_1_112_2__,421996.245084,211794.879025,2669.92323562,676.2
_time_112_112_1_112_2__,421997.342496,211793.856436,2670.31381997,677.25
_time_112_112_1_112_2__,421998.439908,211792.833848,2670.67029964,678.25
_time_112_112_1_112_2__,421999.53732,211791.811259,2670.99267521,679.3
_time_112_112_1_112_2__,422000.634731,211790.788671,2671.30970245,680.4
_time_112_112_1_112_2__,422001.732143,211789.766083,2671.60819527,681.5
_time_112_112_1_112_2__,422002.829555,211788.743494,2671.70953914,682.65
_time_112_112_1_112_2__,422003.926967,211787.720906,2671.78035124,683.75
_time_112_112_1_112_2__,422005.024379,211786.698317,2671.82103442,684.9
_time_112_112_1_112_2__,422006.121791,211785.675729,2671.87828897,686.1
_time_112_112_1_112_2__,422007.219203,211784.653141,2672.05984919,687.25
_time_112_112_1_112_2__,422008.316615,211783.630552,2672.42195983,688.45
_time_112_112_1_112_2__,422009.414027,211782.607964,2672.75713297,689.6
_time_112_112_1_112_2__,422010.511439,211781.585375,2673.07449992,690.7
_time_112_112_1_112_2__,422011.608851,211780.562787,2673.41290566,691.8
_time_112_112_1_112_2__,422012.690336,211779.524308,2673.64714558,692.75
_time_112_112_1_112_2__,422013.710391,211778.424541,2673.71231007,693.6
_time_112_112_1_112_2__,422014.730447,211777.324775,2673.75324146,694.4
_time_112_112_1_112_2__,422015.750502,211776.225008,2673.79060988,695.05
_time_112_112_1_112_2__,422016.770558,211775.125241,2673.85323178,695.65
_time_112_112_1_112_2__,422017.790613,211774.025475,2674.20876788,696.25
_time_112_112_1_112_2__,422018.810668,211772.925708,2674.57736037,696.75
_time_112_112_1_112_2__,422019.830724,211771.825941,2674.92171975,697.3
_time_112_112_1_112_2__,422020.850779,211770.726174,2675.27298977,697.8
_time_112_112_1_112_2__,422021.870835,211769.626408,2675.54938686,698.35
_time_112_112_1_112_2__,422022.89089,211768.526641,2675.6225923,698.95
_time_112_112_1_112_2__,422023.910946,211767.426874,2675.67246297,699.55
_time_112_112_1_112_2__,422024.931001,211766.327108,2675.69899882,700.15
_time_112_112_1_112_2__,422025.951057,211765.227341,2675.74534188,700.8
_time_112_112_1_112_2__,422026.971112,211764.127574,2676.07272953,701.45
_time_112_112_1_112_2__,422027.991168,211763.027808,2676.44929561,702.05
_time_112_112_1_112_2__,422029.011223,211761.928041,2676.8034255,702.7
_time_112_112_1_112_2__,422030.031279,211760.828274,2677.13606025,703.3
_time_112_112_1_112_2__,422031.051334,211759.728507,2677.42833633,703.9
_time_112_112_1_112_2__,422032.07139,211758.628741,2677.50233602,704.55
_time_112_112_1_112_2__,422033.091445,211757.528974,2677.55569592,705.2
_time_112_112_1_112_2__,422034.111501,211756.429207,2677.58841604,705.85
_time_112_112_1_112_2__,422035.131556,211755.329441,2677.60575002,706.55
_time_112_112_1_112_2__,422036.151612,211754.229674,2677.88984612,707.25
_time_112_112_1_112_2__,422037.171667,211753.129907,2678.25725694,708
_time_112_112_1_112_2__,422038.191723,211752.03014,2678.604028,708.75
_time_112_112_1_112_2__,422039.211778,211750.930374,2678.93015895,709.55
_time_112_112_1_112_2__,422040.231834,211749.830607,2679.20645999,710.35
_time_112_112_1_112_2__,422041.251889,211748.73084,2679.28246193,711.25
_time_112_112_1_112_2__,422042.271945,211747.631074,2679.33962076,712.15
_time_112_112_1_112_2__,422043.292,211746.531307,2679.37793646,713.1
_time_112_112_1_112_2__,422044.312056,211745.43154,2679.39740905,714.05
_time_112_112_1_112_2__,422045.332111,211744.331774,2679.61839348,715
_time_112_112_1_112_2__,422046.352167,211743.232007,2679.98295343,716.05
_time_112_112_1_112_2__,422047.372222,211742.13224,2680.32774999,717.1
_time_112_112_1_112_2__,422048.413291,211741.052588,2680.6473835,718.25
_time_112_112_1_112_2__,422049.467424,211739.98544,2680.94053978,719.4
_time_112_112_1_112_2__,422050.521557,211738.918293,2681.00849535,720.55
_time_112_112_1_112_2__,422051.575691,211737.851146,2681.08010802,721.75
_time_112_112_1_112_2__,422052.629824,211736.783999,2681.13102398,722.95
_time_112_112_1_112_2__,422053.683957,211735.716852,2681.16124326,724.15
_time_112_112_1_112_2__,422054.73809,211734.649704,2681.2756427,725.35
_time_112_112_1_112_2__,422055.792224,211733.582557,2681.62242137,726.45
_time_112_112_1_112_2__,422056.846357,211732.51541,2681.96057843,727.6
_time_112_112_1_112_2__,422057.90049,211731.448263,2682.28162008,728.7
_time_112_112_1_112_2__,422058.954623,211730.381116,2682.58554633,729.85
_time_112_112_1_112_2__,422060.008756,211729.313968,2682.71354638,731.05
_time_112_112_1_112_2__,422061.06289,211728.246821,2682.77309751,732.3
_time_112_112_1_112_2__,422062.117023,211727.179674,2682.81733483,733.55
_time_112_112_1_112_2__,422063.171156,211726.112527,2682.84625837,734.8
_time_112_112_1_112_2__,422064.226553,211725.04664,2682.85986188,736.1
_time_112_112_1_112_2__,422065.291208,211723.98999,2683.14597458,737.35
_time_112_112_1_112_2__,422066.355863,211722.93334,2683.45207246,738.65
_time_112_112_1_112_2__,422067.420518,211721.87669,2683.74828293,739.95
_time_112_112_1_112_2__,422068.485173,211720.82004,2684.03460599,741.3
_time_112_112_1_112_2__,422069.549828,211719.763389,2684.25258622,742.75
_time_112_112_1_112_2__,422070.614483,211718.706739,2684.27100617,744.25
_time_112_112_1_112_2__,422071.679139,211717.650089,2684.28891658,745.8
_time_112_112_1_112_2__,422072.743794,211716.593439,2684.30142186,747.35
_time_112_112_1_112_2__,422073.808449,211715.536789,2684.30852203,749
_time_112_112_1_112_2__,422074.873104,211714.480139,2684.44215814,750.55
_time_112_112_1_112_2__,422075.937759,211713.423489,2684.70921313,752.05
_time_112_112_1_112_2__,422077.002414,211712.366838,2684.97699442,753.5
_time_112_112_1_112_2__,422078.067069,211711.310188,2685.24567631,754.75
_time_112_112_1_112_2__,422079.131724,211710.253538,2685.51525905,755.9
_time_112_112_1_112_2__,422080.196379,211709.196888,2685.56651362,756.95
_time_112_112_1_112_2__,422081.261034,211708.140238,2685.54291735,757.9
_time_112_112_1_112_2__,422082.325689,211707.083588,2685.52562706,758.75
_time_112_112_1_112_2__,422083.390344,211706.026937,2685.51464273,759.6
_time_112_112_1_112_2__,422084.455,211704.970287,2685.51702585,760.35
_time_112_112_1_112_2__,422085.519655,211703.913637,2685.75632685,761.15
_time_112_112_1_112_2__,422086.58431,211702.856987,2685.99446495,761.85
_time_112_112_1_112_2__,422087.648965,211701.800337,2686.23890901,762.55
_time_112_112_1_112_2__,422088.71362,211700.743687,2686.48965905,763.25
_time_112_112_1_112_2__,422089.778275,211699.687036,2686.65736262,763.95
_time_112_112_1_112_2__,422090.84293,211698.630386,2686.58670821,764.65
_time_112_112_1_112_2__,422091.908962,211697.575126,2686.52681092,765.3
_time_112_112_1_112_2__,422092.975104,211696.519976,2686.48580959,766
_time_112_112_1_112_2__,422094.041246,211695.464825,2686.46370372,766.7
_time_112_112_1_112_2__,422095.107387,211694.409675,2686.54117687,767.4
_time_112_112_1_112_2__,422096.173529,211693.354525,2686.66541433,768.05
_time_112_112_1_112_2__,422097.23967,211692.299374,2686.8076466,768.75
_time_112_112_1_112_2__,422098.305812,211691.244224,2686.96787334,769.45
_time_112_112_1_112_2__,422099.371953,211690.189073,2687.1460949,770.15
_time_112_112_1_112_2__,422100.438095,211689.133923,2687.08906957,770.8
_time_112_112_1_112_2__,422101.504236,211688.078773,2686.96929136,771.5
_time_112_112_1_112_2__,422102.570378,211687.023622,2686.88279985,772.2
_time_112_112_1_112_2__,422103.636519,211685.968472,2686.82959519,772.8
_time_112_112_1_112_2__,422104.702661,211684.913322,2686.81732275,773.3
_time_112_112_1_112_2__,422105.768802,211683.858171,2686.86587215,773.55
_time_112_112_1_112_2__,422106.834944,211682.803021,2686.9237638,773.5
_time_112_112_1_112_2__,422107.901085,211681.747871,2687.00685675,773.15
_time_112_112_1_112_2__,422108.967227,211680.69272,2687.11515109,772.45
_time_112_112_1_112_2__,422110.033368,211679.63757,2687.1740012,771.55
_time_112_112_1_112_2__,422111.091782,211678.574709,2687.05443821,770.55
_time_112_112_1_112_2__,422112.144557,211677.506222,2686.9645338,769.45
_time_112_112_1_112_2__,422113.197331,211676.437734,2686.90431119,768.35
_time_112_112_1_112_2__,422114.250106,211675.369246,2686.87377037,767.25
_time_112_112_1_112_2__,422115.30288,211674.300759,2686.96193737,766.15
_time_112_112_1_112_2__,422116.355655,211673.232271,2687.09483417,765.05
_time_112_112_1_112_2__,422117.40843,211672.163784,2687.24304407,763.95
_time_112_112_1_112_2__,422118.461204,211671.095296,2687.40656742,762.85
_time_112_112_1_112_2__,422119.513979,211670.026808,2687.58540402,761.75
_time_112_112_1_112_2__,422120.566753,211668.958321,2687.51557004,760.7
_time_112_112_1_112_2__,422121.619528,211667.889833,2687.43777789,759.6
_time_112_112_1_112_2__,422122.672302,211666.821346,2687.38248333,758.5
_time_112_112_1_112_2__,422123.725077,211665.752858,2687.34968625,757.4
_time_112_112_1_112_2__,422124.750822,211664.658616,2687.39098055,756.3
_time_112_112_1_112_2__,422125.76724,211663.555486,2687.53389045,755.2
_time_112_112_1_112_2__,422126.783657,211662.452356,2687.68416584,754.1
_time_112_112_1_112_2__,422127.800074,211661.349226,2687.84611352,753.1
_time_112_112_1_112_2__,422128.816492,211660.246096,2688.01973348,752.25
_time_112_112_1_112_2__,422129.832909,211659.142966,2687.99542125,751.75
_time_112_112_1_112_2__,422130.849327,211658.039836,2687.86682177,751.35
_time_112_112_1_112_2__,422357.688356,211407.523315,2664.04730544,329.85
_time_112_112_1_112_2__,422358.658384,211406.37918,2663.55975742,330.1
_time_112_112_1_112_2__,422359.628412,211405.235044,2662.90794363,330.3
_time_112_112_1_112_2__,422360.59844,211404.090909,2663.03661812,330.8
_time_112_112_1_112_2__,422361.568468,211402.946773,2663.31756072,331.25
_time_112_112_1_112_2__,422362.538496,211401.802638,2663.42535009,331.7
_time_112_112_1_112_2__,422363.508524,211400.658502,2663.35998677,332.2
_time_112_112_1_112_2__,422364.478551,211399.514367,2663.06351415,332.65
_time_112_112_1_112_2__,422365.448579,211398.370232,2662.81993999,333.15
_time_112_112_1_112_2__,422366.418607,211397.226096,2662.55723703,333.65
_time_112_112_1_112_2__,422367.388635,211396.081961,2662.11253719,334.2
_time_112_112_1_112_2__,422368.358663,211394.937825,2661.52120443,334.8
_time_112_112_1_112_2__,422369.328691,211393.79369,2661.55516553,335.5
_time_112_112_1_112_2__,422370.342409,211392.690445,2661.75114453,336.4
_time_112_112_1_112_2__,422371.419876,211391.646861,2661.85953115,337.5
_time_112_112_1_112_2__,422372.497342,211390.603278,2661.77632605,338.95
_time_112_112_1_112_2__,422373.574808,211389.559694,2661.39372447,340.7
_time_112_112_1_112_2__,422374.652274,211388.51611,2660.94425133,342.7
_time_112_112_1_112_2__,422375.72974,211387.472527,2660.6792434,344.8
_time_112_112_1_112_2__,422376.807206,211386.428943,2660.27728549,347
_time_112_112_1_112_2__,422377.884673,211385.38536,2659.67921166,349.2
_time_112_112_1_112_2__,422378.962139,211384.341776,2659.35303494,351.4
_time_112_112_1_112_2__,422380.039605,211383.298192,2659.42939542,353.6
_time_112_112_1_112_2__,422381.117071,211382.254609,2659.61374224,355.85
_time_112_112_1_112_2__,422382.194537,211381.211025,2659.57950719,358.05
_time_112_112_1_112_2__,422383.272003,211380.167442,2659.32668969,360.25
_time_112_112_1_112_2__,422384.34947,211379.123858,2658.77076022,362.45
_time_112_112_1_112_2__,422385.426936,211378.080275,2658.42804979,364.65
_time_112_112_1_112_2__,422386.504402,211377.036691,2658.06420897,366.85
_time_112_112_1_112_2__,422387.581868,211375.993107,2657.47548288,369.05
_time_112_112_1_112_2__,422388.659334,211374.949524,2656.69861152,371.25
_time_112_112_1_112_2__,422389.7368,211373.90594,2656.65546359,373.5
_time_112_112_1_112_2__,422390.814267,211372.862357,2656.88019886,375.75
_time_112_112_1_112_2__,422391.891733,211371.818773,2656.93072153,378.1
_time_112_112_1_112_2__,422392.969199,211370.77519,2656.73567109,380.5
_time_112_112_1_112_2__,422394.046665,211369.731606,2656.25258621,383.05
_time_112_112_1_112_2__,422395.124131,211368.688022,2655.74326761,385.7
_time_112_112_1_112_2__,422396.201597,211367.644439,2655.4690333,388.35
_time_112_112_1_112_2__,422397.279063,211366.600855,2654.9636108,391.1
_time_112_112_1_112_2__,422398.35653,211365.557272,2654.22699999,393.85
_time_112_112_1_112_2__,422399.433996,211364.513688,2653.73173277,396.6
_time_112_112_1_112_2__,422400.511462,211363.470105,2653.99145517,399.35
_time_112_112_1_112_2__,422401.588928,211362.426521,2654.26645752,402.15
_time_112_112_1_112_2__,422402.673562,211361.390418,2654.31620168,404.9
_time_112_112_1_112_2__,422403.76212,211360.358409,2654.14305974,407.35
_time_112_112_1_112_2__,422404.850677,211359.3264,2653.6734172,409.55
_time_112_112_1_112_2__,422405.939235,211358.294391,2653.46464751,410.75
_time_112_112_1_112_2__,422407.027792,211357.262382,2653.10604324,411.8
_time_112_112_1_112_2__,422503.904157,211265.935012,2647.80257308,497.2
_time_112_112_1_112_2__,422504.855049,211264.774924,2647.83928181,496.2
_time_112_112_1_112_2__,422505.805941,211263.614836,2648.085418,495
_time_112_112_1_112_2__,422506.756833,211262.454748,2648.36074818,492.75
_time_112_112_1_112_2__,422507.707725,211261.29466,2648.67755302,490.2
_time_112_112_1_112_2__,422508.658617,211260.134572,2649.03583254,487.3
_time_112_112_1_112_2__,422509.609509,211258.974483,2648.99495286,484.25
_time_112_112_1_112_2__,422510.560401,211257.814395,2648.85488656,481.1
_time_112_112_1_112_2__,422511.511293,211256.654307,2648.73381296,477.8
_time_112_112_1_112_2__,422512.462185,211255.494219,2648.65246887,474.45
_time_112_112_1_112_2__,422513.413077,211254.334131,2648.86029978,471.05
_time_112_112_1_112_2__,422514.363968,211253.174043,2649.23326705,467.7
_time_112_112_1_112_2__,422515.306553,211252.007207,2649.57853148,464.45
_time_112_112_1_112_2__,422516.247067,211250.838689,2649.94610958,461.1
_time_112_112_1_112_2__,422517.187581,211249.670172,2650.22132075,457.6
_time_112_112_1_112_2__,422518.128096,211248.501654,2650.17372767,453.8
_time_112_112_1_112_2__,422519.06861,211247.333137,2650.09975417,449.3
_time_112_112_1_112_2__,422520.009124,211246.164619,2649.99969262,444.35
_time_112_112_1_112_2__,422520.949638,211244.996102,2649.93154075,439
_time_112_112_1_112_2__,422521.90688,211243.841325,2650.3998111,433.4
_time_112_112_1_112_2__,422522.870487,211242.691777,2650.84909041,427.75
_time_112_112_1_112_2__,422523.834095,211241.542229,2651.28153766,422.3
_time_112_112_1_112_2__,422524.797702,211240.392681,2651.69715288,417
_time_112_112_1_112_2__,422525.761309,211239.243133,2651.83731938,411.9
_time_112_112_1_112_2__,422526.80907,211238.170006,2651.82418155,407
_time_112_112_1_112_2__,422527.860729,211237.100421,2651.80023344,402.3
_time_112_112_1_112_2__,422528.912388,211236.030836,2651.76547633,397.9
_time_112_112_1_112_2__,422529.964047,211234.96125,2651.73772219,393.8
_time_112_112_1_112_2__,422531.015707,211233.891665,2652.20273887,390
_time_112_112_1_112_2__,422532.067366,211232.82208,2652.66771126,386.35
_time_112_112_1_112_2__,422533.119025,211231.752495,2653.13178291,382.85
_time_112_112_1_112_2__,422534.170685,211230.682909,2653.59495423,379.5
_time_112_112_1_112_2__,422535.222344,211229.613324,2653.88985815,376.3
_time_112_112_1_112_2__,422536.274003,211228.543739,2653.88914974,373.45
_time_112_112_1_112_2__,422537.325663,211227.474153,2653.88754058,370.8
_time_112_112_1_112_2__,422538.377322,211226.404568,2653.88503066,368.45
_time_112_112_1_112_2__,422539.428981,211225.334983,2653.88162,366.2
_time_112_112_1_112_2__,422540.48064,211224.265397,2654.23630327,364.05
_time_112_112_1_112_2__,422541.5323,211223.195812,2654.75981113,361.85
_time_112_112_1_112_2__,422542.583959,211222.126227,2655.28872347,359.65
_time_112_112_1_112_2__,422543.635618,211221.056641,2655.82304081,357.45
_time_112_112_1_112_2__,422544.687278,211219.987056,2656.35636082,355.3
_time_112_112_1_112_2__,422545.738937,211218.917471,2656.36010742,353.1
_time_112_112_1_112_2__,422546.790596,211217.847886,2656.36010742,350.95
_time_112_112_1_112_2__,422547.842256,211216.7783,2656.36010742,348.8
_time_112_112_1_112_2__,422548.893915,211215.708715,2656.36010742,346.6
_time_112_112_1_112_2__,422549.945574,211214.63913,2656.57084986,344.45
_time_112_112_1_112_2__,422550.997233,211213.569544,2657.19946947,342.3
_time_112_112_1_112_2__,422552.048893,211212.499959,2657.8344488,340.1
_time_112_112_1_112_2__,422553.100552,211211.430374,2658.47573336,337.95
_time_112_112_1_112_2__,422554.152211,211210.360788,2659.12332378,335.8
_time_112_112_1_112_2__,422555.203871,211209.291203,2659.34998194,333.6
_time_112_112_1_112_2__,422556.25553,211208.221618,2659.34830966,331.45
_time_112_112_1_112_2__,422557.307189,211207.152033,2659.34483588,329.3
_time_112_112_1_112_2__,422558.358848,211206.082447,2659.3395606,328.2
_time_112_112_1_112_2__,422559.410508,211205.012862,2659.33248382,327.15
time_116_,422507.493535,211301.551591,2644.69594408,501.5
time_116_,422508.821965,211302.248207,2644.48473358,500.75
time_116_,422510.150395,211302.944823,2644.23636423,499.85
time_116_,422511.478825,211303.641438,2644.0184486,498.1
time_116_,422512.807255,211304.338054,2643.83754894,495.85
time_116_,422514.135685,211305.03467,2643.70061048,493.05
time_116_,422515.465246,211305.729118,2643.65464189,489.85
time_116_,422516.796786,211306.41977,2643.5532633,486.4
time_116_,422518.128326,211307.110423,2643.49382497,482.65
time_116_,422519.459866,211307.801075,2643.47632679,478.55
time_116_,422520.791407,211308.491728,2643.46497497,474.3
time_116_,422522.122947,211309.18238,2643.40426649,469.8
time_116_,422523.454487,211309.873033,2643.30161786,465.05
time_116_,422524.786027,211310.563685,2643.05910382,460.25
time_116_,422526.117567,211311.254337,2642.88776048,455.5
time_116_,422527.449107,211311.94499,2642.68709422,450.9
time_116_,422528.780648,211312.635642,2642.4385965,446.55
time_116_,422530.112188,211313.326295,2642.14724066,442.35
time_116_,422531.443728,211314.016947,2641.9131652,438.3
time_116_,422532.775268,211314.7076,2641.72543029,434.25
time_116_,422534.106808,211315.398252,2641.6691628,430
time_116_,422535.438348,211316.088905,2641.61603031,425.4
time_116_,422536.769889,211316.779557,2641.51402104,420.3
time_116_,422538.101429,211317.470209,2641.45908906,414.7
time_116_,422539.432969,211318.160862,2641.45123439,408.55
time_116_,422540.764509,211318.851514,2641.43756359,401.9
time_116_,422542.096049,211319.542167,2641.35763275,394.8
time_116_,422543.427589,211320.232819,2641.17835953,387.5
time_116_,422544.75913,211320.923472,2640.91217774,380.05
time_116_,422546.09067,211321.614124,2640.74110755,372.85
time_116_,422547.42221,211322.304777,2640.54072819,366.1
time_116_,422548.75375,211322.995429,2640.29178101,360.05
time_116_,422550.046477,211323.738712,2639.98658602,354.95
time_116_,422551.099729,211324.806729,2639.68796815,350.85
time_116_,422552.152981,211325.874747,2639.70565527,347.65
time_116_,422553.206233,211326.942764,2639.73191482,345.15
time_116_,422554.259485,211328.010781,2639.69876606,343.1
time_116_,422555.312737,211329.078798,2639.63205721,341.3
time_116_,422556.365989,211330.146815,2639.61412493,339.55
time_116_,422557.419241,211331.214832,2639.38777819,337.85
time_116_,422558.472492,211332.282849,2639.09303727,336.1
time_116_,422559.525744,211333.350866,2638.72990205,333.85
time_116_,422560.578996,211334.418883,2638.36700154,331.1
time_116_,422561.632248,211335.4869,2638.25981023,327.8
time_116_,422562.6855,211336.554917,2638.31936755,326.2
time_116_,422563.738752,211337.622934,2638.31053061,324.05
time_120_,422099.906283,211678.179428,2687.51487296,747.45
time_120_,422101.306459,211678.717487,2687.46906735,746.7
time_120_,422102.706635,211679.255546,2687.39123396,745.9
time_120_,422104.106811,211679.793605,2687.28386877,744.35
time_120_,422105.506987,211680.331664,2687.17220504,742.65
time_120_,422106.907163,211680.869722,2687.11355214,740.75
time_120_,422108.307339,211681.407781,2687.03802174,738.8
time_120_,422109.655412,211682.053449,2686.93274697,736.9
time_120_,422110.945849,211682.818152,2686.79513572,735
time_120_,422112.236286,211683.582856,2686.67809286,733.05
time_120_,422113.526724,211684.347559,2686.58708855,731.15
time_120_,422114.817161,211685.112263,2686.53025921,729.25
time_120_,422116.107598,211685.876967,2686.48984801,727.3
time_120_,422117.398036,211686.64167,2686.45916885,725.4
time_120_,422118.688473,211687.406374,2686.44585514,723.5
time_120_,422119.97891,211688.171077,2686.44990679,721.55
time_120_,422121.269348,211688.935781,2686.43925204,719.65
time_120_,422122.559785,211689.700484,2686.41098284,717.75
time_120_,422123.850222,211690.465188,2686.30662327,715.8
time_120_,422125.140659,211691.229892,2686.17726022,713.9
time_120_,422126.431097,211691.994595,2686.05864626,711.95
time_120_,422127.721534,211692.759299,2685.91239403,710
time_120_,422129.011971,211693.524002,2685.73850379,708
time_120_,422130.302409,211694.288706,2685.55272805,705.9
time_120_,422131.592846,211695.05341,2685.43248002,703.7
time_120_,422132.883283,211695.818113,2685.4541824,701.45
time_120_,422134.173721,211696.582817,2685.44824663,699.15
time_120_,422135.464158,211697.34752,2685.41073068,696.75
time_120_,422136.754595,211698.112224,2685.37827427,694.4
time_120_,422138.045032,211698.876928,2685.37659761,691.95
time_120_,422139.33547,211699.641631,2685.40570063,689.55
time_120_,422140.625907,211700.406335,2685.29001472,687.1
time_120_,422141.916344,211701.171038,2685.04149188,684.65
time_120_,422143.206782,211701.935742,2684.82374853,682.2
time_120_,422144.497219,211702.700445,2684.63678514,679.7
time_120_,422145.787656,211703.465149,2684.44486861,677.25
time_120_,422147.078094,211704.229853,2684.20435657,674.75
time_120_,422148.368531,211704.994556,2683.92437273,672.3
time_120_,422149.658968,211705.75926,2683.86486033,669.8
time_120_,422150.949405,211706.523963,2683.8834689,667.35
time_120_,422152.239843,211707.288667,2683.88635137,664.85
time_120_,422153.530319,211708.053304,2683.84975742,662.35
time_120_,422154.820812,211708.817915,2683.77369226,659.85
time_120_,422156.111304,211709.582526,2683.74831611,657.35
time_120_,422157.401796,211710.347137,2683.67956732,654.85
time_120_,422158.692288,211711.111748,2683.46910761,652.35
time_120_,422159.98278,211711.876359,2683.212877,650.05
time_120_,422161.273272,211712.64097,2682.913159,648.05
time_120_,422162.563764,211713.405581,2682.66257557,646.35
time_120_,422163.854257,211714.170192,2682.46173305,644.85
time_120_,422165.144749,211714.934803,2682.29115614,643.6
time_120_,422166.435241,211715.699414,2682.12970568,642.4
time_120_,422167.725733,211716.464025,2682.0340592,641.2
time_120_,422169.016225,211717.228636,2681.99287528,639.95
time_120_,422170.306717,211717.993247,2681.99780358,638.75
time_120_,422171.597209,211718.757858,2681.96300432,637.5
time_120_,422172.887702,211719.522469,2681.87374237,636.3
time_120_,422174.178194,211720.28708,2681.6635891,635.05
time_120_,422175.468686,211721.051692,2681.39966834,633.85
time_120_,422176.703025,211721.899651,2681.15965096,633.25
time_120_,422177.896384,211722.808439,2680.8436095,632.6
_time124_124_1__,421605.579647,211735.758962,2699.83638314,46.3
_time124_124_1__,421606.762274,211736.681671,2699.48657615,46.6
_time124_124_1__,421607.944902,211737.604381,2699.36200396,46.95
_time124_124_1__,421609.127529,211738.52709,2699.46266669,47.7
_time124_124_1__,421610.310156,211739.449799,2699.66374166,48.45
_time124_124_1__,421611.492784,211740.372508,2699.0299875,49.25
_time124_124_1__,421612.675411,211741.295218,2697.85997401,50.2
_time124_124_1__,421613.858039,211742.217927,2696.91519575,51.35
_time124_124_1__,421615.040666,211743.140636,2696.19206385,52.55
_time124_124_1__,421616.223293,211744.063346,2695.37621511,53.8
_time124_124_1__,421617.405921,211744.986055,2694.3656943,55.15
_time124_124_1__,421618.588548,211745.908764,2694.12034468,56.4
_time124_124_1__,421619.771176,211746.831473,2694.08145353,57.65
_time124_124_1__,421620.953803,211747.754183,2694.19398432,58.8
_time124_124_1__,421622.13643,211748.676892,2694.1391331,59.85
_time124_124_1__,421623.319058,211749.599601,2693.88960943,60.8
_time124_124_1__,421624.501685,211750.522311,2693.21930943,61.7
_time124_124_1__,421625.684313,211751.44502,2692.63206984,62.55
_time124_124_1__,421626.86694,211752.367729,2692.06895815,63.35
_time124_124_1__,421628.049567,211753.290438,2691.34958026,64.1
_time124_124_1__,421629.248939,211754.19126,2690.48307245,64.85
_time124_124_1__,421630.448939,211755.09126,2689.71967967,65.6
_time124_124_1__,421631.648939,211755.99126,2689.92778552,66.35
_time124_124_1__,421632.848939,211756.89126,2689.981232,67.15
_time124_124_1__,421634.048939,211757.79126,2689.8800191,67.95
_time124_124_1__,421635.248939,211758.69126,2689.66752699,68.9
_time124_124_1__,421636.448939,211759.59126,2689.64919603,69.85
_time124_124_1__,421637.648939,211760.49126,2689.43101157,70.8
_time124_124_1__,421638.902079,211761.315062,2688.87419278,71.9
_time124_124_1__,421640.161325,211762.130108,2688.16274858,73.15
_time124_124_1__,421641.42057,211762.945153,2687.42161075,74.45
_time124_124_1__,421642.679816,211763.760199,2686.82169448,75.9
_time124_124_1__,421643.939062,211764.575245,2686.36300066,77.3
_time124_124_1__,421645.198308,211765.390291,2686.11703973,78.75
_time124_124_1__,421646.457554,211766.205337,2685.7994104,80.2
_time124_124_1__,421647.7168,211767.020383,2685.62300351,81.65
_time124_124_1__,421648.976046,211767.835429,2685.58781908,83.25
_time124_124_1__,421650.235292,211768.650475,2685.65660974,85
_time124_124_1__,421651.494538,211769.46552,2685.53691789,86.95
_time124_124_1__,421652.753783,211770.280566,2685.08940543,88.95
_time124_124_1__,421654.013029,211771.095612,2684.33503415,91.1
_time124_124_1__,421655.272275,211771.910658,2683.74812544,93.05
_time124_124_1__,421656.531521,211772.725704,2683.23578313,94.85
_time124_124_1__,421657.790767,211773.54075,2682.59863585,96.45
_time124_124_1__,421659.050013,211774.355796,2681.83668361,97.85
_time124_124_1__,421660.309259,211775.170842,2681.20863637,99.1
_time124_124_1__,421661.568505,211775.985888,2681.36560539,100.4
_time124_124_1__,421662.827751,211776.800933,2681.39776932,101.7
_time124_124_1__,421664.086996,211777.615979,2681.30512865,103
_time124_124_1__,421665.346242,211778.431025,2681.13253235,104.3
_time124_124_1__,421666.605488,211779.246071,2681.09890627,105.65
_time124_124_1__,421667.864734,211780.061117,2681.13139326,107.3
_time124_124_1__,421669.12398,211780.876163,2680.69767243,109.3
_time124_124_1__,421670.383226,211781.691209,2680.13206409,111.65
_time124_124_1__,421671.642472,211782.506255,2679.52498491,113.7
_time124_124_1__,421672.901718,211783.3213,2679.02136236,115.45
_time124_124_1__,421674.160964,211784.136346,2678.62119555,116.45
_time124_124_1__,421675.420209,211784.951392,2678.24228964,116.85
_time124_124_1__,421676.679455,211785.766438,2678.02565552,116.55
_time124_124_1__,421677.938701,211786.581484,2677.90821874,116.25
_time124_124_1__,421679.197947,211787.39653,2677.87288943,115.95
_time124_124_1__,421680.457193,211788.211576,2677.89364139,115.6
_time124_124_1__,421681.716439,211789.026622,2677.83892495,115.3
_time124_124_1__,421682.975685,211789.841668,2677.70210104,115
_time124_124_1__,421684.234931,211790.656713,2677.27879691,114.7
_time124_124_1__,421685.494177,211791.471759,2676.91709627,114.4
_time124_124_1__,421686.753422,211792.286805,2676.60040526,114.25
_time124_124_1__,421688.012668,211793.101851,2676.21309294,114.35
_time124_124_1__,421689.271914,211793.916897,2675.75515938,114.6
_time124_124_1__,421690.53116,211794.731943,2675.30772379,115
_time124_124_1__,421691.790406,211795.546989,2675.26035179,115.7
_time124_124_1__,421693.049652,211796.362035,2675.2913442,116.45
_time124_124_1__,421694.308898,211797.17708,2675.25171534,117.3
_time124_124_1__,421695.568144,211797.992126,2675.16572832,118.25
_time124_124_1__,421696.82739,211798.807172,2675.13455831,119.35
_time124_124_1__,421698.086635,211799.622218,2675.16496892,120.5
_time124_124_1__,421699.345881,211800.437264,2675.05944906,121.7
_time124_124_1__,421700.612936,211801.239925,2674.70676595,122.85
_time124_124_1__,421701.891239,211802.024744,2674.33869694,124.05
_time124_124_1__,421703.169542,211802.809562,2674.03082236,125.2
_time124_124_1__,421704.447846,211803.594381,2673.78314165,126.3
_time124_124_1__,421705.726149,211804.3792,2673.51632688,127.45
_time124_124_1__,421707.004453,211805.164019,2673.20694771,128.5
_time124_124_1__,421708.282756,211805.948838,2673.10167051,129.55
_time124_124_1__,421709.561059,211806.733656,2673.05498063,130.5
_time124_124_1__,421710.839363,211807.518475,2673.06597262,131.4
_time124_124_1__,421712.117666,211808.303294,2673.03802127,132.15
_time124_124_1__,421713.395969,211809.088113,2672.95148247,132.9
_time124_124_1__,421714.674273,211809.872932,2672.80635609,133.6
_time124_124_1__,421715.952576,211810.65775,2672.62499919,134.3
_time124_124_1__,421717.230879,211811.442569,2672.40343472,135
_time124_124_1__,421718.509183,211812.227388,2672.11607197,135.7
_time124_124_1__,421719.787486,211813.012207,2671.76291106,136.35
_time124_124_1__,421721.065789,211813.797026,2671.44024937,136.95
_time124_124_1__,421722.344093,211814.581844,2671.18356414,137.45
_time124_124_1__,421723.622396,211815.366663,2671.08663263,137.95
_time124_124_1__,421724.900699,211816.151482,2671.07381802,138.45
_time124_124_1__,421726.179003,211816.936301,2670.95158126,139
_time124_124_1__,421727.457306,211817.72112,2670.88637615,139.6
_time124_124_1__,421728.735609,211818.505938,2670.88698871,140.3
_time124_124_1__,421730.013913,211819.290757,2670.95178458,141.05
_time124_124_1__,421731.292216,211820.075576,2670.8356357,141.85
_time124_124_1__,421732.570519,211820.860395,2670.42849075,142.65
_time124_124_1__,421733.848823,211821.645214,2670.0871635,143.3
_time124_124_1__,421735.127126,211822.430032,2669.81124838,143.9
_time124_124_1__,421736.40543,211823.214851,2669.52157817,144.35
_time124_124_1__,421737.683733,211823.99967,2669.15966326,144.7
_time124_124_1__,421738.962036,211824.784489,2668.72550356,145.05
_time124_124_1__,421740.24034,211825.569308,2668.56753623,145.4
_time124_124_1__,421741.518643,211826.354126,2668.63970938,145.85
_time124_124_1__,421742.796946,211827.138945,2668.63963792,146.25
_time124_124_1__,421744.074893,211827.924344,2668.56737847,146.45
_time124_124_1__,421745.35247,211828.710345,2668.45487773,146.7
_time124_124_1__,422056.303412,212021.027005,2651.03799867,244.05
_time124_124_1__,422057.643444,212021.701034,2650.97375235,242.05
_time124_124_1__,422058.983476,212022.375062,2650.85965257,240.05
_time124_124_1__,422060.323508,212023.04909,2650.70625588,236.1
_time124_124_1__,422061.66354,212023.723118,2650.59672956,232.1
_time124_124_1__,422063.003573,212024.397146,2650.53490448,228.15
_time124_124_1__,422064.343605,212025.071174,2650.52130885,224.15
_time124_124_1__,422065.683637,212025.745202,2650.43159278,220.2
_time124_124_1__,422067.023669,212026.41923,2650.29972939,216.2
_time124_124_1__,422068.363701,212027.093259,2650.22278252,212.35
_time124_124_1__,422069.703733,212027.767287,2650.20075202,208.55
_time124_124_1__,422071.043765,212028.441315,2650.17390047,204.9
_time124_124_1__,422072.387658,212029.107333,2650.08619862,201.3
_time124_124_1__,422073.749676,212029.73575,2649.94001722,197.85
_time124_124_1__,422075.111694,212030.364166,2649.76876701,194.35
_time124_124_1__,422076.473712,212030.992583,2649.73629771,190.9
_time124_124_1__,422077.835729,212031.621,2649.64358006,187.45
_time124_124_1__,422079.197747,212032.249417,2649.49061396,184
_time124_124_1__,422080.465472,212033.036763,2649.27950092,180.65
_time124_124_1__,422081.6698,212033.930963,2649.11753529,177.35
_time124_124_1__,422082.874128,212034.825164,2649.02880792,174.2
_time124_124_1__,422084.078456,212035.719364,2649.0433514,171.25
_time124_124_1__,422085.282783,212036.613564,2648.98401502,168.6
_time124_124_1__,422086.487111,212037.507765,2648.88067397,166.2
_time124_124_1__,422087.691439,212038.401965,2648.8583115,164.05
_time124_124_1__,422088.895767,212039.296166,2648.91692776,162.05
_time124_124_1__,422090.100095,212040.190366,2648.96765709,160.05
_time124_124_1__,422091.304422,212041.084567,2648.63279325,158.35
_time124_124_1__,422092.50875,212041.978767,2648.378908,156.9
_time124_124_1__,422093.713078,212042.872968,2648.20600129,155.75
_time124_124_1__,422094.917406,212043.767168,2648.11407326,154.85
_time124_124_1__,422096.121734,212044.661369,2647.89778501,154.25
_time124_124_1__,422097.326062,212045.555569,2647.68590007,153.6
_time124_124_1__,422098.530389,212046.44977,2647.5936776,152.4
_time124_124_1__,422099.734717,212047.34397,2647.59191951,150.6
_time124_124_1__,422100.939045,212048.238171,2647.62239685,148.25
_time124_124_1__,422102.143373,212049.132371,2647.5658864,145.25
_time124_124_1__,422103.347701,212050.026572,2647.41591344,141.7
_time124_124_1__,422104.552028,212050.920772,2647.17074038,138.1
_time124_124_1__,422105.756356,212051.814973,2647.06120521,134.55
_time124_124_1__,422106.960684,212052.709173,2646.92371646,131
_time124_124_1__,422108.165012,212053.603374,2646.69835006,127.6
_time124_124_1__,422109.36934,212054.497574,2646.38510618,124.45
_time124_124_1__,422110.573668,212055.391775,2646.25068535,121.4
_time124_124_1__,422111.777995,212056.285975,2646.34898633,118.55
_time124_124_1__,422112.982323,212057.180176,2646.35940983,115.8
_time124_124_1__,422114.186651,212058.074376,2646.28195565,112.95
_time124_124_1__,422115.390979,212058.968577,2646.16396251,110
_time124_124_1__,422116.595307,212059.862777,2646.17126278,107
_time124_124_1__,422117.799634,212060.756978,2646.18140464,103.9
_time124_124_1__,422119.003962,212061.651178,2646.11634147,100.75
_time124_124_1__,422120.20829,212062.545379,2645.97648774,97.6
_time124_124_1__,422121.412618,212063.439579,2645.84508742,94.45
_time124_124_1__,422122.616946,212064.333779,2645.79897755,91.35
_time124_124_1__,422123.821274,212065.22798,2645.82909587,88.3
_time124_124_1__,422125.025601,212066.12218,2645.81689133,85.25
_time124_124_1__,422126.229929,212067.016381,2645.70263273,82.3
_time124_124_1__,422127.434279,212067.910552,2645.65729684,79.4
_time124_124_1__,422128.638644,212068.804702,2645.68088342,76.55
_time124_124_1__,422129.843009,212069.698852,2645.77339471,73.85
_time124_124_1__,422131.047375,212070.593002,2645.70437882,71.25
_time124_124_1__,422132.25174,212071.487152,2645.64724428,69
_time124_124_1__,422133.456105,212072.381302,2645.65903444,67.05
_time124_124_1__,422134.660471,212073.275452,2645.73974927,65.4
_time124_124_1__,422135.864836,212074.169602,2645.8128184,64.1
_time124_124_1__,422137.069201,212075.063752,2645.80810322,63.05
_time124_124_1__,422138.273566,212075.957902,2645.72478443,62.1
_time124_124_1__,422139.477932,212076.852052,2645.70092547,61.25
_time124_124_1__,422140.682297,212077.746202,2645.7272514,60.8
_time124_124_1__,422141.886662,212078.640352,2645.7127951,60.4
time_62_,421639.465092,211747.690968,2690.85425496,54
time_62_,421640.894381,211748.146086,2690.74146498,54.9
time_62_,421642.32367,211748.601203,2690.53293304,55.8
time_62_,421643.752959,211749.056321,2690.24165381,57.65
time_62_,421645.182249,211749.511439,2689.9150786,59.5
time_62_,421646.611538,211749.966557,2689.9169903,61.4
time_62_,421648.040827,211750.421674,2689.67751208,63.35
time_62_,421649.470117,211750.876792,2689.33968124,65.3
time_62_,421650.899406,211751.33191,2688.81613102,67.35
time_62_,421652.328695,211751.787027,2688.27275387,69.45
time_62_,421653.757984,211752.242145,2687.80014282,71.55
time_62_,421655.187274,211752.697263,2687.39528581,73.65
time_62_,421656.616563,211753.15238,2686.96264307,75.75
time_62_,421658.045852,211753.607498,2686.46182496,77.85
time_62_,421659.475142,211754.062616,2685.89283169,79.9
time_62_,421660.904431,211754.517734,2685.44901756,82
time_62_,421662.33372,211754.972851,2685.1554477,84.5
time_62_,421663.763009,211755.427969,2685.16763405,87.4
time_62_,421665.192299,211755.883087,2685.10379545,90.7
time_62_,421666.621588,211756.338204,2684.86914874,94.45
time_62_,421668.050877,211756.793322,2684.6938216,98.5
time_62_,421669.480167,211757.24844,2684.5778139,102.45
time_62_,421670.909456,211757.703558,2684.50424393,106.2
time_62_,421672.338745,211758.158675,2684.38327929,109.7
time_62_,421673.768034,211758.613793,2684.20299527,112.85
time_62_,421675.197324,211759.068911,2683.99265095,115.7
time_62_,421676.626613,211759.524028,2683.96903111,118.35
time_62_,421678.055902,211759.979146,2683.99745089,120.85
time_62_,421679.485192,211760.434264,2683.72789833,123.15
time_62_,421680.914481,211760.889382,2683.27331892,125.5
time_62_,421682.34377,211761.344499,2682.78606113,127.8
time_62_,421683.77306,211761.799617,2682.35084222,130.2
time_62_,421685.202349,211762.254735,2681.97145071,132.75
time_62_,421686.631638,211762.709852,2681.60736137,135.4
time_62_,421688.060927,211763.16497,2681.19071106,138.1
time_62_,421689.490217,211763.620088,2680.72150008,140.75
time_62_,421690.919506,211764.075205,2680.31744304,143.4
time_62_,421692.348795,211764.530323,2680.01160475,145.85
time_62_,421693.778085,211764.985441,2679.75728517,148.2
time_62_,421695.207374,211765.440559,2679.71784898,150.45
time_62_,421696.636663,211765.895676,2679.52158232,152.65
time_62_,421698.065952,211766.350794,2679.36955442,154.8
time_62_,421699.495242,211766.805912,2679.26176516,156.95
time_62_,421700.924531,211767.261029,2679.21323996,159.1
time_62_,421702.35382,211767.716147,2679.14430249,161.2
time_62_,421703.78311,211768.171265,2679.03112616,163.35
time_62_,421705.212399,211768.626383,2678.89150015,165.55
time_62_,421706.641688,211769.0815,2678.85647687,167.75
time_62_,421708.070977,211769.536618,2678.85892059,169.95
time_62_,421709.500267,211769.991736,2678.89883131,172.25
time_62_,421710.929556,211770.446853,2678.55013646,174.55
time_62_,421712.358845,211770.901971,2678.16154518,176.85
time_62_,421713.788135,211771.357089,2677.81042078,179.2
time_62_,421715.217424,211771.812206,2677.50805527,181.55
time_62_,421716.646713,211772.267324,2677.26801914,183.85
time_62_,421718.076002,211772.722442,2676.99935869,186.1
time_62_,421719.505292,211773.17756,2676.70207384,188.3
time_62_,421720.934581,211773.632677,2676.42020104,190.35
time_62_,421722.36387,211774.087795,2676.18249765,192.2
time_62_,421723.79316,211774.542913,2675.97601039,193.95
time_62_,421725.222449,211774.99803,2675.7798495,195.45
time_62_,421726.651738,211775.453148,2675.65886571,196.8
time_62_,421728.081027,211775.908266,2675.56305683,198
time_62_,421729.510317,211776.363384,2675.49170498,199.05
time_62_,421730.939606,211776.818501,2675.46888549,200
time_62_,421732.368895,211777.273619,2675.44253516,200.85
time_62_,421733.798185,211777.728737,2675.3917277,201.6
time_62_,421735.227474,211778.183854,2675.32263863,202.3
time_62_,421736.656763,211778.638972,2675.28947229,203
time_62_,421738.086053,211779.09409,2675.27973393,203.7
time_62_,421739.515342,211779.549208,2675.29342358,204.35
time_62_,421740.944631,211780.004325,2675.24337667,205
time_62_,421742.37392,211780.459443,2674.95311595,205.65
time_62_,421743.80321,211780.914561,2674.68628316,206.3
time_62_,421745.232499,211781.369678,2674.45170919,206.95
time_62_,421746.661788,211781.824796,2674.25727201,207.6
time_62_,421748.091078,211782.279914,2674.03681497,208.3
time_62_,421749.520367,211782.735031,2673.79033857,209
time_62_,421750.949656,211783.190149,2673.54887531,209.75
time_62_,421752.378945,211783.645267,2673.33733943,210.55
time_62_,421753.808235,211784.100385,2673.14817702,211.45
time_62_,421755.237524,211784.555502,2672.96113003,212.35
time_62_,421756.666813,211785.01062,2672.67043083,213.35
time_62_,421758.096103,211785.465738,2672.55369615,214.4
time_62_,421759.525392,211785.920855,2672.46350218,215.45
time_62_,421760.954681,211786.375973,2672.44363179,216.55
time_62_,421762.38397,211786.831091,2672.42779985,217.75
time_62_,421763.81326,211787.286209,2672.38542715,219
time_62_,421765.242549,211787.741326,2672.31912134,220.4
time_62_,421766.671838,211788.196444,2672.26977306,221.95
time_62_,421768.101128,211788.651562,2672.24644455,223.65
time_62_,421769.530417,211789.106679,2672.24913579,225.5
time_62_,421770.959706,211789.561797,2672.19869815,227.5
time_62_,421772.388995,211790.016915,2672.08471288,229.65
time_62_,421773.818285,211790.472033,2671.78130874,231.95
time_62_,421775.247574,211790.92715,2671.51968451,234.35
time_62_,421776.676863,211791.382268,2671.32938782,236.75
time_62_,421778.106153,211791.837386,2671.11411309,239.15
time_62_,421779.535442,211792.292503,2670.87386082,241.55
time_62_,421780.964731,211792.747621,2670.61693304,243.95
time_62_,421782.39402,211793.202739,2670.38129917,246.3
time_62_,421783.82331,211793.657856,2670.17116452,248.65
time_62_,421785.252599,211794.112974,2669.97346912,251
time_62_,421786.681888,211794.568092,2669.71257809,253.3
time_62_,421788.111178,211795.02321,2669.43987374,255.55
time_62_,421789.540467,211795.478327,2669.35510281,257.75
time_62_,421790.969756,211795.933445,2669.34321933,259.9
time_62_,421792.399045,211796.388563,2669.34069272,261.95
time_62_,421793.828335,211796.84368,2669.31631349,264
time_62_,421795.257624,211797.298798,2669.2697268,266
time_62_,421796.686913,211797.753916,2669.2239351,268
time_62_,421798.116203,211798.209034,2669.19740413,270
time_62_,421799.545492,211798.664151,2669.19013389,272
time_62_,421800.974781,211799.119269,2669.15538804,273.95
time_62_,421802.404071,211799.574387,2669.08571457,275.95
time_62_,421803.83336,211800.029504,2668.98649801,277.95
time_62_,421805.262649,211800.484622,2668.75587342,279.95
time_62_,421806.691938,211800.93974,2668.5913276,281.95
time_62_,421808.121228,211801.394857,2668.40752137,283.95
time_62_,421809.550517,211801.849975,2668.20445406,285.9
time_62_,421810.979806,211802.305093,2667.98072616,287.7
time_62_,421812.409096,211802.760211,2667.76779298,289.3
time_62_,421813.838385,211803.215328,2667.57202461,290.15
time_62_,421815.267674,211803.670446,2667.38475043,290.9
time_67_,422643.971964,211299.220869,2637.40193307,171.75
time_67_,422644.956232,211298.088961,2637.27412959,171.5
time_67_,422645.9405,211296.957053,2637.17041229,171.25
time_67_,422646.924768,211295.825144,2636.99034197,171.05
time_67_,422647.909036,211294.693236,2636.91078856,170.8
time_67_,422648.837864,211293.516718,2637.36092034,170.55
time_67_,422649.732918,211292.313025,2637.90461899,170.25
time_67_,422650.627972,211291.109331,2638.46841667,169.9
time_67_,422651.523026,211289.905638,2638.9026106,169.35
time_67_,422652.41808,211288.701944,2638.65970991,168.7
time_67_,422653.313134,211287.498251,2638.48660693,168.05
time_67_,422654.208189,211286.294557,2638.38330149,167.4
time_67_,422655.103243,211285.090864,2638.32901257,166.75
time_67_,422655.998297,211283.88717,2638.55587287,166.1
time_67_,422656.893351,211282.683477,2638.90313729,165.55
time_67_,422657.810142,211281.496602,2639.33118837,165
time_67_,422658.750656,211280.328085,2639.84054622,164.65
time_67_,422659.69117,211279.159567,2639.84860978,164.3
time_67_,422660.631684,211277.99105,2639.54174735,163.95
time_67_,422661.572198,211276.822532,2639.27992481,163.55
time_67_,422662.512712,211275.654015,2639.10250271,163.15
time_67_,422663.453226,211274.485497,2639.21819046,162.8
time_67_,422664.393741,211273.31698,2639.57341173,162.5
_time_78_78_1__,422877.737406,211532.186959,2482.00845251,161.6
_time_78_78_1__,422878.421782,211533.521736,2480.05687878,162.6
_time_78_78_1__,422879.106159,211534.856512,2477.88970812,164.55
_time_78_78_1__,422879.790535,211536.191289,2477.9569648,166.5
_time_78_78_1__,422880.474911,211537.526066,2478.50882088,168.5
_time_78_78_1__,422881.159288,211538.860843,2478.90977751,170.45
_time_78_78_1__,422881.843664,211540.195619,2478.79409064,172.45
_time_78_78_1__,422882.528041,211541.530396,2476.95690648,174.1
_time_78_78_1__,422883.212417,211542.865173,2475.33532064,175.45
_time_78_78_1__,422883.896794,211544.19995,2473.92933247,176.55
_time_78_78_1__,422884.58117,211545.534726,2473.21296503,177.6
_time_78_78_1__,422885.265546,211546.869503,2473.10016361,178.7
_time_78_78_1__,422885.949923,211548.20428,2473.0057188,179.75
_time_78_78_1__,422886.634299,211549.539056,2473.10858428,180.7
_time_78_78_1__,422887.318676,211550.873833,2472.28937641,181.5
_time_78_78_1__,422888.003052,211552.20861,2470.76866639,182.15
_time_78_78_1__,422888.687429,211553.543387,2469.07257322,182.8
_time_78_78_1__,422889.371805,211554.878163,2467.20109867,183.45
_time_78_78_1__,422890.056181,211556.21294,2467.32564593,184.1
_time_78_78_1__,422890.740558,211557.547717,2467.79173548,184.75
_time_78_78_1__,422891.424934,211558.882493,2468.08244198,185.35
_time_78_78_1__,422892.109311,211560.21727,2467.8968531,185.8
_time_78_78_1__,422892.793687,211561.552047,2466.19209889,186.2
_time_78_78_1__,422893.478064,211562.886824,2464.66272729,186.6
_time_78_78_1__,422894.16244,211564.2216,2463.30873975,187
_time_78_78_1__,422894.846816,211565.556377,2462.60800622,187.4
_time_78_78_1__,422895.531193,211566.891154,2462.47392059,187.8
_time_78_78_1__,422896.215569,211568.225931,2462.43532733,187.85
_time_78_78_1__,422896.899946,211569.560707,2462.53632648,187.65
_time_78_78_1__,422897.584322,211570.895484,2461.73150111,187.1
_time_78_78_1__,422898.268699,211572.230261,2460.32934672,186.55
_time_78_78_1__,422898.953075,211573.565037,2458.79857345,186
_time_78_78_1__,422899.637451,211574.899814,2457.13917915,185.6
_time_78_78_1__,422900.321828,211576.234591,2457.30650888,184.6
_time_78_78_1__,422901.006204,211577.569368,2457.62231818,182.95
_time_78_78_1__,422901.690581,211578.904144,2457.80950695,180.5
_time_78_78_1__,422902.374957,211580.238921,2457.62351377,178.55
_time_78_78_1__,422903.059334,211581.573698,2456.33881157,177
_time_78_78_1__,422903.74371,211582.908474,2455.18273046,175.95
_time_78_78_1__,422904.428086,211584.243251,2454.15526858,174.85
_time_78_78_1__,422905.112463,211585.578028,2453.61178254,173.8
_time_78_78_1__,422905.796839,211586.912805,2453.54034756,172.7
_time_78_78_1__,422906.481216,211588.247581,2453.53540806,172.15
_time_78_78_1__,422975.602366,211711.033715,2434.27071245,320.05
_time_78_78_1__,422976.384541,211712.313638,2433.86531236,318.75
_time_78_78_1__,422977.166716,211713.593561,2433.42147068,317.45
_time_78_78_1__,422977.948891,211714.873483,2432.93918775,316.15
_time_78_78_1__,422978.731066,211716.153406,2432.90438645,314.9
_time_78_78_1__,422979.513241,211717.433329,2432.9575278,313.65
_time_78_78_1__,422980.295416,211718.713252,2433.0353482,312.4
_time_78_78_1__,422981.077591,211719.993174,2433.07597307,311.2
_time_78_78_1__,422981.859766,211721.273097,2432.47396499,308.85
_time_78_78_1__,422982.641941,211722.55302,2431.90695398,306.4
_time_78_78_1__,422983.422577,211723.833881,2431.37805857,303.8
_time_78_78_1__,422984.201004,211725.116086,2430.93193523,301.2
_time_78_78_1__,422984.979431,211726.398292,2430.93055293,298.55
_time_78_78_1__,422985.757858,211727.680498,2430.88212284,295.95
_time_78_78_1__,422986.536285,211728.962703,2430.88659052,293.3
_time_78_78_1__,422987.314712,211730.244909,2430.81865662,290.7
_time_78_78_1__,422988.093138,211731.527115,2430.19994474,288.05
_time_78_78_1__,422988.871565,211732.80932,2429.52054787,285.4
_time_78_78_1__,422989.649992,211734.091526,2428.78046503,282.7
_time_78_78_1__,422990.428419,211735.373732,2428.30194047,280
_time_78_78_1__,422991.206846,211736.655938,2428.44095178,277.3
_time_78_78_1__,422991.985273,211737.938143,2428.51927751,274.55
_time_78_78_1__,422992.7637,211739.220349,2428.53691787,271.85
_time_78_78_1__,422993.542127,211740.502555,2428.2422678,269.1
_time_78_78_1__,422994.320554,211741.78476,2427.58107011,266.35
_time_78_78_1__,422995.098981,211743.066966,2426.97192478,263.55
_time_78_78_1__,422995.877408,211744.349172,2426.27645759,260.75
_time_78_78_1__,422996.655835,211745.631377,2425.84563334,257.9
_time_78_78_1__,422997.434262,211746.913583,2425.83233319,255
_time_78_78_1__,422998.212689,211748.195789,2425.91404784,252.1
_time_78_78_1__,422998.991116,211749.477995,2426.09077728,249.15
_time_78_78_1__,422999.769543,211750.7602,2425.68510428,246.2
_time_78_78_1__,423000.54797,211752.042406,2424.73218259,243.3
_time_78_78_1__,423001.326397,211753.324612,2423.83680869,240.45
_time_78_78_1__,423002.104824,211754.606817,2423.03645017,237.6
_time_78_78_1__,423002.883251,211755.889023,2422.9071644,234.8
_time_78_78_1__,423003.661678,211757.171229,2422.9600026,232
_time_78_78_1__,423004.440105,211758.453435,2422.90983336,229.3
_time_78_78_1__,423005.218532,211759.73564,2422.80622223,226.6
_time_78_78_1__,423005.996959,211761.017846,2422.30578551,224
_time_78_78_1__,423006.775386,211762.300052,2421.55668044,221.5
_time_78_78_1__,423007.553813,211763.582257,2420.68062964,219.1
_time_78_78_1__,423008.332239,211764.864463,2419.67763228,216.85
_time_78_78_1__,423009.110666,211766.146669,2419.64259281,214.75
_time_78_78_1__,423009.889093,211767.428874,2419.85049875,212.7
_time_78_78_1__,423010.66752,211768.71108,2420.08253035,210.8
_time_78_78_1__,423011.445947,211769.993286,2420.18861892,209
_time_78_78_1__,423012.224374,211771.275492,2419.18174913,207.2
_time_78_78_1__,423013.002801,211772.557697,2418.29597127,205.5
_time_78_78_1__,423013.781228,211773.839903,2417.53713914,203.75
_time_78_78_1__,423014.559655,211775.122109,2416.96327326,202
_time_78_78_1__,423015.338082,211776.404314,2416.87778674,200.25
_time_78_78_1__,423016.116509,211777.68652,2416.78535476,198.45
_time_78_78_1__,423016.894936,211778.968726,2416.82786172,196.65
_time_78_78_1__,423017.673363,211780.250931,2416.79901963,194.75
_time_78_78_1__,423018.45179,211781.533137,2415.89835829,192.85
_time_78_78_1__,423019.230217,211782.815343,2414.86675431,190.85
_time_78_78_1__,423020.008644,211784.097549,2413.70600373,188.8
_time_78_78_1__,423020.787071,211785.379754,2413.09493527,186.7
_time_78_78_1__,423021.565498,211786.66196,2413.36441083,184.5
_time_78_78_1__,423022.343925,211787.944166,2413.50294376,182.3
_time_78_78_1__,423023.122352,211789.226371,2413.51053393,180
_time_78_78_1__,423023.900779,211790.508577,2413.05853393,177.7
_time_78_78_1__,423024.679206,211791.790783,2412.15854429,175.35
_time_78_78_1__,423025.457633,211793.072989,2411.35228109,173
_time_78_78_1__,423026.23606,211794.355194,2410.43977716,170.65
_time_78_78_1__,423027.014487,211795.6374,2409.88590516,168.3
_time_78_78_1__,423027.800344,211796.914947,2409.89599014,165.95
_time_78_78_1__,423028.615221,211798.174303,2410.03381578,163.7
_time_78_78_1__,423029.430098,211799.433658,2410.31038129,161.45
_time_78_78_1__,423030.244975,211800.693013,2409.80436952,159.25
_time_78_78_1__,423031.059852,211801.952368,2408.5592259,157.1
_time_78_78_1__,423031.984089,211803.130704,2407.49938264,155.05
_time_78_78_1__,423032.951483,211804.277067,2406.60626022,153
_time_78_78_1__,423033.918878,211805.42343,2406.15087872,150.95
_time_78_78_1__,423034.886273,211806.569793,2406.13211377,148.8
_time_78_78_1__,423035.853667,211807.716155,2405.98830684,146.6
_time_78_78_1__,423036.821062,211808.862518,2405.98007347,144.2
_time_78_78_1__,423037.788457,211810.008881,2406.11342221,141.75
_time_78_78_1__,423038.755851,211811.155244,2405.17234361,139.15
_time_78_78_1__,423039.723246,211812.301606,2404.07867205,136.4
_time_78_78_1__,423040.690641,211813.447969,2402.92376893,133.55
_time_78_78_1__,423041.658036,211814.594332,2401.9121519,130.55
_time_78_78_1__,423042.62543,211815.740694,2401.71109332,127.4
_time_78_78_1__,423043.592825,211816.887057,2401.77277764,124.1
_time_78_78_1__,423044.56022,211818.03342,2401.6818681,120.7
_time_78_78_1__,423045.527614,211819.179783,2401.55529398,117.15
_time_78_78_1__,423046.495009,211820.326145,2401.35147615,113.5
_time_78_78_1__,423047.462404,211821.472508,2400.39882297,109.85
_time_78_78_1__,423048.429798,211822.618871,2399.26873227,106.25
_time_78_78_1__,423049.397193,211823.765233,2397.96120468,102.75
_time_78_78_1__,423050.364588,211824.911596,2396.61690379,99.45
_time_78_78_1__,423051.331983,211826.057959,2396.84047822,96.35
_time_78_78_1__,423052.299377,211827.204322,2397.00627271,93.5
_time_78_78_1__,423053.266772,211828.350684,2396.99462924,90.9
_time_78_78_1__,423054.234167,211829.497047,2396.80554826,88.55
_time_78_78_1__,423055.201561,211830.64341,2396.09632872,86.4
_time_78_78_1__,423056.168956,211831.789773,2395.16847048,84.5
_time_78_78_1__,423057.136351,211832.936135,2394.04188368,82.8
_time_78_78_1__,423058.103746,211834.082498,2392.71656674,81.3
_time_78_78_1__,423059.07114,211835.228861,2391.50961944,80
_time_78_78_1__,423060.038535,211836.375223,2391.62135872,78.85
_time_78_78_1__,423061.00593,211837.521586,2391.91240246,77.85
_time_78_78_1__,423061.973324,211838.667949,2392.00471714,76.95
_time_78_78_1__,423062.940719,211839.814312,2391.8983022,76.1
_time_78_78_1__,423063.908114,211840.960674,2390.74810136,75.3
_time_78_78_1__,423064.875508,211842.107037,2389.60109875,74.5
_time_78_78_1__,423065.842903,211843.2534,2388.51050494,73.65
_time_78_78_1__,423066.810298,211844.399762,2387.20415327,72.75
_time_78_78_1__,423067.777693,211845.546125,2386.35293815,71.75
_time_78_78_1__,423068.745087,211846.692488,2386.35139587,70.7
_time_78_78_1__,423069.712482,211847.838851,2386.57165031,69.6
_time_78_78_1__,423070.679877,211848.985213,2386.81174892,68.45
_time_78_78_1__,423071.647271,211850.131576,2386.63681412,67.25
_time_78_78_1__,423072.614666,211851.277939,2385.14726341,66
_time_78_78_1__,423073.582061,211852.424302,2383.87950986,64.75
_time_78_78_1__,423074.549455,211853.570664,2382.83355431,63.45
_time_78_78_1__,423075.51685,211854.717027,2381.78314925,62.05
_time_78_78_1__,423076.484245,211855.86339,2381.23348851,60.65
_time_78_78_1__,423077.45164,211857.009752,2381.11579253,59.25
_time_78_78_1__,423078.419034,211858.156115,2381.21722989,57.8
_time_78_78_1__,423079.386429,211859.302478,2381.53779996,56.4
_time_78_78_1__,423080.353824,211860.448841,2381.20162114,54.95
_time_78_78_1__,423081.321218,211861.595203,2379.69193858,53.55
_time_78_78_1__,423082.288613,211862.741566,2378.40138754,52.15
_time_78_78_1__,423083.256008,211863.887929,2377.32996951,50.7
_time_78_78_1__,423084.223402,211865.034291,2376.50243938,49.3
_time_78_78_1__,423085.190797,211866.180654,2376.42537739,47.95
_time_78_78_1__,423086.158192,211867.327017,2376.18298001,46.55
_time_78_78_1__,423087.125587,211868.47338,2376.16770812,45.15
_time_78_78_1__,423088.092981,211869.619742,2376.37956145,43.8
_time_78_78_1__,423089.060376,211870.766105,2375.78041048,43.1
_time_78_78_1__,423090.027771,211871.912468,2374.52524361,42.45
_time_78_78_1__,423090.995165,211873.058831,2373.1577683,41.8
_time_78_78_1__,423091.96256,211874.205193,2372.01741899,41.2
_time_78_78_1__,423092.929955,211875.351556,2371.42880179,40.55
_time_78_78_1__,423093.897349,211876.497919,2371.51601716,39.9
_time_78_78_1__,423094.864744,211877.644281,2371.39386809,39.25
time_80_,423295.943286,211649.075587,2444.79608288,17.2
time_80_,423294.697954,211648.239436,2444.53943109,17.55
time_80_,423293.452622,211647.403285,2444.14593659,17.85
time_80_,423292.20729,211646.567133,2444.0514867,18.2
time_80_,423290.961959,211645.730982,2444.2560809,18.5
time_80_,423289.716627,211644.894831,2444.53713235,18.85
time_80_,423288.471295,211644.05868,2444.29358133,19.15
time_80_,423287.225964,211643.222528,2444.34907591,19.5
time_80_,423285.980632,211642.386377,2444.70361335,20.15
time_80_,423284.7353,211641.550226,2445.30361439,20.75
time_80_,423283.489969,211640.714074,2445.66729986,21.4
time_80_,423282.244637,211639.877923,2445.70420216,22.05
time_80_,423280.999305,211639.041772,2445.36792558,22.7
time_80_,423279.699297,211638.297915,2445.26548217,23.35
time_80_,423278.367665,211637.607439,2445.27271925,24.1
time_80_,423277.036033,211636.916964,2445.0533954,24.9
time_80_,423275.704402,211636.226488,2444.60751175,25.8
time_80_,423274.37277,211635.536012,2444.23443836,26.8
time_80_,423273.041138,211634.845536,2444.3659253,28.05
time_80_,423271.709506,211634.155061,2444.59372287,29.45
time_80_,423270.377874,211633.464585,2444.56628108,31.05
time_80_,423269.046243,211632.774109,2444.21947545,32.8
time_80_,423267.714611,211632.083634,2444.02503516,34.75
time_80_,423266.382979,211631.393158,2444.07996273,36.85
time_80_,423265.051347,211630.702682,2444.38425788,39.25
time_80_,423263.719715,211630.012206,2444.23760199,42
time_80_,423262.388084,211629.321731,2443.70827135,44.95
time_80_,423261.056452,211628.631255,2443.37474805,48.1
time_80_,423259.72482,211627.940779,2443.27019051,51.4
time_80_,423258.393188,211627.250303,2443.22627745,54.85
time_80_,423257.061556,211626.559828,2442.98008297,58.4
time_80_,423255.729925,211625.869352,2442.53160813,62.1
time_80_,423254.398293,211625.178876,2442.19203021,65.85
time_80_,423253.066661,211624.4884,2442.51688619,69.6
time_80_,423251.735029,211623.797925,2442.84155613,73.25
time_80_,423250.403397,211623.107449,2443.04781032,76.95
time_80_,423249.071766,211622.416973,2443.12493527,80.65
time_80_,423247.740134,211621.726497,2443.29430257,84.3
time_80_,423246.408502,211621.036022,2443.59900221,88
time_80_,423245.07687,211620.345546,2444.03903543,91.55
time_80_,423243.745238,211619.65507,2444.14418318,94.9
time_80_,423242.413607,211618.964594,2444.01886107,98.2
time_80_,423241.081975,211618.274119,2443.94576116,101.5
time_80_,423239.750343,211617.583643,2443.92606982,104.75
time_80_,423238.418711,211616.893167,2443.9017278,108
time_80_,423237.087079,211616.202691,2443.82516333,111.2
time_80_,423235.755448,211615.512216,2443.69637652,114.35
time_80_,423234.423816,211614.82174,2443.74011683,117.5
time_80_,423233.092184,211614.131264,2444.25331185,120.6
time_80_,423231.760552,211613.440788,2444.72015675,123.75
time_80_,423230.42892,211612.750313,2445.14065085,126.9
time_80_,423229.097289,211612.059837,2445.54003711,130.05
time_80_,423227.765657,211611.369361,2445.97851345,133.25
time_80_,423226.435508,211610.676062,2446.46033652,136.45
time_80_,423225.111388,211609.971289,2446.97005131,139.7
time_80_,423223.787268,211609.266515,2446.87477463,142.95
time_80_,423222.463148,211608.561742,2446.80372955,146.3
time_80_,423221.139028,211607.856968,2446.76702355,149.65
time_80_,423219.814907,211607.152194,2446.76228769,153.05
time_80_,423218.490787,211606.447421,2446.73817425,156.45
time_80_,423217.166667,211605.742647,2446.67972185,159.95
time_80_,423215.842547,211605.037873,2446.58693042,163.45
time_80_,423214.518427,211604.3331,2446.97616977,167
time_80_,423213.194307,211603.628326,2447.4499137,170.6
time_80_,423211.870187,211602.923553,2447.90424556,174.25
time_80_,423210.546067,211602.218779,2448.33916671,177.95
time_80_,423209.221946,211601.514005,2448.77346379,181.65
time_80_,423207.897826,211600.809232,2449.22879284,185.4
time_80_,423206.573706,211600.104458,2449.69905018,189.15
time_80_,423205.148318,211599.985872,2449.77004132,192.95
time_80_,423203.664492,211600.205556,2449.58681958,196.8
time_80_,423202.180667,211600.425239,2449.39325705,200.6
time_80_,423200.696841,211600.644922,2449.20386463,204.45
time_80_,423199.213015,211600.864606,2449.03836926,208.25
time_80_,423197.729189,211601.084289,2448.8905227,212.1
time_80_,423196.245363,211601.303972,2448.74163201,215.9
time_80_,423194.761537,211601.523656,2448.58663587,219.7
time_80_,423193.277711,211601.743339,2448.40734848,223.5
time_80_,423191.793885,211601.963022,2448.23249864,227.25
time_80_,423190.31006,211602.182706,2448.06208571,231
time_80_,423188.826234,211602.402389,2447.9292562,234.65
time_80_,423187.342408,211602.622072,2447.80821157,238.3
time_80_,423185.858582,211602.841756,2447.6900313,241.85
time_80_,423184.374756,211603.061439,2447.55321352,245.35
time_80_,423182.89093,211603.281122,2447.39270093,248.75
time_80_,423181.407104,211603.500805,2447.23922983,252.1
time_80_,423179.923278,211603.720489,2447.09477426,255.3
time_80_,423178.439452,211603.940172,2446.99097058,258.45
time_80_,423176.955627,211604.159855,2446.88925514,261.45
time_80_,423175.471801,211604.379539,2446.78962743,264.35
time_80_,423173.987975,211604.599222,2446.6711787,267.1
time_80_,423172.504149,211604.818905,2446.55142591,269.7
time_80_,423171.020323,211605.038589,2446.45953052,272.2
time_80_,423169.536497,211605.258272,2446.45018173,274.55
time_80_,423168.052671,211605.477955,2446.42858241,276.8
time_80_,423166.568845,211605.697639,2446.4088103,278.85
time_80_,423165.08502,211605.917322,2446.39086543,280.8
time_80_,423163.601194,211606.137005,2446.37971929,282.65
time_80_,423162.117368,211606.356688,2446.364877,284.35
time_80_,423160.633542,211606.576372,2446.34586454,285.95
time_80_,423159.149716,211606.796055,2446.31502468,287.45
time_80_,423157.66589,211607.015738,2446.28086907,288.85
time_80_,423156.182064,211607.235422,2446.25088359,290.15
time_80_,423154.698238,211607.455105,2446.21960557,291.4
time_80_,423153.214413,211607.674788,2446.16309688,292.6
time_80_,423151.730587,211607.894472,2446.09745836,293.75
time_80_,423150.246761,211608.114155,2446.02269013,294.85
time_80_,423148.762935,211608.333838,2445.96768253,295.95
time_80_,423147.279109,211608.553522,2445.92604922,297
time_80_,423145.795283,211608.773205,2445.89354571,298.1
time_80_,423144.311457,211608.992888,2445.8150171,299.15
time_80_,423142.827631,211609.212572,2445.66397025,300.25
time_80_,423141.343805,211609.432255,2445.49754164,301.35
time_80_,423139.85998,211609.651938,2445.32994965,302.45
time_80_,423138.376154,211609.871621,2445.30026524,303.6
time_80_,423136.892328,211610.091305,2445.26022856,304.8
time_80_,423135.408502,211610.310988,2445.18130678,306
time_80_,423133.924676,211610.530671,2444.95308924,307.2
time_80_,423132.44085,211610.750355,2444.68793504,308.45
time_80_,423130.957024,211610.970038,2444.4428615,309.75
time_80_,423129.473198,211611.189721,2444.26464918,311.05
time_80_,423127.989373,211611.409405,2444.16729499,312.4
time_80_,423126.505547,211611.629088,2444.05429182,313.7
time_80_,423125.021721,211611.848771,2443.92563948,315.05
time_80_,423123.537895,211612.068455,2443.70646797,316.4
time_80_,423122.054069,211612.288138,2443.50833544,317.8
time_80_,423120.570243,211612.507821,2443.33263254,319.15
time_80_,423119.086417,211612.727505,2443.17603229,320.5
time_80_,423117.602591,211612.947188,2443.00586546,321.8
time_80_,423116.118765,211613.166871,2442.81614034,323.15
time_80_,423114.63494,211613.386554,2442.62156489,324.45
time_80_,423113.151114,211613.606238,2442.48012327,325.7
time_80_,423111.667288,211613.825921,2442.3634545,327
time_80_,423110.183462,211614.045604,2442.27155827,328.2
time_80_,423108.699636,211614.265288,2442.0588538,329.45
time_80_,423107.21581,211614.484971,2441.80708415,330.6
time_80_,423105.731984,211614.704654,2441.53393537,331.8
time_80_,423104.248158,211614.924338,2441.35863303,332.95
time_80_,423102.764333,211615.144021,2441.32862354,334.05
time_80_,423101.280507,211615.363704,2441.29192101,335.15
time_80_,423099.796681,211615.583388,2441.20425584,336.25
time_80_,423098.312855,211615.803071,2440.9450031,337.3
time_80_,423096.829029,211616.022754,2440.70896309,338.4
time_80_,423095.345203,211616.242438,2440.4961358,339.45
time_80_,423093.861377,211616.462121,2440.39734075,340.5
time_80_,423092.377551,211616.681804,2440.31057421,341.6
time_80_,423090.893726,211616.901487,2440.20320533,342.65
time_80_,423089.4099,211617.121171,2440.06110494,343.8
time_80_,423087.926074,211617.340854,2439.90579938,344.9
time_80_,423086.442248,211617.560537,2439.77109622,346.1
time_80_,423084.958422,211617.780221,2439.65690706,347.3
time_80_,423083.474596,211617.999904,2439.54095228,348.55
time_80_,423081.99077,211618.219587,2439.40804953,349.8
time_80_,423080.506944,211618.439271,2439.2581987,351.15
time_80_,423079.023118,211618.658954,2439.15026353,352.55
time_80_,423077.60916,211619.082138,2439.07226648,354
time_80_,423076.303316,211619.820224,2439.01610078,355.55
time_80_,423074.997471,211620.558309,2438.87920788,357.15
time_80_,423073.691627,211621.296395,2438.63493457,358.8
time_80_,423072.385783,211622.034481,2438.41919951,360.5
time_80_,423071.079939,211622.772567,2438.23200272,362.3
time_80_,423069.774094,211623.510653,2438.06944183,364.15
time_80_,423068.46825,211624.248739,2437.88736301,366.05
time_80_,423067.162406,211624.986825,2437.68369224,368.05
time_80_,423065.856561,211625.724911,2437.60107588,370.05
time_80_,423064.550717,211626.462997,2437.56084812,372.1
time_80_,423063.244873,211627.201082,2437.56469894,374.2
time_80_,423061.939029,211627.939168,2437.57086519,376.35
time_80_,423060.633184,211628.677254,2437.57934688,378.5
time_80_,423059.32734,211629.41534,2437.5870489,380.65
time_80_,423058.021496,211630.153426,2437.5651538,382.8
time_80_,423056.715652,211630.891512,2437.45079697,384.95
time_80_,423055.409807,211631.629598,2437.3457019,387.1
time_80_,423054.103963,211632.367684,2437.27646013,389.2
time_80_,423052.798119,211633.105769,2437.19548781,391.25
time_80_,423051.492275,211633.843855,2437.08445228,393.25
time_80_,423050.18643,211634.581941,2436.94335368,395.2
time_80_,423048.880586,211635.320027,2436.94854131,397.05
time_80_,423047.574742,211636.058113,2437.06386592,398.85
time_80_,423046.268898,211636.796199,2437.1514429,400.5
time_80_,423044.963053,211637.534285,2437.21217103,402.1
time_80_,423043.657209,211638.272371,2437.31367739,403.55
time_80_,423042.351365,211639.010457,2437.46068307,404.95
time_80_,423041.045521,211639.748542,2437.65318798,406.2
time_80_,423039.739676,211640.486628,2437.68389879,407.3
time_80_,423038.433832,211641.224714,2437.54035594,408.3
time_80_,423037.127988,211641.9628,2437.43613791,409.2
time_80_,423035.822144,211642.700886,2437.3712447,409.95
time_80_,423034.516299,211643.438972,2437.33530077,410.55
time_80_,423033.210455,211644.177058,2437.25288893,411.05
time_80_,423031.904611,211644.915144,2437.11033215,411.45
time_80_,423030.598767,211645.65323,2437.1682805,411.7
time_80_,423029.292922,211646.391315,2437.34868484,411.85
time_80_,423027.987078,211647.129401,2437.53681105,411.85
time_80_,423026.681234,211647.867487,2437.67251044,411.8
time_80_,423025.375389,211648.605573,2437.75578305,411.65
time_80_,423024.069545,211649.343659,2437.91064596,411.4
time_80_,423022.763701,211650.081745,2438.14356165,411.05
time_80_,423021.457857,211650.819831,2438.19338878,410.6
time_80_,423020.152012,211651.557917,2438.17614359,410.1
time_80_,423018.846168,211652.296002,2438.07335056,409.55
time_80_,423017.540324,211653.034088,2438.02595174,408.95
time_80_,423016.234236,211653.771743,2438.04419993,408.35
time_80_,423014.927955,211654.509055,2438.11822296,407.65
time_80_,423013.621674,211655.246368,2438.07024586,406.95
time_80_,423012.315393,211655.98368,2438.13928242,406.25
time_80_,423011.009112,211656.720993,2438.2661073,405.55
time_80_,423009.70283,211657.458305,2438.45146381,404.85
time_80_,423008.396549,211658.195618,2438.62619844,404.15
time_80_,423007.090268,211658.93293,2438.74314473,403.4
time_80_,423005.783987,211659.670243,2438.80230284,402.7
time_80_,423004.477706,211660.407555,2438.82642217,402
time_80_,423003.171425,211661.144868,2438.86312442,401.3
time_80_,423001.865144,211661.88218,2438.85592128,400.6
time_80_,423000.558863,211662.619493,2438.80481246,399.9
time_80_,422999.252582,211663.356805,2438.7139018,399.15
time_80_,422997.946301,211664.094118,2438.63603857,398.4
time_80_,422996.64002,211664.83143,2438.5828183,397.6
time_80_,422995.333739,211665.568743,2438.6409928,396.75
time_80_,422994.027457,211666.306055,2438.66042068,395.8
time_80_,422992.721176,211667.043368,2438.66177652,394.8
time_80_,422991.414895,211667.78068,2438.66390362,393.75
time_80_,422990.108614,211668.517993,2438.66680198,392.6
time_80_,422988.802333,211669.255305,2438.66878814,391.35
time_80_,422987.496052,211669.992618,2438.6699145,390
time_80_,422986.189771,211670.72993,2438.52788879,388.6
time_80_,422984.88349,211671.467243,2438.36749642,387.1
time_80_,422983.577209,211672.204555,2438.21417814,385.5
time_80_,422982.270928,211672.941868,2438.06163092,383.8
time_80_,422980.964647,211673.67918,2437.90985517,382.05
time_80_,422979.658365,211674.416493,2437.74927909,380.25
time_80_,422978.352084,211675.153805,2437.58389042,378.4
time_80_,422977.045803,211675.891118,2437.53374908,376.5
time_80_,422975.739522,211676.62843,2437.49592914,374.55
time_80_,422974.433241,211677.365743,2437.46657241,372.6
time_80_,422973.12696,211678.103055,2437.42185901,370.65
time_80_,422971.820679,211678.840368,2437.35788284,368.7
time_80_,422970.514398,211679.57768,2437.27464396,366.7
time_80_,422969.208117,211680.314993,2437.1817666,364.8
time_80_,422967.901836,211681.052305,2437.06011853,362.85
time_80_,422966.595555,211681.789618,2436.92614892,360.95
time_80_,422965.289274,211682.52693,2436.77985809,359.05
time_80_,422963.982992,211683.264243,2436.62341409,357.15
time_80_,422962.676711,211684.001555,2436.48472441,355.3
time_80_,422961.37043,211684.738868,2436.36683984,353.4
time_80_,422960.064149,211685.47618,2436.31125693,351.5
time_80_,422958.757868,211686.213493,2436.24382753,349.5
time_80_,422957.451587,211686.950805,2436.18974415,347.45
time_80_,422956.145306,211687.688118,2436.151086,345.3
time_80_,422954.839025,211688.42543,2436.12547262,343
time_80_,422953.532744,211689.162743,2436.08103226,340.55
time_80_,422952.226463,211689.900055,2436.02118549,337.95
time_80_,422950.920182,211690.637368,2435.91106213,335.15
time_80_,422949.613901,211691.37468,2435.8167964,332.1
time_80_,422948.307619,211692.111993,2435.73954673,328.8
time_80_,422947.001338,211692.849305,2435.65072821,325.25
time_80_,422945.695057,211693.586618,2435.55034067,321.4
time_80_,422944.388776,211694.32393,2435.45177935,317.3
time_80_,422943.082495,211695.061243,2435.37917867,312.95
time_80_,422941.776214,211695.798555,2435.36444665,308.4
time_80_,422940.469933,211696.535868,2435.33816448,303.6
time_80_,422939.163652,211697.27318,2435.2980573,298.65
time_80_,422937.857371,211698.010493,2435.26406682,293.55
time_80_,422936.55109,211698.747805,2435.24162648,288.4
time_80_,422935.244809,211699.485118,2435.23073626,283.2
time_80_,422933.938528,211700.22243,2435.17477547,277.95
time_80_,422932.632246,211700.959743,2435.04590082,272.75
time_80_,422931.325965,211701.697055,2434.92549141,267.6
time_80_,422930.019684,211702.434368,2434.81354694,262.55
time_80_,422928.713403,211703.17168,2434.70733407,257.6
time_80_,422927.407122,211703.908993,2434.59501941,252.85
time_80_,422926.100841,211704.646305,2434.47653479,248.2
time_80_,422924.79456,211705.383618,2434.40962888,243.8
time_80_,422923.594288,211706.280256,2434.40344454,239.55
time_80_,422922.409612,211707.200334,2434.38942874,235.5
time_80_,422921.224937,211708.120412,2434.36757863,231.55
time_80_,422920.040261,211709.04049,2434.33789416,227.8
time_80_,422918.855585,211709.960568,2434.32061473,224.1
time_80_,422917.67091,211710.880646,2434.1627091,220.55
time_80_,422916.486234,211711.800724,2433.99403318,217.05
time_80_,422915.301559,211712.720802,2433.82099302,213.6
time_80_,422914.116883,211713.64088,2433.64425867,210.25
time_80_,422912.932207,211714.560958,2433.47633872,206.9
time_80_,422911.747532,211715.481036,2433.39114756,203.65
time_80_,422910.562856,211716.401114,2433.36511417,200.4
time_80_,422909.37818,211717.321192,2433.32563787,197.2
time_80_,422908.193505,211718.24127,2433.29143811,194
time_80_,422907.008829,211719.161348,2433.26943689,190.8
time_80_,422905.824153,211720.081426,2433.24065395,187.65
time_80_,422904.639478,211721.001504,2433.00323816,184.55
time_80_,422903.454802,211721.921582,2432.74743428,181.45
time_80_,422902.270126,211722.841661,2432.51343007,178.4
time_80_,422901.085451,211723.761739,2432.30122598,175.4
time_80_,422899.900775,211724.681817,2432.10574793,172.4
time_80_,422898.716099,211725.601895,2431.94962331,169.45
time_80_,422897.531424,211726.521973,2431.86215411,166.55
time_80_,422896.346748,211727.442051,2431.79997614,163.6
time_80_,422895.162072,211728.362129,2431.76308944,160.7
time_80_,422893.977397,211729.282207,2431.68294967,157.75
time_80_,422892.792721,211730.202285,2431.51377685,154.8
time_80_,422891.608046,211731.122363,2431.19633684,151.8
time_80_,422890.42337,211732.042441,2430.91725943,148.8
time_80_,422889.238694,211732.962519,2430.65512146,145.7
time_80_,422888.054019,211733.882597,2430.34924811,142.55
time_80_,422886.869343,211734.802675,2429.99628354,139.35
time_80_,422885.684667,211735.722753,2429.80325019,136.1
time_80_,422884.499992,211736.642831,2429.71534738,132.75
time_80_,422883.315316,211737.562909,2429.61045948,129.45
time_80_,422882.13064,211738.482987,2429.44017193,126.05
time_80_,422880.945965,211739.403065,2429.20448485,122.7
time_80_,422879.761289,211740.323143,2428.91836541,119.4
time_80_,422878.576613,211741.243221,2428.66731106,116.2
time_80_,422877.391938,211742.163299,2428.34651418,113.05
time_80_,422876.207262,211743.083377,2427.95597465,110.1
time_80_,422875.022586,211744.003456,2427.49569214,107.2
time_80_,422873.837911,211744.923534,2427.14530143,104.5
time_80_,422872.653235,211745.843612,2427.04249284,101.95
time_80_,422871.468559,211746.76369,2426.87590924,100.45
time_80_,422870.283884,211747.683768,2426.62385059,99.05
time_80_,422869.099208,211748.603846,2426.36429052,97.7
time_80_,422867.914533,211749.523924,2426.19429658,96.4
time_80_,422866.729857,211750.444002,2425.97580608,95.2
time_80_,422865.545181,211751.36408,2425.57372813,94.1
time_80_,422864.360506,211752.284158,2425.07110037,93.1
time_83_,423103.312829,211756.514357,2407.82570687,159.8
time_83_,423101.998367,211757.236984,2408.11192487,160.05
time_83_,423100.683905,211757.959611,2408.52886072,160.25
time_83_,423099.369443,211758.682239,2408.97392545,160.5
time_83_,423098.054981,211759.404866,2409.2450147,160.7
time_83_,423096.74052,211760.127493,2409.26863985,160.95
time_83_,423095.426058,211760.85012,2408.78331243,161.2
time_83_,423094.111596,211761.572747,2408.53201525,161.4
time_83_,423092.797134,211762.295374,2408.24322542,161.85
time_83_,423091.482672,211763.018001,2407.83362454,162.3
time_83_,423090.16821,211763.740628,2407.30321261,162.75
time_83_,423088.853748,211764.463255,2406.98527381,163.2
time_83_,423087.539286,211765.185882,2407.02006011,163.65
time_83_,423086.224824,211765.908509,2407.5451206,164.15
time_83_,423084.910362,211766.631136,2407.91962148,164.6
time_83_,423083.5959,211767.353763,2408.12937936,165
time_83_,423082.281439,211768.07639,2408.46529108,165.45
time_83_,423080.966977,211768.799017,2408.92735699,165.8
time_83_,423079.652515,211769.521645,2409.42227768,166.2
time_83_,423078.338053,211770.244272,2409.37716866,166.55
time_83_,423077.023591,211770.966899,2408.90158888,166.85
time_83_,423075.709129,211771.689526,2408.56811793,167.15
time_83_,423074.394667,211772.412153,2408.3677767,167.4
time_83_,423073.080205,211773.13478,2408.10647055,167.7
time_83_,423071.765743,211773.857407,2407.72359272,167.9
time_83_,423070.451281,211774.580034,2407.2191432,168.1
time_83_,423069.136819,211775.302661,2407.25764494,168.3
time_83_,423067.822357,211776.025288,2407.82933509,168.4
time_83_,423066.507896,211776.747915,2408.26880444,168.5
time_83_,423065.193434,211777.470542,2408.5760535,168.55
time_83_,423063.878972,211778.193169,2408.84778239,168.6
time_83_,423062.56451,211778.915796,2409.24332286,168.55
time_83_,423061.250048,211779.638424,2409.76499906,168.55
time_83_,423059.935586,211780.361051,2409.97131506,168.5
time_83_,423058.621124,211781.083678,2409.47659164,168.4
time_83_,423057.306662,211781.806305,2409.11939468,168.3
time_83_,423055.9922,211782.528932,2408.89972418,168.15
time_83_,423054.677738,211783.251559,2408.77756108,168
time_83_,423053.363276,211783.974186,2408.50886316,167.7
time_83_,423052.048815,211784.696813,2408.11933563,167.35
time_83_,423050.734353,211785.41944,2408.04016755,166.9
time_83_,423049.419891,211786.142067,2408.45410733,166.4
time_83_,423048.105429,211786.864694,2408.9457384,165.75
time_83_,423046.790967,211787.587321,2409.30969416,165.05
time_83_,423045.476505,211788.309948,2409.54597461,164.3
time_83_,423044.162043,211789.032575,2409.82310667,163.45
time_83_,423042.847581,211789.755203,2410.27558017,162.55
time_83_,423041.533119,211790.47783,2410.39870433,161.55
time_83_,423040.218657,211791.200457,2410.20596596,160.5
time_83_,423038.904195,211791.923084,2409.80527327,159.35
time_83_,423037.589734,211792.645711,2409.49333597,158.1
time_83_,423036.275272,211793.368338,2409.30755284,156.75
time_83_,423034.96081,211794.090965,2409.23975667,155.35
time_83_,423033.646348,211794.813592,2408.89931252,153.9
time_83_,423032.331886,211795.536219,2408.88675058,152.45
time_83_,423031.017424,211796.258846,2409.12893652,151
time_83_,423029.702962,211796.981473,2409.52036294,149.5
time_83_,423028.3885,211797.7041,2409.95409388,147.95
time_83_,423027.073464,211798.425681,2410.25932186,146.45
time_83_,423025.75821,211799.146866,2410.43625461,144.9
time_83_,423024.442956,211799.86805,2410.64702654,143.3
time_83_,423023.127702,211800.589235,2410.67288068,141.7
time_83_,423021.812448,211801.310419,2410.50209322,140.05
time_83_,423020.497194,211802.031604,2410.21444184,138.45
time_83_,423019.18194,211802.752789,2409.82729025,136.8
time_83_,423017.866687,211803.473973,2409.51783436,135.2
time_83_,423016.551433,211804.195158,2409.31840494,133.55
time_83_,423015.236179,211804.916342,2409.2290032,131.9
time_83_,423013.920925,211805.637527,2409.28467242,130.3
time_83_,423012.605671,211806.358711,2409.41396261,128.7
time_83_,423011.290417,211807.079896,2409.63886657,127.1
time_83_,423009.975163,211807.801081,2409.95863048,125.6
time_83_,423008.659909,211808.522265,2410.23742552,124.15
time_83_,423007.344655,211809.24345,2410.4206071,122.8
time_83_,423006.029402,211809.964634,2410.5081749,121.45
time_83_,423004.714148,211810.685819,2410.15569948,120.2
time_83_,423003.398894,211811.407004,2409.91460855,118.95
time_83_,423002.08364,211812.128188,2409.59611587,117.75
time_83_,423000.768386,211812.849373,2409.20022006,116.5
time_83_,422999.453132,211813.570557,2408.77078746,115.3
time_83_,422998.137878,211814.291742,2408.43248172,114.05
time_83_,422996.822624,211815.012926,2408.17736499,112.8
time_83_,422995.50737,211815.734111,2408.44605373,111.5
time_83_,422994.192116,211816.455296,2408.57093805,110.2
time_83_,422992.876863,211817.17648,2408.69081542,108.9
time_83_,422991.561609,211817.897665,2408.87670172,107.5
time_83_,422990.246355,211818.618849,2409.12859672,105.95
time_83_,422988.931101,211819.340034,2409.30963064,104.2
time_83_,422987.615847,211820.061219,2409.35826445,102.3
time_83_,422986.300593,211820.782403,2408.90479569,100.25
time_83_,422984.985339,211821.503588,2408.52052235,98.15
time_83_,422983.670085,211822.224772,2408.21876304,96
time_83_,422982.354831,211822.945957,2407.85401405,93.95
time_83_,422981.039578,211823.667141,2407.42627666,91.9
time_83_,422979.724324,211824.388326,2406.97157156,89.9
time_83_,422978.40907,211825.109511,2406.75648902,87.95
time_83_,422977.093816,211825.830695,2407.02973696,86.1
time_83_,422975.778562,211826.55188,2407.2377172,84.2
time_83_,422974.463308,211827.273064,2407.35643063,82.35
time_83_,422973.148054,211827.994249,2407.44986284,80.5
time_83_,422971.8328,211828.715433,2407.58427493,78.65
time_83_,422970.517546,211829.436618,2407.75966702,76.9
time_83_,422969.202293,211830.157803,2407.76695411,75.25
time_83_,422967.887039,211830.878987,2407.31906767,73.75
time_83_,422966.571785,211831.600172,2406.9098818,72.25
time_83_,422965.256531,211832.321356,2406.53939775,70.75
time_83_,422963.941277,211833.042541,2406.16426379,69.25
time_83_,422962.626023,211833.763726,2405.76392506,67.7
time_83_,422961.310769,211834.48491,2405.34311549,66.05
time_83_,422959.995515,211835.206095,2405.04012785,64.4
time_83_,422958.680261,211835.927279,2405.12613409,62.65
time_83_,422957.365007,211836.648464,2405.19392913,60.85
time_83_,422956.049754,211837.369648,2405.24351287,59.05
time_83_,422954.7345,211838.090833,2405.26969096,57.25
time_83_,422953.419246,211838.812018,2405.26760683,55.45
time_83_,422952.103992,211839.533202,2405.26476313,53.65
time_83_,422950.788738,211840.254387,2405.11904924,51.85
time_83_,422949.473484,211840.975571,2404.71450313,50.05
time_83_,422948.15823,211841.696756,2404.31481477,48.25
time_83_,422946.842976,211842.41794,2403.91816527,47.35
time_83_,422945.527722,211843.139125,2403.52455351,46.45
time_83_,422944.212469,211843.86031,2403.12301063,45.55
time_83_,422942.897215,211844.581494,2402.72503469,44.6
time_83_,422941.581961,211845.302679,2402.49792884,43.7
time_83_,422940.266707,211846.023863,2402.49029805,42.8
time_83_,422938.951453,211846.745048,2402.47569987,41.15
